patient_id,age,sex,heart_rate,systolic_bp,diastolic_bp,body_temperature,spo2,respiratory_rate,bmi,blood_glucose,cholesterol_total,troponin_level,crp,creatinine,history_hypertension,history_diabetes,smoking_status,risk_score,risk_category,risk_label
SYN-06579,28,0,68,132,81,36.4,98.7,19,32.7,196,199,0.015,0.8,0.9,0,1,0,0.0584,Low,0
SYN-04704,58,1,98,161,95,36.9,99.3,14,30.1,90,191,0.011,1.0,1.59,1,0,0,0.2582,Low,0
SYN-01385,26,1,61,114,77,37.2,97.7,18,27.5,106,192,0.004,0.5,1.14,0,0,0,0.0059,Low,0
SYN-03267,18,0,62,112,67,36.7,99.4,16,25.5,103,204,0.006,0.5,0.96,0,0,0,0.0023,Low,0
SYN-01655,50,0,61,128,73,37.4,98.5,18,25.5,172,236,0.001,0.4,1.53,0,1,0,0.0712,Low,0
SYN-08386,59,0,59,135,86,36.2,98.5,11,28.9,84,263,0.006,5.1,1.49,0,0,0,0.0441,Low,0
SYN-05360,52,1,75,126,68,36.4,98.9,18,24.7,90,257,0.015,0.2,1.1,0,0,0,0.0454,Low,0
SYN-02642,53,1,82,163,98,36.9,98.3,16,34.2,94,259,0.019,1.5,1.27,1,0,1,0.7177,High,1
SYN-06679,63,1,67,154,93,35.9,97.2,19,26.0,85,235,0.007,3.1,1.24,1,0,0,0.2061,Low,0
SYN-09180,70,1,90,149,87,37.3,97.6,17,27.0,254,207,0.006,0.2,1.58,1,1,0,0.724,High,1
SYN-04690,45,1,84,128,78,36.7,99.2,13,29.7,98,207,0.001,0.2,1.48,0,0,0,0.0216,Low,0
SYN-09728,74,1,91,161,88,36.7,98.7,15,31.0,105,282,0.001,2.4,1.52,1,0,0,0.4357,Moderate,0
SYN-07168,57,0,72,130,78,37.1,96.2,15,32.0,114,198,0.009,2.6,0.91,0,0,1,0.1024,Low,0
SYN-00526,47,0,88,125,72,38.3,97.2,19,29.5,161,220,0.005,7.8,1.59,0,1,0,0.1532,Low,0
SYN-09703,63,1,74,146,80,36.9,97.2,13,33.4,122,253,0.005,0.9,1.5,1,1,1,0.7358,High,1
SYN-05903,51,0,58,127,84,36.3,97.4,15,29.6,104,244,0.016,0.3,1.17,0,0,0,0.0392,Low,0
SYN-09838,48,0,84,109,61,36.7,98.0,18,30.1,76,234,0.001,5.1,1.07,0,0,0,0.0158,Low,0
SYN-07007,28,1,55,97,71,36.8,97.7,17,23.8,100,236,0.001,3.8,1.26,0,0,0,0.0037,Low,0
SYN-08543,50,1,80,118,70,36.8,96.6,20,18.4,100,251,1.454,0.8,1.27,0,0,1,1.0,High,1
SYN-07060,54,1,64,133,73,36.5,99.0,16,25.0,72,210,0.004,0.6,1.3,0,0,0,0.024,Low,0
SYN-08708,63,1,45,127,67,37.1,99.9,15,25.8,86,225,0.005,0.8,1.17,0,0,0,0.0236,Low,0
SYN-07994,31,1,62,100,58,36.2,96.1,20,24.8,82,212,0.004,0.9,1.09,0,0,0,0.0053,Low,0
SYN-03684,47,0,64,138,78,36.7,99.2,11,28.7,76,186,0.007,1.6,1.06,0,0,0,0.0138,Low,0
SYN-06032,80,1,80,138,75,36.4,95.7,22,25.8,96,233,0.011,0.9,1.61,0,0,1,0.5193,Moderate,1
SYN-00899,62,1,60,117,70,36.3,98.1,16,19.4,104,268,0.003,2.2,1.06,0,0,1,0.0539,Low,0
SYN-05496,60,0,82,163,89,36.6,99.2,15,35.0,208,188,0.015,2.1,1.51,1,1,0,0.6452,Moderate,1
SYN-07330,72,0,101,165,86,36.2,96.9,17,41.7,177,257,0.004,2.3,1.16,1,1,1,0.9511,High,1
SYN-01901,45,0,88,116,66,36.7,98.2,19,25.8,97,209,0.006,0.9,0.77,0,0,0,0.015,Low,0
SYN-05075,74,0,79,110,71,37.1,96.8,18,29.2,81,255,0.002,1.0,1.06,0,0,0,0.0512,Low,0
SYN-01789,59,1,77,154,83,36.7,99.4,15,33.3,205,221,0.007,1.9,1.42,1,1,0,0.5059,Moderate,1
SYN-00493,49,0,64,107,67,37.1,97.7,18,22.2,90,227,0.008,0.8,1.25,0,0,0,0.013,Low,0
SYN-07154,56,0,84,141,77,36.3,93.5,19,24.0,91,225,0.009,0.2,0.9,0,0,1,0.1538,Low,0
SYN-04508,38,1,60,112,72,37.2,98.5,16,18.9,101,174,0.009,2.1,1.23,0,0,0,0.0073,Low,0
SYN-07911,64,0,95,151,86,36.6,98.9,17,28.3,76,252,0.007,0.2,1.38,1,0,0,0.204,Low,0
SYN-09373,50,0,56,112,63,36.8,98.1,16,18.0,85,193,0.005,0.2,0.99,0,0,1,0.0132,Low,0
SYN-01470,26,1,68,139,76,36.9,97.7,18,31.6,105,233,0.026,5.0,1.27,0,0,0,0.0549,Low,0
SYN-05539,63,0,90,131,81,36.7,98.3,11,26.5,93,203,0.008,0.7,0.9,0,0,0,0.0378,Low,0
SYN-01904,52,0,91,112,71,36.6,99.0,15,25.9,84,225,0.008,2.1,1.28,0,0,0,0.0219,Low,0
SYN-00221,50,1,84,123,67,37.2,97.4,17,20.6,122,229,0.002,0.2,1.26,0,1,0,0.0537,Low,0
SYN-07299,55,1,99,142,80,38.8,91.8,25,24.7,79,188,0.003,17.8,1.35,1,0,0,0.3645,Moderate,0
SYN-02411,40,1,72,136,78,36.8,98.3,19,27.1,105,241,0.008,0.7,1.22,0,0,1,0.0722,Low,0
SYN-00500,30,0,82,134,68,36.5,97.3,16,32.5,67,185,0.007,1.6,1.4,1,0,1,0.12,Low,0
SYN-04151,48,1,96,140,78,36.5,97.1,19,27.3,96,264,0.01,9.4,1.56,1,0,0,0.2421,Low,0
SYN-09541,42,1,91,127,75,38.6,98.0,16,25.8,176,211,0.016,24.4,1.38,0,1,0,0.2754,Low,0
SYN-07712,71,0,70,109,61,37.1,96.3,18,27.0,92,211,0.016,3.7,1.31,0,0,0,0.0793,Low,0
SYN-03490,50,0,80,136,83,36.4,99.0,18,20.6,85,212,0.019,0.8,1.33,0,0,0,0.0475,Low,0
SYN-09272,51,0,87,158,84,36.6,99.6,13,22.7,74,221,0.02,0.7,1.45,1,0,0,0.1326,Low,0
SYN-00346,21,1,76,113,74,37.1,98.5,15,29.9,93,164,0.003,0.2,1.24,0,0,0,0.004,Low,0
SYN-03797,27,1,79,115,65,39.2,95.9,18,34.9,73,224,0.014,10.6,1.28,0,0,0,0.0272,Low,0
SYN-09141,62,1,87,129,82,36.8,98.3,14,17.0,79,184,0.002,0.6,1.64,0,0,0,0.0337,Low,0
SYN-01305,50,0,70,136,91,36.3,98.6,18,26.5,95,190,0.003,0.5,1.57,0,0,1,0.0624,Low,0
SYN-06663,18,0,72,98,68,36.8,99.8,24,18.8,95,185,0.015,0.4,1.46,0,0,0,0.0039,Low,0
SYN-01484,59,0,86,131,75,37.2,98.0,17,21.3,88,192,0.009,0.2,1.18,0,0,0,0.0401,Low,0
SYN-05850,53,0,91,128,82,36.6,98.4,14,21.9,87,244,4.075,2.5,0.93,0,0,0,1.0,High,1
SYN-00991,68,1,63,140,82,36.9,97.8,17,28.4,106,214,0.007,0.2,1.54,0,0,0,0.1151,Low,0
SYN-06511,44,1,50,152,88,37.2,98.5,13,32.5,92,266,0.005,1.3,1.25,1,0,0,0.0622,Low,0
SYN-04743,52,1,99,127,76,36.4,99.7,11,29.9,83,194,0.018,0.2,1.32,1,0,0,0.081,Low,0
SYN-01793,58,0,80,110,72,37.1,98.4,16,30.7,81,195,0.005,0.9,1.34,0,0,0,0.0228,Low,0
SYN-00873,66,0,67,121,76,36.4,98.8,17,20.8,191,184,0.01,1.3,1.23,0,1,0,0.1182,Low,0
SYN-05541,56,1,68,128,74,37.1,98.6,17,30.8,87,213,0.011,4.0,1.3,0,0,0,0.056,Low,0
SYN-07988,53,0,65,118,78,37.1,99.3,17,24.5,89,246,0.008,1.5,0.87,0,0,0,0.0162,Low,0
SYN-06485,65,0,78,135,82,36.6,95.9,20,28.1,84,220,0.002,1.2,1.11,0,0,1,0.1409,Low,0
SYN-03573,60,1,57,152,86,36.4,99.6,14,21.3,95,169,0.004,4.7,1.26,1,0,0,0.0689,Low,0
SYN-04522,59,0,58,120,82,36.4,97.4,18,29.8,87,202,0.001,0.5,1.03,0,0,1,0.0405,Low,0
SYN-03988,61,1,66,148,88,36.2,94.8,18,21.0,73,176,0.012,0.7,1.44,1,0,1,0.4757,Moderate,0
SYN-00540,41,0,73,135,68,35.8,98.1,14,27.3,235,214,0.001,1.0,1.27,1,1,0,0.1305,Low,0
SYN-00082,43,0,76,122,69,36.6,98.7,17,27.6,256,238,0.022,1.4,1.12,0,1,0,0.1871,Low,0
SYN-02807,82,0,81,149,93,36.7,98.7,18,21.5,99,253,0.003,3.7,1.5,1,0,0,0.3174,Moderate,0
SYN-09022,57,1,71,140,82,36.6,99.4,17,28.7,94,235,0.01,1.1,1.67,1,0,0,0.146,Low,0
SYN-03814,50,0,71,119,70,36.8,97.8,17,29.2,77,231,0.004,2.8,0.87,0,0,0,0.0162,Low,0
SYN-05437,45,0,55,103,74,36.5,98.5,16,24.3,72,212,0.004,1.3,0.95,0,0,0,0.0043,Low,0
SYN-01801,53,1,70,119,76,36.6,98.3,18,27.7,81,224,0.014,2.3,1.38,0,0,0,0.0433,Low,0
SYN-07102,33,0,75,126,78,36.7,96.5,15,31.0,91,202,0.015,2.4,1.1,0,0,1,0.0401,Low,0
SYN-04373,36,1,60,143,96,36.5,98.2,15,28.5,105,194,0.011,1.3,1.16,1,0,0,0.041,Low,0
SYN-06408,50,1,99,127,81,39.0,99.1,14,26.3,217,172,0.015,7.7,1.25,1,1,0,0.3267,Moderate,0
SYN-06879,54,1,79,122,67,36.3,98.9,19,28.9,96,243,0.004,4.7,1.35,0,0,0,0.0491,Low,0
SYN-01177,42,1,64,128,69,37.2,99.0,18,27.8,85,209,1.391,1.7,1.72,1,0,0,1.0,High,1
SYN-02504,62,0,48,121,79,37.0,98.0,17,27.4,115,216,0.004,1.3,0.98,0,0,0,0.0246,Low,0
SYN-03868,81,1,61,149,81,36.7,98.3,17,27.7,104,282,0.001,4.5,1.94,1,0,1,0.7769,High,1
SYN-05322,30,0,87,126,77,36.9,97.6,13,27.2,112,199,0.003,1.6,1.24,0,0,0,0.0105,Low,0
SYN-07452,36,1,61,137,84,37.2,98.6,20,22.9,97,178,0.003,1.4,1.37,1,0,0,0.0263,Low,0
SYN-09058,42,0,72,105,63,36.2,97.7,17,35.0,91,228,0.001,1.9,0.81,0,0,0,0.0086,Low,0
SYN-08899,52,0,66,110,56,36.4,97.5,14,27.8,91,257,0.004,0.4,0.96,0,0,1,0.0267,Low,0
SYN-07582,69,0,76,161,85,36.9,99.0,15,28.2,86,205,0.003,0.2,1.03,1,0,0,0.1439,Low,0
SYN-02529,71,1,80,122,74,35.9,98.4,16,26.8,102,212,0.002,2.9,1.34,0,0,0,0.0679,Low,0
SYN-05805,49,1,66,117,81,36.2,94.9,19,18.8,86,232,0.014,0.2,1.17,0,0,1,0.0619,Low,0
SYN-04472,42,1,66,120,51,36.9,93.8,17,25.1,98,185,0.566,0.4,1.27,0,0,1,0.9989,High,1
SYN-08753,86,1,102,125,74,39.2,95.1,23,28.1,163,228,0.012,21.3,1.28,0,1,1,0.9025,High,1
SYN-04268,59,0,86,132,77,36.6,98.0,17,35.0,213,248,0.001,1.4,1.2,0,1,0,0.2401,Low,0
SYN-03125,58,1,57,127,76,36.4,98.3,20,32.9,84,188,1.109,7.1,1.17,0,0,0,0.9999,High,1
SYN-03384,43,0,97,148,82,36.4,98.0,17,29.1,78,209,0.005,3.0,1.01,1,0,0,0.0674,Low,0
SYN-06519,61,1,68,151,80,36.4,98.8,18,23.6,105,207,0.007,5.2,1.48,1,0,0,0.1803,Low,0
SYN-06249,83,0,71,132,74,37.3,97.7,14,25.9,101,217,0.005,2.0,1.03,0,0,1,0.179,Low,0
SYN-06400,66,1,71,144,77,36.5,98.1,15,28.6,94,249,0.008,1.4,1.21,0,0,1,0.2043,Low,0
SYN-09394,69,0,81,148,69,36.5,98.6,17,39.2,80,270,0.002,1.8,1.51,1,0,0,0.2687,Low,0
SYN-04591,68,1,85,136,83,37.5,97.5,18,21.9,117,195,0.018,0.7,1.21,0,0,0,0.1572,Low,0
SYN-04220,48,0,73,113,63,36.4,99.2,13,25.5,92,187,0.01,2.3,1.25,0,0,0,0.0124,Low,0
SYN-04363,48,1,81,148,90,36.6,96.6,18,37.7,161,281,0.011,1.4,1.59,1,1,1,0.8534,High,1
SYN-07223,63,0,86,129,76,36.8,99.2,17,31.5,171,208,0.003,1.6,1.21,0,1,0,0.1571,Low,0
SYN-01740,56,1,78,120,81,36.6,98.2,21,24.4,85,246,0.168,0.3,1.15,0,0,0,0.9125,High,1
SYN-07838,74,0,78,137,74,37.5,96.2,20,30.1,151,191,0.018,2.7,1.09,0,1,0,0.4275,Moderate,0
SYN-06631,59,0,86,137,79,36.7,98.1,13,26.2,163,237,0.633,0.2,1.15,0,1,1,0.9999,High,1
SYN-09101,77,0,65,154,94,37.4,98.7,16,33.6,105,242,0.024,3.9,1.56,1,0,0,0.541,Moderate,1
SYN-04861,28,0,81,133,64,37.2,99.1,16,24.9,92,225,0.008,0.5,0.86,0,0,1,0.0189,Low,0
SYN-08865,87,1,71,166,92,37.2,98.3,14,29.6,174,256,0.002,4.3,1.57,0,1,0,0.6793,High,1
SYN-08083,74,1,73,165,99,37.1,97.3,17,31.7,78,207,0.011,0.7,1.56,1,0,1,0.7941,High,1
SYN-08465,65,1,86,149,85,36.7,98.2,12,29.5,87,174,0.001,0.2,1.38,1,0,0,0.1197,Low,0
SYN-03547,80,1,83,135,87,36.7,97.2,18,28.0,98,240,0.002,1.2,1.54,0,0,0,0.1989,Low,0
SYN-08169,32,1,91,155,90,36.5,98.5,15,31.7,88,229,0.001,1.6,1.38,1,0,0,0.0605,Low,0
SYN-08960,33,0,104,148,82,37.2,99.4,14,24.4,78,226,0.008,0.6,1.17,1,0,0,0.0384,Low,0
SYN-03879,33,1,54,149,79,36.2,98.5,13,21.0,89,237,0.005,2.0,1.44,1,0,0,0.026,Low,0
SYN-05351,45,0,82,134,78,37.3,98.4,18,24.1,84,218,0.008,2.1,1.01,0,0,0,0.0247,Low,0
SYN-02118,56,1,71,117,69,37.2,100.0,19,21.5,91,180,0.001,0.7,1.45,0,0,0,0.0177,Low,0
SYN-09880,78,1,72,146,81,36.9,98.1,12,30.6,150,210,0.002,2.4,1.84,1,1,1,0.835,High,1
SYN-04207,54,1,82,138,82,37.2,98.8,17,28.2,107,198,0.002,0.2,1.16,0,0,0,0.0441,Low,0
SYN-04836,42,1,74,107,73,36.8,98.7,19,17.0,92,236,0.006,0.9,1.22,0,0,0,0.01,Low,0
SYN-04759,38,1,78,122,70,36.7,99.0,19,25.6,78,222,1.095,0.2,1.26,0,0,0,0.9998,High,1
SYN-02387,28,0,87,135,80,36.9,97.7,16,39.0,89,212,0.018,2.6,0.85,0,0,0,0.0291,Low,0
SYN-04233,39,1,76,128,88,36.8,97.8,19,17.8,117,244,0.003,1.3,1.35,0,0,0,0.0218,Low,0
SYN-01339,90,1,65,132,72,35.9,98.6,12,24.2,94,254,0.005,2.6,1.49,0,0,0,0.1532,Low,0
SYN-05381,74,0,85,139,78,36.7,93.8,15,25.1,161,226,0.001,0.2,1.11,0,1,0,0.2766,Low,0
SYN-07212,36,1,77,139,81,36.7,97.8,21,32.1,201,217,0.024,4.7,1.35,1,1,0,0.4327,Moderate,0
SYN-09118,18,1,71,114,64,36.6,99.1,13,31.2,104,210,0.001,1.0,1.09,0,0,0,0.0033,Low,0
SYN-05044,25,0,76,140,94,36.2,99.2,19,20.9,84,149,0.006,1.6,1.06,1,0,0,0.0117,Low,0
SYN-00313,82,0,58,158,84,37.1,97.0,16,28.7,70,301,3.185,0.4,1.54,1,0,0,1.0,High,1
SYN-04993,45,1,65,115,75,37.1,97.8,12,20.1,101,220,0.007,4.8,1.08,0,0,0,0.0115,Low,0
SYN-08558,69,0,76,127,85,37.0,98.4,18,24.7,86,198,0.02,0.2,1.23,0,0,0,0.087,Low,0
SYN-03136,36,0,74,105,70,37.0,98.2,15,19.9,94,214,0.01,0.8,0.81,0,0,1,0.0101,Low,0
SYN-08441,38,0,85,108,64,35.9,98.4,15,26.2,84,243,0.001,0.2,0.97,0,0,0,0.0061,Low,0
SYN-08541,68,0,97,151,84,37.0,98.1,18,21.8,74,211,0.001,0.5,1.01,1,0,0,0.1263,Low,0
SYN-05627,60,1,57,129,77,36.8,96.7,19,30.4,94,240,0.003,0.6,1.29,0,0,1,0.1105,Low,0
SYN-02453,63,0,73,123,72,36.3,97.7,13,24.9,78,203,2.07,0.4,1.06,0,0,1,1.0,High,1
SYN-09031,55,1,74,114,74,36.6,94.0,17,23.4,80,231,0.206,0.2,1.02,0,0,1,0.9681,High,1
SYN-03647,77,0,71,134,76,36.6,94.1,15,18.0,81,220,0.004,1.1,1.02,1,0,0,0.1139,Low,0
SYN-06764,76,0,79,139,78,36.7,99.7,11,30.4,109,243,0.009,1.4,0.96,0,0,0,0.1006,Low,0
SYN-01867,51,1,77,145,84,36.5,98.1,19,32.1,96,226,0.001,1.8,1.36,1,0,1,0.3873,Moderate,0
SYN-08193,63,0,76,153,87,36.2,98.2,16,37.3,158,287,0.005,0.6,1.4,1,1,0,0.5061,Moderate,1
SYN-00128,35,0,74,127,80,36.7,98.7,17,24.7,82,240,0.03,1.2,1.44,0,0,0,0.0356,Low,0
SYN-01713,64,1,88,123,68,38.7,94.6,17,15.0,107,189,0.004,21.3,1.32,0,0,0,0.1135,Low,0
SYN-01422,51,0,89,120,79,36.6,92.5,18,22.2,93,236,0.011,0.5,1.06,0,0,1,0.0994,Low,0
SYN-01467,33,1,85,106,69,36.5,99.9,13,29.4,92,179,0.016,0.7,1.08,0,0,0,0.0084,Low,0
SYN-02119,57,1,70,120,67,36.9,96.7,16,28.8,192,238,0.016,0.4,1.27,0,1,0,0.2104,Low,0
SYN-05600,49,0,78,94,53,36.2,99.0,16,31.7,204,263,0.022,2.3,1.17,0,1,0,0.1051,Low,0
SYN-01660,56,0,69,124,72,36.9,99.6,16,23.0,97,229,0.001,0.6,1.15,0,0,0,0.017,Low,0
SYN-09794,25,1,74,127,75,37.0,95.9,16,34.4,100,281,0.004,2.2,1.44,0,0,1,0.0477,Low,0
SYN-01142,18,1,68,104,64,36.6,99.3,18,29.1,89,195,0.001,5.4,1.26,0,0,0,0.0031,Low,0
SYN-07817,64,0,77,157,94,36.8,98.7,15,30.3,101,249,0.005,2.3,1.38,1,0,0,0.2129,Low,0
SYN-06139,52,0,84,148,92,36.7,98.0,18,30.8,179,244,0.004,1.5,1.16,1,1,0,0.3185,Moderate,0
SYN-06118,36,1,87,126,77,37.9,93.0,23,20.2,87,200,0.005,14.0,0.64,0,0,1,0.0677,Low,0
SYN-07643,33,1,72,120,70,36.5,97.7,20,33.9,88,180,2.09,1.1,1.27,0,0,1,1.0,High,1
SYN-02315,62,1,70,143,80,37.3,98.2,18,29.3,93,240,0.013,3.9,1.39,1,0,0,0.2284,Low,0
SYN-03609,67,0,68,148,86,37.3,98.2,19,33.2,95,234,0.54,0.6,1.21,1,0,0,0.9998,High,1
SYN-02725,45,0,80,125,66,37.6,97.6,17,23.4,86,210,0.006,12.8,1.11,0,0,0,0.0267,Low,0
SYN-09463,56,0,71,112,65,36.9,97.9,14,19.1,86,191,0.005,2.9,0.91,0,0,0,0.0102,Low,0
SYN-05838,42,1,92,122,63,37.4,98.5,20,28.0,98,223,0.015,4.8,1.02,0,0,1,0.092,Low,0
SYN-08630,76,0,82,136,83,36.4,97.6,18,31.3,76,208,0.007,1.9,1.52,0,0,0,0.1514,Low,0
SYN-09149,55,1,77,150,84,36.5,98.4,21,36.3,91,221,0.01,2.0,1.49,1,0,0,0.2557,Low,0
SYN-00202,77,0,81,146,101,36.9,90.3,17,23.3,100,196,0.013,0.6,1.72,1,0,1,0.8294,High,1
SYN-04631,26,1,91,141,76,38.7,97.9,19,30.5,98,204,0.004,23.3,1.21,0,0,0,0.0529,Low,0
SYN-07547,59,1,68,114,69,36.3,99.0,15,17.7,101,220,0.005,0.4,1.37,0,0,0,0.0197,Low,0
SYN-03271,71,1,91,137,71,37.5,96.7,20,36.6,157,287,0.003,2.0,1.27,0,1,0,0.4995,Moderate,0
SYN-00097,33,1,78,98,50,39.2,96.9,21,28.4,123,262,0.009,13.0,0.98,0,0,0,0.0236,Low,0
SYN-09973,51,0,72,130,79,36.3,97.5,17,33.5,88,204,0.004,2.5,1.36,0,0,0,0.0365,Low,0
SYN-05344,22,1,62,101,55,37.8,97.8,15,30.0,72,250,0.001,48.0,1.12,0,0,0,0.0158,Low,0
SYN-00155,53,1,76,126,73,37.0,98.4,13,24.4,72,232,0.001,2.7,1.36,0,0,0,0.0213,Low,0
SYN-04493,42,0,65,127,86,36.4,98.3,12,26.1,104,228,0.009,0.9,1.02,0,0,0,0.0133,Low,0
SYN-06242,53,0,77,133,76,36.9,98.1,16,28.0,86,232,0.007,0.8,1.02,0,0,0,0.0329,Low,0
SYN-06641,63,0,71,165,89,37.0,97.9,14,29.1,92,198,0.001,3.6,1.47,1,0,0,0.1688,Low,0
SYN-06701,41,0,86,115,66,36.7,98.7,17,34.3,146,200,0.013,1.7,1.18,0,1,0,0.0618,Low,0
SYN-09162,72,0,68,131,64,35.9,97.7,13,28.0,200,199,0.001,1.1,0.83,0,1,0,0.1355,Low,0
SYN-08121,58,1,80,134,76,36.5,98.5,19,26.1,187,197,0.001,4.9,1.45,0,1,0,0.1952,Low,0
SYN-09236,54,1,76,127,90,36.4,93.7,17,25.3,85,190,0.001,0.2,1.23,0,0,1,0.0724,Low,0
SYN-08827,57,1,61,138,83,36.6,98.3,16,36.2,137,307,0.015,4.7,1.45,1,1,0,0.4448,Moderate,0
SYN-04098,67,0,96,107,65,36.9,99.2,14,24.5,143,193,0.027,4.0,1.33,0,1,0,0.1846,Low,0
SYN-09917,28,1,78,112,59,36.5,99.3,17,27.7,109,214,0.008,4.2,0.99,0,0,0,0.009,Low,0
SYN-04049,51,0,73,144,84,36.5,97.2,14,28.2,99,257,0.011,0.2,1.29,1,0,1,0.364,Moderate,0
SYN-06476,40,0,74,142,80,36.7,97.1,16,32.2,195,273,0.002,1.2,1.02,1,1,0,0.1757,Low,0
SYN-02818,66,0,76,139,82,36.2,99.1,16,28.5,104,231,0.008,2.6,1.09,0,0,0,0.0815,Low,0
SYN-08409,70,0,66,146,81,37.1,99.0,14,31.7,95,284,0.001,0.6,0.98,0,0,0,0.0749,Low,0
SYN-03367,54,0,64,149,77,36.9,98.1,15,29.0,119,280,0.012,0.2,1.2,1,1,0,0.2343,Low,0
SYN-06195,47,1,53,129,71,36.6,98.1,16,30.1,139,220,0.01,1.1,0.99,0,1,0,0.059,Low,0
SYN-06155,82,0,88,156,97,38.4,96.3,17,26.8,132,275,0.01,9.7,1.5,1,1,0,0.8005,High,1
SYN-05177,88,0,65,149,89,36.7,95.9,16,27.5,152,203,0.002,2.9,1.38,1,1,0,0.5743,Moderate,1
SYN-03742,42,0,81,113,75,38.3,98.1,20,32.1,143,218,0.012,34.1,1.07,0,1,1,0.3218,Moderate,0
SYN-09951,51,1,72,102,52,37.3,96.2,15,27.3,93,249,0.011,28.3,1.05,0,0,0,0.059,Low,0
SYN-07756,49,0,84,143,79,36.3,98.1,10,26.2,153,247,0.017,4.4,1.3,1,1,0,0.2543,Low,0
SYN-03177,68,0,84,133,81,36.7,98.6,19,30.5,84,261,0.013,2.3,1.1,0,0,0,0.1273,Low,0
SYN-05622,57,0,77,126,75,37.1,98.9,15,21.8,97,223,0.005,0.2,0.76,0,0,0,0.0184,Low,0
SYN-06261,45,1,70,142,77,37.6,98.3,16,30.5,100,220,0.004,3.9,1.31,1,0,0,0.0716,Low,0
SYN-09285,77,0,58,145,92,36.1,99.2,16,26.3,102,232,0.012,1.6,1.63,1,0,0,0.2516,Low,0
SYN-06423,18,1,89,129,69,35.9,97.5,16,31.7,75,154,0.005,4.0,1.33,1,0,0,0.0157,Low,0
SYN-04261,59,1,60,145,75,36.7,97.2,18,33.9,142,236,0.008,0.5,1.52,1,1,1,0.7547,High,1
SYN-07176,76,0,63,132,88,36.4,97.2,21,21.3,150,215,0.011,2.8,1.11,0,1,0,0.2491,Low,0
SYN-00198,48,0,75,150,92,36.8,97.7,16,25.1,94,198,0.023,0.9,1.33,1,0,0,0.1334,Low,0
SYN-07697,44,1,67,127,76,36.8,95.8,15,35.2,186,211,0.391,1.8,1.19,0,1,1,0.9992,High,1
SYN-00866,67,1,99,145,81,37.7,98.8,15,25.6,86,216,0.005,4.5,1.53,0,0,0,0.1427,Low,0
SYN-03811,58,0,74,121,67,36.6,97.9,14,27.0,187,249,0.001,0.4,1.01,1,1,1,0.4168,Moderate,0
SYN-09774,62,0,94,145,90,37.3,99.4,15,24.9,89,265,0.032,0.4,1.17,1,0,0,0.294,Low,0
SYN-02750,66,0,87,125,65,39.0,98.0,13,32.8,128,174,0.001,34.0,1.36,0,1,0,0.2792,Low,0
SYN-04662,48,0,76,141,77,36.9,96.3,17,37.7,119,237,0.002,0.8,1.02,1,1,1,0.4931,Moderate,0
SYN-08751,25,0,95,106,66,36.3,97.4,16,22.6,84,230,0.018,0.7,0.85,0,0,1,0.0152,Low,0
SYN-04838,38,0,56,127,69,36.6,91.6,17,28.5,147,211,0.003,0.6,1.11,0,1,1,0.0973,Low,0
SYN-06509,44,0,85,121,64,36.5,96.8,13,25.7,93,201,0.012,1.2,1.12,0,0,0,0.02,Low,0
SYN-04130,38,0,82,110,64,37.2,98.2,14,34.8,97,226,0.006,1.2,0.85,0,0,0,0.0101,Low,0
SYN-05568,35,0,88,120,72,36.7,93.9,20,25.2,94,216,0.004,0.3,1.12,0,0,1,0.0388,Low,0
SYN-04960,40,1,79,151,95,36.9,99.0,14,34.1,109,274,0.019,3.1,1.22,1,0,0,0.1673,Low,0
SYN-04761,57,0,83,130,74,36.7,97.9,18,21.6,96,253,0.004,0.7,1.29,0,0,0,0.0435,Low,0
SYN-03071,68,0,67,137,83,37.4,98.0,23,27.8,86,251,0.012,0.2,1.62,1,0,0,0.2415,Low,0
SYN-04969,49,0,77,141,79,36.1,97.8,15,36.9,184,265,0.002,4.4,1.23,1,1,1,0.6586,High,1
SYN-06318,45,0,82,116,75,36.6,97.4,15,27.6,198,241,0.002,3.2,0.98,0,1,0,0.0586,Low,0
SYN-07372,64,1,77,138,74,36.8,98.3,12,26.8,96,202,0.002,1.1,1.54,1,0,0,0.0982,Low,0
SYN-09167,40,0,85,130,76,37.2,99.0,13,31.2,189,232,0.001,1.5,0.86,0,1,0,0.0475,Low,0
SYN-07785,36,0,79,113,72,38.9,95.5,18,31.7,90,183,0.005,25.9,1.16,0,0,1,0.066,Low,0
SYN-01510,56,1,89,138,87,36.3,97.5,14,22.0,145,231,0.001,3.1,1.43,1,1,1,0.5709,Moderate,1
SYN-09771,72,0,86,169,88,36.9,98.7,17,29.0,126,253,0.001,1.8,1.72,1,1,0,0.6034,Moderate,1
SYN-02776,90,1,99,137,72,36.9,99.4,17,32.5,90,258,0.006,0.6,1.52,0,0,0,0.355,Moderate,0
SYN-00434,25,1,85,135,83,36.7,96.5,19,30.8,96,226,0.009,0.6,1.5,1,0,1,0.2191,Low,0
SYN-03808,57,0,60,127,74,36.9,99.5,12,28.1,185,213,0.007,0.5,1.2,0,1,0,0.0723,Low,0
SYN-08260,58,0,81,150,84,36.4,99.4,17,30.8,79,225,1.871,3.5,1.6,1,0,0,1.0,High,1
SYN-05493,51,1,63,126,67,36.6,96.6,18,28.3,110,254,0.01,1.4,1.24,0,0,1,0.1085,Low,0
SYN-09473,57,0,66,158,89,36.8,98.7,16,30.2,89,209,0.01,0.7,1.35,1,0,0,0.1393,Low,0
SYN-07249,69,1,72,143,79,36.3,95.8,17,27.0,87,256,0.001,0.7,1.29,1,0,1,0.5277,Moderate,1
SYN-05456,63,0,66,145,84,36.0,97.9,20,33.5,167,193,0.014,0.6,0.91,1,1,0,0.3866,Moderate,0
SYN-02188,47,1,91,115,71,38.6,94.0,23,25.3,98,246,0.003,8.6,1.04,0,0,1,0.1134,Low,0
SYN-01995,55,0,69,126,73,37.5,98.3,15,25.6,93,222,0.001,0.9,1.03,0,0,0,0.0177,Low,0
SYN-01301,55,1,73,111,68,37.3,95.7,14,19.0,90,235,0.019,3.2,1.27,0,0,1,0.0812,Low,0
SYN-07153,73,0,51,117,68,36.5,96.6,19,26.7,235,270,0.004,3.7,1.06,0,1,1,0.4101,Moderate,0
SYN-07708,35,1,72,123,74,36.4,98.5,17,29.4,85,212,0.001,0.4,1.04,0,0,0,0.0093,Low,0
SYN-05555,51,1,78,142,86,36.9,97.2,10,32.2,80,277,0.374,0.6,1.35,1,0,0,0.9976,High,1
SYN-00870,53,0,93,126,79,36.7,99.9,14,33.0,83,202,0.018,1.1,1.49,0,0,0,0.0573,Low,0
SYN-07642,68,1,88,150,90,36.9,98.5,19,32.0,75,218,0.001,1.6,1.23,0,0,0,0.1333,Low,0
SYN-05566,62,0,87,130,70,36.7,97.7,19,32.2,228,240,0.013,3.0,1.23,0,1,0,0.423,Moderate,0
SYN-03324,66,0,107,165,92,37.2,97.8,18,37.4,148,230,0.01,1.0,1.39,1,1,0,0.7381,High,1
SYN-05993,58,0,64,149,86,36.9,97.9,15,26.0,93,258,0.001,1.0,1.44,1,0,1,0.3328,Moderate,0
SYN-09323,31,1,63,122,74,36.6,98.7,18,22.1,102,212,0.872,3.2,2.03,1,0,0,0.9997,High,1
SYN-05542,60,0,80,132,75,36.1,98.3,19,27.5,143,197,0.002,1.2,1.84,1,1,1,0.6139,Moderate,1
SYN-03292,58,1,89,141,82,36.8,98.0,15,30.9,107,248,0.008,0.8,1.2,0,0,0,0.1069,Low,0
SYN-07337,81,1,58,128,78,37.2,95.6,18,19.6,94,225,0.029,0.7,1.53,0,0,0,0.2589,Low,0
SYN-03663,47,1,73,145,88,36.7,97.8,23,33.4,69,261,0.003,1.7,1.29,1,0,1,0.3927,Moderate,0
SYN-09018,55,1,65,124,70,36.6,97.2,17,28.0,152,267,0.021,0.8,1.32,0,1,0,0.2059,Low,0
SYN-06445,55,0,83,124,71,36.8,97.8,17,20.0,99,217,0.007,3.6,0.99,0,0,0,0.0288,Low,0
SYN-04384,43,0,55,119,78,37.1,98.9,14,26.3,80,213,0.032,1.6,1.0,0,0,0,0.0199,Low,0
SYN-03469,77,1,96,155,78,36.8,95.2,18,29.8,100,268,0.001,1.6,1.66,1,0,1,0.8586,High,1
SYN-04388,64,0,90,140,80,36.8,98.2,18,27.9,82,236,0.003,2.6,1.25,1,0,0,0.1383,Low,0
SYN-07650,24,1,72,111,80,38.0,95.7,17,28.1,86,167,0.005,7.1,0.92,0,0,0,0.0061,Low,0
SYN-09757,41,0,68,130,87,37.0,97.8,15,25.0,169,219,0.882,3.2,0.99,0,1,0,0.9998,High,1
SYN-09210,47,0,89,133,75,36.5,97.8,20,32.1,70,266,0.009,0.7,0.74,0,0,0,0.0404,Low,0
SYN-06852,84,1,86,158,99,37.2,99.0,19,27.9,85,184,0.015,0.2,1.83,1,0,0,0.5755,Moderate,1
SYN-05673,54,0,74,120,79,36.5,99.0,19,26.2,77,230,0.012,3.9,1.16,0,0,0,0.0329,Low,0
SYN-01296,68,0,52,128,79,36.6,98.6,17,33.3,177,244,0.001,0.5,1.21,0,1,0,0.1398,Low,0
SYN-08069,64,1,68,162,90,36.9,97.0,16,30.1,85,157,0.011,0.9,1.53,1,0,1,0.623,Moderate,1
SYN-06966,59,0,67,124,71,37.1,99.8,13,30.6,258,199,0.019,1.8,1.06,0,1,0,0.2091,Low,0
SYN-02115,62,0,80,162,95,36.8,95.5,20,33.9,104,208,0.018,1.1,1.59,1,1,1,0.9006,High,1
SYN-04192,67,1,62,121,74,36.5,100.0,14,28.6,99,234,0.714,2.8,1.46,0,0,0,0.9996,High,1
SYN-04184,90,0,94,171,101,37.2,98.4,13,30.8,83,244,0.003,2.2,1.41,1,0,0,0.5511,Moderate,1
SYN-04886,48,1,56,122,75,36.7,98.8,17,27.2,91,234,0.011,1.0,1.35,0,0,0,0.0255,Low,0
SYN-05405,58,1,75,116,78,37.6,99.0,15,25.1,89,239,1.059,0.2,1.37,0,0,0,0.9999,High,1
SYN-03682,63,0,75,145,91,36.5,96.5,17,30.0,153,304,0.001,1.3,1.17,1,1,1,0.7437,High,1
SYN-00063,57,0,59,121,68,36.7,98.2,16,22.4,89,220,0.001,0.5,1.23,0,0,0,0.0149,Low,0
SYN-02966,28,1,70,105,64,37.2,98.1,18,17.9,97,184,0.005,2.9,1.25,0,0,1,0.0092,Low,0
SYN-09451,61,1,56,127,77,36.8,97.3,13,24.7,144,238,0.001,0.4,0.91,0,1,0,0.0571,Low,0
SYN-09070,39,0,83,109,71,36.9,97.9,15,22.7,85,220,0.004,0.8,1.03,0,0,1,0.0141,Low,0
SYN-04689,51,1,58,128,75,36.4,97.4,15,29.0,104,257,0.003,0.7,1.58,0,0,0,0.0374,Low,0
SYN-05149,54,0,79,117,68,37.1,98.3,15,30.2,208,252,0.005,1.0,1.2,0,1,0,0.1129,Low,0
SYN-04376,19,0,85,114,62,36.5,98.2,18,22.6,108,211,0.003,1.9,1.06,0,0,0,0.0043,Low,0
SYN-01268,65,1,100,141,82,36.9,98.3,17,30.2,79,270,0.012,1.3,1.28,1,1,0,0.4192,Moderate,0
SYN-02224,41,1,69,111,70,36.9,99.3,18,26.4,95,241,0.001,1.0,1.47,0,0,0,0.0121,Low,0
SYN-03542,60,1,73,137,73,37.4,98.7,19,22.7,130,224,0.02,0.2,1.12,0,0,0,0.1193,Low,0
SYN-08990,36,0,71,156,76,36.2,99.0,14,27.8,96,191,0.027,4.6,1.05,1,0,1,0.3225,Moderate,0
SYN-00449,72,0,70,152,74,36.2,97.5,15,35.6,128,211,0.003,1.4,1.32,1,1,1,0.7695,High,1
SYN-09295,36,0,58,128,65,36.9,99.3,13,32.1,95,211,0.001,7.3,1.2,1,0,0,0.0166,Low,0
SYN-00029,61,1,93,124,73,36.6,96.9,20,29.2,161,284,0.004,0.5,1.34,0,1,1,0.4356,Moderate,0
SYN-02673,47,0,77,122,71,37.3,99.1,16,23.2,110,178,0.001,0.2,1.07,0,0,0,0.0108,Low,0
SYN-03869,59,0,93,151,85,36.8,98.4,13,35.9,199,233,0.011,2.2,1.1,1,1,0,0.5138,Moderate,1
SYN-07826,54,0,69,109,62,36.2,98.4,15,24.2,111,224,0.587,1.7,0.86,0,0,0,0.9969,High,1
SYN-04014,82,1,75,139,84,36.9,95.4,19,25.4,103,202,0.012,0.9,1.34,0,0,0,0.2727,Low,0
SYN-04291,47,0,64,155,91,36.8,98.6,16,30.8,163,216,0.007,1.0,1.1,1,1,0,0.1949,Low,0
SYN-01933,40,1,56,104,66,36.4,97.0,19,20.6,76,226,0.014,0.6,1.36,0,0,0,0.0111,Low,0
SYN-09025,72,0,73,139,86,36.9,96.6,17,21.2,90,189,0.002,0.2,0.84,0,0,0,0.0489,Low,0
SYN-09858,61,0,61,143,88,36.7,97.9,18,25.2,113,218,0.011,4.3,1.21,1,0,0,0.1409,Low,0
SYN-00102,75,0,83,136,78,37.0,98.1,15,22.6,241,238,0.004,4.1,0.92,0,1,0,0.3377,Moderate,0
SYN-04026,39,0,88,113,73,37.4,96.0,19,19.4,87,183,0.012,0.5,1.05,0,0,0,0.0133,Low,0
SYN-02006,72,0,72,142,83,36.3,96.4,15,35.5,115,258,0.003,0.6,1.31,1,0,0,0.2504,Low,0
SYN-09015,78,0,58,119,66,37.1,97.2,17,27.8,121,215,0.004,2.6,1.6,0,1,0,0.1572,Low,0
SYN-06843,66,1,60,122,74,36.8,98.9,16,24.1,174,254,0.007,0.2,1.65,0,1,0,0.1662,Low,0
SYN-02698,56,0,51,151,87,36.7,99.5,16,33.2,108,257,0.024,1.2,1.29,1,1,0,0.3189,Moderate,0
SYN-00651,84,0,76,136,78,36.7,98.6,17,28.7,69,221,0.173,0.9,1.13,0,0,0,0.9736,High,1
SYN-00477,71,0,78,129,78,37.3,97.1,20,21.4,96,218,0.008,1.7,1.27,0,0,0,0.0896,Low,0
SYN-06002,53,1,86,128,78,37.1,98.6,16,21.3,78,171,0.007,2.7,1.2,0,0,0,0.0264,Low,0
SYN-09506,69,1,67,150,85,36.9,98.3,19,30.9,201,238,0.004,1.4,1.75,1,1,0,0.6334,Moderate,1
SYN-03886,55,1,72,150,83,37.1,98.9,20,27.9,102,196,0.004,0.2,1.33,1,0,0,0.1199,Low,0
SYN-05752,59,1,93,149,92,37.0,99.0,20,21.9,88,239,0.005,3.5,1.61,1,0,0,0.2087,Low,0
SYN-06991,46,0,81,127,80,37.1,99.2,12,28.8,159,240,0.005,0.2,0.87,0,1,0,0.0433,Low,0
SYN-05104,52,1,81,122,59,37.4,100.0,14,17.5,77,200,0.006,1.2,1.83,1,0,0,0.0354,Low,0
SYN-08508,30,1,76,105,67,36.8,97.7,11,22.5,94,183,0.633,1.1,1.06,0,0,0,0.9917,High,1
SYN-06780,79,0,74,128,81,36.6,97.1,17,31.7,130,263,0.004,1.8,1.19,0,1,0,0.2633,Low,0
SYN-09474,72,0,86,167,89,36.7,97.5,12,33.4,120,194,0.017,3.4,1.66,1,0,0,0.5499,Moderate,1
SYN-08843,45,1,86,122,71,35.9,98.0,14,23.4,83,209,0.011,0.2,1.22,0,0,0,0.0213,Low,0
SYN-08308,64,0,87,155,90,37.2,99.1,18,27.1,171,228,0.01,1.8,0.91,1,1,0,0.4443,Moderate,0
SYN-05292,40,0,67,125,64,36.2,97.5,17,21.0,94,201,0.002,0.5,0.89,0,0,0,0.0077,Low,0
SYN-04171,71,0,80,145,68,36.4,96.3,14,22.8,138,245,0.007,0.3,1.13,1,1,0,0.3451,Moderate,0
SYN-00578,74,0,110,137,70,36.8,97.1,18,36.5,83,263,0.001,0.8,1.22,0,0,0,0.202,Low,0
SYN-06985,37,1,78,142,80,37.4,99.7,17,26.8,109,204,0.002,1.0,1.0,1,0,0,0.0321,Low,0
SYN-09207,39,1,74,123,64,37.2,98.2,19,26.6,74,185,0.01,0.2,1.15,0,0,0,0.0157,Low,0
SYN-09283,62,1,68,126,72,36.7,98.4,16,23.9,96,185,0.002,3.1,1.58,0,0,0,0.0397,Low,0
SYN-09131,55,1,100,160,86,37.1,98.3,19,22.0,160,208,0.001,1.5,1.59,1,1,0,0.4235,Moderate,0
SYN-01761,35,1,70,146,79,36.6,99.9,16,31.9,74,239,0.004,3.3,1.15,1,0,0,0.0369,Low,0
SYN-04299,81,0,87,155,88,37.4,98.8,13,28.4,91,249,0.004,3.0,1.3,1,0,0,0.3131,Moderate,0
SYN-04484,58,0,78,131,74,36.4,99.0,16,30.4,210,179,0.008,4.2,0.83,0,1,0,0.1457,Low,0
SYN-01293,48,1,83,120,69,36.6,95.8,16,26.4,77,224,0.003,0.7,1.25,0,0,1,0.0507,Low,0
SYN-00368,41,0,59,177,97,36.3,97.7,11,35.5,200,157,0.009,1.2,0.94,1,1,0,0.2461,Low,0
SYN-07245,36,0,75,113,65,36.6,98.2,18,17.2,73,222,0.007,3.3,1.22,0,0,0,0.0072,Low,0
SYN-04463,71,1,119,151,88,36.1,99.3,16,31.8,174,238,0.001,3.0,1.45,0,1,1,0.7162,High,1
SYN-08328,58,0,86,154,95,37.1,98.2,17,30.1,107,194,0.026,1.5,1.36,1,1,0,0.471,Moderate,0
SYN-09242,64,0,86,150,85,37.4,98.5,20,31.6,71,180,0.467,5.2,1.46,1,0,1,0.9999,High,1
SYN-06765,48,1,85,126,76,37.3,98.6,19,28.1,98,240,0.003,1.4,1.46,0,0,0,0.042,Low,0
SYN-00688,78,0,69,163,91,36.2,97.9,15,31.4,80,292,0.002,3.1,1.34,1,0,0,0.344,Moderate,0
SYN-01389,59,1,98,135,79,36.6,99.1,14,28.6,91,270,0.013,2.1,1.42,0,0,0,0.1212,Low,0
SYN-08492,87,0,79,177,98,36.7,97.2,15,41.0,206,188,0.014,0.6,1.15,1,1,0,0.9013,High,1
SYN-09356,47,1,62,106,69,36.2,98.6,14,24.4,83,178,0.001,3.8,1.31,0,0,1,0.0148,Low,0
SYN-00101,48,1,68,113,85,36.8,98.2,14,22.7,77,221,0.002,0.5,1.51,0,0,0,0.0114,Low,0
SYN-04186,60,1,88,176,98,36.7,98.7,17,29.2,194,213,0.002,1.8,1.82,1,1,0,0.6876,High,1
SYN-02952,66,1,85,136,76,36.3,98.1,15,15.2,90,217,0.008,1.4,1.47,1,0,0,0.1157,Low,0
SYN-04278,50,0,83,150,78,36.7,96.6,14,34.5,89,223,0.819,3.9,1.16,1,0,0,0.9999,High,1
SYN-01404,46,0,54,149,86,36.3,99.0,22,33.0,192,224,0.001,5.9,1.0,1,1,0,0.2135,Low,0
SYN-03237,72,0,73,169,96,36.5,98.6,17,28.7,101,189,0.011,0.6,1.67,1,0,0,0.3876,Moderate,0
SYN-09074,71,1,81,157,93,36.9,96.4,15,26.6,101,241,0.008,2.5,1.28,1,0,0,0.3503,Moderate,0
SYN-00871,58,0,86,167,84,37.0,99.0,12,38.2,160,239,0.013,1.1,1.42,1,1,0,0.5709,Moderate,1
SYN-09454,74,1,77,129,80,36.7,95.7,18,25.8,98,272,0.005,0.9,1.45,0,0,0,0.1599,Low,0
SYN-02603,53,0,75,162,84,36.7,98.8,18,20.1,96,214,0.004,0.9,1.29,1,0,0,0.097,Low,0
SYN-04087,41,0,78,115,82,38.6,97.5,18,23.9,84,206,0.004,21.8,1.37,0,0,1,0.0538,Low,0
SYN-08937,28,0,61,116,73,37.2,98.1,10,27.2,83,260,0.005,0.6,0.87,0,1,0,0.0061,Low,0
SYN-07740,63,0,74,118,75,37.2,99.4,18,18.5,104,176,0.008,0.2,1.41,0,0,0,0.028,Low,0
SYN-03826,50,1,75,144,85,36.3,98.7,22,23.8,92,217,0.002,1.2,1.47,1,0,0,0.0898,Low,0
SYN-03899,44,0,98,157,95,38.2,98.8,21,34.2,105,196,0.006,14.0,1.32,1,0,0,0.2379,Low,0
SYN-03569,62,1,64,140,90,37.2,99.4,17,32.2,93,207,0.001,1.2,1.42,1,0,1,0.3515,Moderate,0
SYN-05328,41,0,78,108,71,36.6,98.2,19,19.5,116,227,0.011,0.2,1.24,0,0,0,0.0143,Low,0
SYN-08305,32,0,79,137,87,36.4,97.1,14,35.5,71,192,0.003,3.3,0.93,0,0,1,0.0263,Low,0
SYN-03107,66,1,63,123,78,36.6,97.1,17,38.1,169,232,0.027,1.8,1.35,0,1,1,0.6192,Moderate,1
SYN-00820,36,1,85,113,74,36.6,97.8,19,24.9,113,150,0.002,1.3,1.26,0,0,0,0.0111,Low,0
SYN-03403,43,1,78,130,81,36.7,97.3,14,26.3,101,224,0.746,0.9,1.28,0,0,1,0.9997,High,1
SYN-04965,44,1,55,126,77,36.7,98.8,12,22.9,179,204,1.834,0.8,1.33,0,1,1,1.0,High,1
SYN-00381,56,0,68,122,74,37.0,94.7,22,25.5,98,188,0.001,1.4,1.19,0,0,1,0.0693,Low,0
SYN-06068,66,0,93,137,78,36.6,98.3,19,22.0,101,210,0.019,1.8,1.24,1,0,0,0.2253,Low,0
SYN-05506,39,1,84,94,65,37.3,97.5,17,21.4,98,208,0.006,2.8,0.94,0,0,0,0.007,Low,0
SYN-03068,61,0,96,159,99,36.5,98.3,15,35.4,111,257,0.003,0.9,1.53,1,0,0,0.3056,Moderate,0
SYN-03163,63,1,60,121,79,36.5,97.4,15,25.0,167,213,0.001,0.2,1.22,0,1,1,0.1566,Low,0
SYN-07074,55,0,64,115,65,37.3,97.5,17,34.1,88,224,0.009,1.4,1.27,0,0,1,0.0656,Low,0
SYN-04078,46,1,83,153,90,38.6,98.2,15,31.8,93,194,0.007,15.3,1.48,1,0,1,0.5265,Moderate,1
SYN-07434,66,1,85,123,85,37.3,97.7,17,28.1,103,193,0.01,0.6,1.39,0,0,0,0.0883,Low,0
SYN-08629,51,0,70,128,75,36.7,96.7,13,29.3,71,255,0.001,0.7,1.15,0,0,0,0.0193,Low,0
SYN-04971,51,1,94,160,95,36.7,99.5,13,28.2,93,183,0.01,0.5,1.52,1,0,0,0.1525,Low,0
SYN-04629,43,1,94,140,81,37.8,98.7,20,27.4,96,232,0.003,21.3,1.31,1,0,0,0.162,Low,0
SYN-05094,54,1,66,141,80,36.4,97.4,17,29.2,94,166,0.001,0.6,1.46,1,0,0,0.0703,Low,0
SYN-04780,55,0,72,126,73,35.9,95.3,11,21.7,71,216,0.382,0.8,1.1,0,0,1,0.9942,High,1
SYN-08027,69,0,85,133,72,36.4,98.5,15,22.5,89,224,0.01,3.8,1.43,1,0,0,0.1453,Low,0
SYN-08785,49,1,78,129,74,36.7,97.3,17,22.5,97,224,0.001,0.2,1.17,0,0,0,0.0245,Low,0
SYN-00465,36,0,50,144,83,36.6,96.5,15,35.3,88,220,0.009,1.6,1.19,1,0,1,0.1761,Low,0
SYN-06916,41,1,85,125,78,37.1,98.7,16,27.9,71,227,0.007,3.5,1.38,0,0,0,0.0239,Low,0
SYN-02897,70,0,82,132,82,36.6,98.2,22,28.9,92,247,0.001,1.5,1.31,0,0,1,0.1945,Low,0
SYN-00851,48,1,47,151,80,36.5,96.6,17,32.9,67,243,0.002,0.8,1.39,1,0,1,0.2788,Low,0
SYN-07068,19,1,75,136,76,36.8,94.8,15,30.4,111,173,0.01,2.1,0.85,0,0,1,0.0279,Low,0
SYN-07030,62,0,72,146,96,37.0,96.7,16,25.0,83,200,0.014,1.1,1.43,0,0,0,0.0972,Low,0
SYN-05301,42,0,71,119,70,36.6,99.0,16,30.6,110,179,0.007,0.6,1.04,0,0,0,0.0125,Low,0
SYN-08230,56,1,80,152,78,37.2,99.3,13,33.2,183,242,0.017,0.6,1.55,1,1,0,0.5363,Moderate,1
SYN-05635,54,1,82,135,65,36.4,99.2,13,28.5,91,228,0.401,0.8,1.19,0,0,0,0.9954,High,1
SYN-08009,51,1,64,118,70,37.2,98.8,15,22.7,82,216,0.016,1.8,1.2,0,0,0,0.0226,Low,0
SYN-09487,39,1,70,109,78,36.4,97.4,17,23.4,80,253,1.541,0.2,1.17,0,0,0,0.9999,High,1
SYN-01131,40,0,61,127,75,36.0,98.2,20,30.3,109,220,0.001,2.0,1.3,0,1,0,0.0324,Low,0
SYN-01750,68,1,81,134,70,37.1,97.9,16,23.4,149,199,0.002,0.2,1.34,0,1,0,0.1607,Low,0
SYN-00534,61,1,62,131,73,36.5,98.2,16,29.8,119,198,0.004,1.2,1.55,0,1,0,0.1074,Low,0
SYN-00494,61,0,70,106,82,37.3,97.7,13,29.9,98,208,0.011,0.6,1.05,0,0,0,0.0229,Low,0
SYN-02277,34,1,69,137,79,37.3,99.5,11,20.1,83,201,0.012,0.2,1.05,0,0,0,0.0092,Low,0
SYN-09248,51,1,88,155,82,36.6,98.6,17,40.2,205,219,0.018,1.4,1.56,1,1,0,0.6937,High,1
SYN-06080,31,0,76,95,60,36.4,98.0,15,32.0,114,243,0.013,7.1,0.76,0,0,0,0.0085,Low,0
SYN-03382,59,1,77,143,71,36.4,98.7,16,30.2,161,200,0.018,1.7,1.43,1,1,0,0.4405,Moderate,0
SYN-00705,71,1,80,140,85,36.3,94.6,19,31.9,105,215,0.001,2.6,1.72,0,0,1,0.3927,Moderate,0
SYN-05386,72,1,82,152,83,37.0,97.1,17,31.2,99,217,0.95,1.9,1.93,1,0,0,1.0,High,1
SYN-03801,49,0,73,122,70,36.7,98.3,16,28.5,100,249,0.005,0.7,1.27,0,0,0,0.0245,Low,0
SYN-06029,68,0,82,147,77,37.3,97.9,17,28.3,108,216,0.006,4.1,1.31,1,0,0,0.2272,Low,0
SYN-01187,49,0,55,117,66,36.6,97.5,20,25.6,88,165,0.002,0.4,1.24,1,0,1,0.087,Low,0
SYN-08198,33,0,45,118,63,37.0,97.0,20,27.5,128,199,0.001,7.1,0.82,0,1,1,0.0297,Low,0
SYN-06627,62,0,90,162,76,36.8,98.3,19,29.2,99,239,0.001,3.1,1.44,1,0,0,0.2658,Low,0
SYN-09754,64,0,85,156,85,36.5,97.9,12,31.8,100,202,0.013,1.0,1.56,1,0,0,0.2635,Low,0
SYN-00157,56,0,93,105,64,39.3,95.9,21,27.3,86,247,0.004,11.2,0.96,0,0,0,0.0452,Low,0
SYN-05308,49,1,79,145,83,36.7,99.9,15,28.9,91,190,0.01,0.2,1.68,1,0,0,0.0954,Low,0
SYN-06196,52,1,71,114,80,36.1,100.0,14,28.4,86,190,0.009,0.4,0.75,0,0,0,0.012,Low,0
SYN-01352,63,0,78,132,77,38.7,97.5,18,26.5,84,266,0.003,18.1,1.42,0,0,0,0.1218,Low,0
SYN-00274,87,1,85,150,80,36.4,98.2,18,28.1,87,270,0.002,2.2,1.67,1,0,0,0.4962,Moderate,0
SYN-01322,45,1,62,136,80,36.4,98.4,16,34.8,206,233,0.006,0.8,0.98,0,1,1,0.2227,Low,0
SYN-00091,65,1,95,142,92,36.9,97.6,10,32.1,95,251,0.026,1.6,1.42,0,0,1,0.4242,Moderate,0
SYN-02553,47,0,72,109,64,36.1,98.8,16,32.7,82,253,0.002,0.5,0.83,0,0,0,0.0098,Low,0
SYN-05273,44,0,92,124,76,37.0,98.4,20,25.9,89,215,0.009,3.7,1.27,0,0,0,0.033,Low,0
SYN-00243,26,1,90,134,72,36.8,97.5,17,32.4,76,193,0.027,0.8,1.44,1,0,0,0.0746,Low,0
SYN-09818,54,0,91,155,93,36.9,97.6,16,34.3,100,248,0.005,0.6,1.44,1,0,0,0.2073,Low,0
SYN-09522,48,0,89,116,72,37.1,98.8,20,22.3,149,186,0.006,0.6,1.45,0,1,0,0.0572,Low,0
SYN-07885,36,1,88,138,84,36.5,98.9,17,46.6,99,252,0.004,1.1,1.22,0,0,0,0.0551,Low,0
SYN-00135,30,1,59,123,75,36.8,99.2,15,26.2,128,218,0.005,4.5,1.21,1,1,0,0.0321,Low,0
SYN-06933,56,1,71,124,73,37.1,98.8,13,30.1,66,207,0.001,2.6,1.58,0,0,0,0.0248,Low,0
SYN-03306,62,0,92,147,86,37.0,96.9,20,27.6,98,232,0.022,0.5,1.22,1,0,1,0.7221,High,1
SYN-05002,49,0,61,150,88,36.6,99.0,17,24.0,95,243,0.363,0.4,1.12,1,0,0,0.9953,High,1
SYN-08267,75,1,59,157,83,36.8,96.9,20,28.9,94,280,0.002,0.7,1.53,1,0,0,0.3682,Moderate,0
SYN-09419,65,0,94,129,72,37.9,97.1,22,30.3,192,214,0.007,10.8,1.19,0,1,0,0.4191,Moderate,0
SYN-07876,65,0,93,153,85,36.9,98.4,13,28.4,99,285,0.006,4.4,1.54,1,0,1,0.6626,High,1
SYN-00891,41,0,90,143,84,36.5,97.2,19,30.3,102,252,0.015,0.7,1.21,1,0,0,0.1311,Low,0
SYN-05519,67,1,88,139,76,37.0,99.3,22,36.3,118,231,0.011,1.8,1.12,0,1,0,0.3542,Moderate,0
SYN-00591,34,1,64,96,61,36.8,99.6,14,15.0,86,216,0.002,0.4,1.07,0,0,0,0.0019,Low,0
SYN-01776,59,1,91,150,91,36.6,98.9,15,25.3,173,236,0.004,3.4,1.33,1,1,0,0.3905,Moderate,0
SYN-06004,64,1,92,122,65,39.4,98.0,15,24.1,102,124,0.004,9.7,1.2,0,0,0,0.0494,Low,0
SYN-05684,40,1,73,142,76,36.7,96.7,19,22.7,102,243,0.005,2.2,1.34,0,0,1,0.084,Low,0
SYN-07109,63,1,58,118,63,36.3,97.1,16,21.5,181,217,0.007,1.4,1.39,0,1,1,0.2183,Low,0
SYN-05889,68,1,90,134,72,36.9,98.4,19,23.9,207,220,1.425,1.4,1.39,0,1,0,1.0,High,1
SYN-09216,87,0,74,138,82,36.2,97.3,17,31.9,171,252,0.009,1.4,1.14,0,1,0,0.5152,Moderate,1
SYN-08889,82,0,61,140,79,37.0,97.9,17,26.7,108,250,0.002,2.2,1.67,0,0,0,0.1683,Low,0
SYN-07509,42,1,78,117,71,37.1,98.6,16,30.2,113,273,0.007,1.0,1.5,0,0,0,0.0323,Low,0
SYN-05828,90,1,84,179,99,36.4,97.9,19,35.5,241,223,0.004,2.3,1.65,1,1,0,0.952,High,1
SYN-01623,66,1,76,124,75,36.8,99.2,15,15.0,86,214,0.001,1.6,1.48,0,0,0,0.0288,Low,0
SYN-05459,64,1,80,157,96,37.1,99.7,13,31.6,89,190,0.007,3.8,1.41,1,0,1,0.5481,Moderate,1
SYN-05525,51,0,83,134,77,37.0,98.3,12,30.2,93,275,0.017,0.8,0.99,0,0,0,0.0533,Low,0
SYN-02443,38,1,68,119,67,38.3,95.8,17,26.1,70,219,0.011,14.1,1.18,0,0,0,0.0268,Low,0
SYN-02266,67,1,94,152,91,37.0,99.2,14,27.2,185,223,0.007,4.7,1.31,1,1,0,0.5538,Moderate,1
SYN-08157,51,1,83,147,87,36.6,98.2,17,28.3,176,287,0.003,0.9,1.29,1,1,0,0.3392,Moderate,0
SYN-03335,55,1,82,119,73,37.3,91.5,24,24.2,92,212,0.001,2.9,1.14,0,0,1,0.1306,Low,0
SYN-07609,84,0,86,159,100,36.4,98.3,17,33.9,227,277,0.008,0.9,1.49,1,1,0,0.8734,High,1
SYN-03383,84,1,90,161,89,36.6,98.3,15,28.9,110,243,0.005,2.2,1.75,1,0,0,0.5874,Moderate,1
SYN-04875,37,1,79,106,56,36.7,99.8,13,31.1,80,171,0.007,1.9,1.07,0,0,0,0.0062,Low,0
SYN-07974,65,0,78,117,71,37.1,98.6,14,24.4,79,188,0.003,4.1,1.4,0,0,0,0.0266,Low,0
SYN-04535,54,1,82,118,76,36.9,98.6,18,34.2,174,234,0.629,3.6,1.13,0,1,0,0.9998,High,1
SYN-07134,47,1,86,149,81,37.4,97.4,18,36.2,115,206,0.018,2.1,1.34,1,0,1,0.6411,Moderate,1
SYN-02203,55,1,45,149,93,36.7,99.2,17,40.6,119,244,0.006,1.0,0.88,0,0,0,0.0712,Low,0
SYN-06829,48,0,79,136,81,37.5,100.0,15,33.5,149,207,0.012,2.1,1.22,0,1,0,0.106,Low,0
SYN-00057,50,1,84,159,88,37.1,98.1,17,30.4,83,234,0.005,2.6,1.53,1,0,0,0.1793,Low,0
SYN-01051,34,0,91,138,79,36.8,98.1,12,32.0,232,259,0.038,4.8,1.24,1,1,1,0.8286,High,1
SYN-06721,78,0,79,151,94,37.0,98.3,15,34.9,85,221,0.011,0.5,1.43,1,0,0,0.3485,Moderate,0
SYN-02592,89,0,94,136,75,36.7,98.0,18,18.3,142,203,0.004,1.0,1.41,0,1,0,0.3576,Moderate,0
SYN-07087,43,1,80,147,79,36.9,97.8,19,34.9,178,223,0.024,0.6,1.47,1,1,0,0.5158,Moderate,1
SYN-01048,63,0,79,148,82,36.8,99.1,17,33.7,110,253,0.006,3.0,1.31,0,0,1,0.2556,Low,0
SYN-08436,68,0,73,157,91,37.1,96.9,11,34.8,210,236,0.246,0.5,1.45,1,1,1,0.9998,High,1
SYN-07208,66,1,99,122,75,38.2,97.2,15,19.2,115,183,0.013,17.5,1.38,0,0,0,0.1538,Low,0
SYN-01812,22,0,84,118,61,36.6,98.4,17,28.3,83,225,0.012,0.3,0.89,0,0,0,0.0068,Low,0
SYN-00700,51,1,99,158,91,36.8,98.0,18,30.3,95,196,0.006,0.5,1.22,1,0,1,0.5225,Moderate,1
SYN-05708,61,0,96,150,81,36.7,99.1,17,29.5,118,239,0.001,1.8,1.3,1,1,0,0.2951,Low,0
SYN-03842,53,1,54,135,83,37.0,97.8,16,19.4,77,213,0.005,2.5,1.42,1,0,0,0.042,Low,0
SYN-08962,60,1,55,166,89,37.2,97.2,17,28.5,101,259,0.001,0.2,1.35,1,0,0,0.1913,Low,0
SYN-07049,58,0,70,119,71,37.2,93.5,20,27.7,101,204,0.003,0.3,1.2,0,0,1,0.0884,Low,0
SYN-04043,53,0,83,129,71,37.0,99.2,19,24.3,96,195,0.008,0.2,1.33,1,0,0,0.0591,Low,0
SYN-02780,38,1,96,136,79,36.8,98.7,17,22.2,112,248,0.012,3.4,1.45,1,0,1,0.3334,Moderate,0
SYN-02085,70,1,91,173,108,36.7,97.0,16,32.8,119,234,0.009,2.3,1.48,1,1,1,0.933,High,1
SYN-00065,65,0,87,126,77,36.6,98.5,16,32.4,191,258,1.023,1.3,1.29,0,1,0,1.0,High,1
SYN-03173,70,1,72,121,76,36.8,95.4,16,26.6,169,193,0.003,0.4,1.56,0,1,1,0.3478,Moderate,0
SYN-06697,49,0,93,126,71,37.1,98.6,11,29.8,163,194,0.018,1.2,0.91,0,1,0,0.0912,Low,0
SYN-03079,34,1,68,107,63,37.3,96.9,19,25.5,216,195,0.004,0.6,1.19,0,1,1,0.0745,Low,0
SYN-06935,77,0,72,124,66,36.5,98.7,14,30.7,95,242,0.004,1.6,1.23,0,0,0,0.0719,Low,0
SYN-09069,27,0,75,112,73,36.7,95.2,20,30.6,96,224,0.01,0.5,0.82,0,0,1,0.022,Low,0
SYN-00655,63,1,77,117,75,36.8,97.9,10,32.7,145,219,0.001,0.9,1.67,0,1,1,0.1936,Low,0
SYN-07699,46,1,62,126,65,36.7,97.7,13,21.5,99,207,0.017,3.5,1.32,0,0,0,0.0276,Low,0
SYN-08872,77,1,67,113,65,36.4,95.5,16,29.0,93,198,0.002,0.6,1.49,0,0,0,0.0717,Low,0
SYN-02841,51,1,76,122,71,36.5,97.6,11,24.6,169,220,0.006,1.2,1.64,0,1,0,0.0854,Low,0
SYN-05921,50,1,67,120,87,36.7,97.7,17,25.8,102,231,0.004,0.2,1.04,0,0,1,0.0428,Low,0
SYN-00548,38,0,72,117,79,37.1,98.5,16,25.1,106,209,0.026,1.9,0.99,0,0,0,0.021,Low,0
SYN-00439,44,1,55,135,69,36.5,97.0,17,31.8,226,185,0.003,3.4,1.4,1,1,1,0.5639,Moderate,1
SYN-05605,53,0,78,138,83,36.3,98.1,16,37.7,123,259,0.012,5.1,1.33,0,1,0,0.2144,Low,0
SYN-03662,60,0,90,140,71,36.8,97.9,18,21.4,86,201,0.02,22.3,0.93,0,0,0,0.169,Low,0
SYN-09064,71,0,60,163,86,36.9,94.8,15,34.2,155,261,0.004,2.4,1.26,1,1,0,0.5957,Moderate,1
SYN-07729,64,1,70,162,89,36.3,97.6,14,27.9,96,248,0.004,0.3,1.83,1,0,0,0.2689,Low,0
SYN-07707,82,0,74,126,76,37.0,98.1,10,25.5,99,239,0.751,1.0,1.52,0,0,0,0.9998,High,1
SYN-00717,29,1,88,148,87,36.9,100.0,19,29.1,173,221,0.001,2.1,1.23,1,1,0,0.1232,Low,0
SYN-08631,57,0,69,146,86,36.9,99.0,15,32.2,103,212,0.005,2.2,1.66,1,0,0,0.1228,Low,0
SYN-01046,40,1,80,144,85,36.2,99.3,13,25.4,91,219,0.001,0.5,1.68,1,0,0,0.0421,Low,0
SYN-05061,37,0,72,135,87,36.6,98.6,12,18.7,193,168,0.003,2.2,1.07,1,1,0,0.0448,Low,0
SYN-00701,72,1,88,157,89,36.4,94.4,18,28.6,208,241,0.005,0.6,1.38,1,1,1,0.9464,High,1
SYN-04804,70,1,71,122,76,36.7,95.6,19,26.0,208,232,0.005,0.5,1.28,0,1,1,0.4728,Moderate,0
SYN-04444,38,0,62,125,70,36.1,98.4,16,27.0,96,222,0.018,2.6,0.97,1,0,0,0.0301,Low,0
SYN-06111,50,0,68,144,78,36.1,97.4,16,28.1,92,205,0.002,2.1,1.17,1,0,1,0.2199,Low,0
SYN-05183,53,1,89,126,80,38.7,96.6,19,26.5,112,239,0.014,12.3,1.6,0,0,0,0.1668,Low,0
SYN-03033,34,0,85,118,82,38.8,96.7,19,30.8,85,226,0.001,7.0,1.22,0,0,1,0.0344,Low,0
SYN-09828,52,1,89,167,96,36.7,98.6,13,29.4,221,269,0.006,2.7,1.63,1,1,0,0.628,Moderate,1
SYN-00375,63,0,63,111,80,36.5,97.7,17,33.5,75,253,0.002,0.7,1.27,0,0,1,0.0575,Low,0
SYN-08559,52,0,85,124,76,38.0,97.6,19,30.7,79,242,0.015,11.8,1.18,0,0,0,0.0832,Low,0
SYN-05871,57,0,77,110,70,36.6,98.5,17,30.0,99,194,0.002,0.9,1.01,0,0,0,0.0173,Low,0
SYN-05640,63,0,79,162,88,36.5,100.0,17,32.6,83,250,0.008,4.9,1.1,1,0,0,0.2309,Low,0
SYN-08188,37,1,67,113,77,37.1,96.9,13,36.5,80,205,0.002,1.2,1.05,0,0,1,0.0182,Low,0
SYN-03635,51,1,80,125,78,36.7,97.2,20,27.9,112,220,0.001,0.2,1.06,0,0,1,0.0736,Low,0
SYN-08118,36,0,73,122,64,37.0,98.2,17,25.8,99,228,0.433,0.6,1.0,0,0,0,0.987,High,1
SYN-05766,56,1,71,127,71,36.7,99.2,13,32.3,94,267,0.004,1.3,1.01,0,0,0,0.0335,Low,0
SYN-03866,37,0,69,133,78,36.8,98.6,10,18.4,83,249,0.019,1.2,1.52,1,0,1,0.1312,Low,0
SYN-04244,42,0,72,153,83,36.7,98.3,15,36.7,196,217,0.006,1.8,1.1,1,1,0,0.2412,Low,0
SYN-02639,65,1,68,143,79,36.6,97.9,13,31.7,157,235,0.17,0.9,1.16,0,1,0,0.9864,High,1
SYN-03537,69,0,61,153,97,36.8,94.3,17,23.6,106,241,0.001,1.1,1.32,1,0,1,0.5489,Moderate,1
SYN-01457,90,1,73,158,79,36.5,97.9,18,18.5,85,216,0.037,0.2,1.46,1,0,0,0.6959,High,1
SYN-05458,74,1,70,161,87,36.5,99.0,20,22.1,100,210,0.047,2.0,1.34,1,0,0,0.8585,High,1
SYN-00600,26,0,86,117,68,36.9,99.2,16,30.1,83,205,0.015,3.8,1.15,0,0,0,0.0107,Low,0
SYN-01948,39,0,71,132,86,38.5,94.7,20,26.5,67,210,0.002,8.7,1.04,0,0,0,0.022,Low,0
SYN-02261,18,0,78,141,77,37.0,96.7,23,29.1,72,250,0.653,2.5,0.9,1,0,0,0.9989,High,1
SYN-07896,42,0,81,140,88,37.1,98.5,20,27.3,131,164,0.001,1.2,0.99,1,1,0,0.0754,Low,0
SYN-00077,47,1,81,126,67,36.8,99.1,19,25.3,90,237,0.009,0.2,1.21,0,0,0,0.0326,Low,0
SYN-07738,47,0,72,143,76,36.5,98.1,17,27.1,97,239,0.74,0.8,1.14,1,0,0,0.9998,High,1
SYN-03865,27,0,71,118,68,37.0,97.9,18,28.8,105,217,0.005,0.9,1.17,0,0,0,0.0081,Low,0
SYN-05827,69,1,76,153,86,36.1,99.1,13,29.3,89,234,0.002,2.3,1.79,1,0,0,0.2243,Low,0
SYN-04206,50,0,91,135,80,38.5,95.8,18,31.1,88,236,0.003,20.9,0.98,0,0,0,0.0974,Low,0
SYN-02703,67,1,98,147,93,36.3,97.5,17,30.1,107,214,0.003,0.9,1.66,1,0,0,0.3109,Moderate,0
SYN-00858,61,1,90,145,90,36.2,99.7,10,21.7,104,220,0.007,0.5,1.76,1,1,0,0.2146,Low,0
SYN-05507,46,0,85,136,79,36.7,98.5,13,29.2,119,209,0.001,0.6,1.21,0,0,0,0.0255,Low,0
SYN-01369,74,1,71,108,62,36.9,98.4,17,24.9,163,269,0.004,1.9,1.33,0,1,0,0.1601,Low,0
SYN-02730,34,0,80,102,73,38.0,97.5,13,18.7,214,178,0.002,11.9,0.83,0,1,0,0.0177,Low,0
SYN-03951,42,0,65,111,72,36.8,98.1,11,27.8,77,153,0.003,0.7,1.13,0,0,0,0.0042,Low,0
SYN-02333,58,1,58,121,69,36.7,94.8,12,27.3,87,217,0.001,2.6,1.38,0,0,1,0.0571,Low,0
SYN-09481,50,1,106,140,81,38.7,98.1,19,28.6,106,276,0.015,15.5,1.38,1,0,1,0.7513,High,1
SYN-05811,84,0,77,170,85,37.2,96.7,20,36.1,204,263,0.005,1.0,1.65,1,1,0,0.903,High,1
SYN-05034,53,1,100,145,78,38.3,97.4,17,29.6,89,260,0.157,22.7,1.4,1,0,0,0.9912,High,1
SYN-06223,54,0,74,151,87,38.6,81.8,26,27.4,84,273,0.008,21.4,1.42,1,0,1,0.9299,High,1
SYN-01491,44,1,79,112,82,36.5,97.9,18,24.2,87,201,0.002,1.3,0.95,0,0,0,0.0106,Low,0
SYN-02467,47,0,74,126,73,36.5,99.3,21,28.7,70,168,0.001,4.0,0.99,0,0,0,0.0138,Low,0
SYN-04164,32,1,62,105,62,36.8,99.4,19,23.3,75,247,0.03,2.2,1.23,0,0,0,0.015,Low,0
SYN-03962,75,0,81,149,81,37.2,95.6,18,34.9,117,226,0.024,1.5,1.2,0,1,0,0.5941,Moderate,1
SYN-07735,78,1,87,155,85,36.4,97.7,16,22.1,67,260,0.001,0.7,1.54,1,0,0,0.2867,Low,0
SYN-00768,45,1,73,138,73,36.8,99.0,14,25.7,85,153,0.023,0.6,1.65,1,0,0,0.0787,Low,0
SYN-04469,90,0,79,169,101,37.2,95.8,20,27.4,82,218,0.001,0.2,1.39,1,0,0,0.5354,Moderate,1
SYN-01601,53,1,76,121,70,36.2,98.7,16,23.5,95,202,0.006,3.1,1.23,0,0,0,0.0257,Low,0
SYN-00372,75,1,77,137,80,36.4,98.3,17,31.6,100,205,0.005,2.6,1.7,0,0,0,0.1804,Low,0
SYN-00099,60,0,90,123,77,38.8,98.8,15,34.7,67,240,0.001,8.0,1.12,0,0,1,0.0873,Low,0
SYN-08403,48,0,99,142,80,39.0,97.5,22,28.2,177,223,0.002,31.6,1.35,1,1,0,0.5907,Moderate,1
SYN-07297,50,0,93,141,75,36.3,97.0,17,23.6,101,202,0.027,1.2,1.62,1,0,1,0.582,Moderate,1
SYN-02021,54,1,80,157,74,36.7,99.8,19,30.2,206,211,0.487,4.2,1.73,1,1,0,0.9999,High,1
SYN-09849,38,0,97,169,82,37.1,96.9,23,33.5,103,240,0.033,0.6,1.27,1,0,0,0.4651,Moderate,0
SYN-03255,48,0,80,136,71,36.7,97.8,19,24.8,97,280,0.017,0.4,1.29,0,0,1,0.1447,Low,0
SYN-08327,50,1,85,122,72,37.0,100.0,12,24.6,282,241,0.002,1.3,1.3,0,1,0,0.1337,Low,0
SYN-05598,43,1,67,134,73,36.3,98.3,14,23.2,90,234,0.022,2.6,1.39,1,0,1,0.2806,Low,0
SYN-07565,46,1,49,104,66,36.8,99.4,20,17.3,99,224,0.01,2.4,1.42,0,0,0,0.011,Low,0
SYN-03134,44,1,84,137,69,36.7,97.4,19,36.3,193,260,0.014,1.1,1.4,0,1,0,0.3237,Moderate,0
SYN-05831,36,1,68,116,69,37.1,95.1,18,27.1,94,248,0.813,0.8,1.28,0,0,1,0.9997,High,1
SYN-07487,61,0,69,166,94,36.6,98.3,11,33.7,105,250,0.011,1.7,1.12,1,0,0,0.2205,Low,0
SYN-00619,44,0,78,142,83,35.8,98.4,17,26.6,93,208,0.018,0.5,1.33,1,1,0,0.1453,Low,0
SYN-08854,46,0,60,114,68,36.7,98.4,21,28.3,81,175,0.012,0.5,1.16,0,0,0,0.0148,Low,0
SYN-04936,43,0,82,107,75,36.6,98.3,19,20.0,91,227,0.002,0.4,0.87,0,0,0,0.0071,Low,0
SYN-02320,50,1,68,140,76,36.6,97.4,14,31.9,108,225,0.001,4.3,1.58,1,0,1,0.3398,Moderate,0
SYN-07899,51,1,59,146,85,37.1,99.5,14,28.6,189,220,0.007,2.6,1.39,1,1,0,0.2343,Low,0
SYN-01186,32,0,88,130,77,36.5,99.6,17,29.5,68,199,0.011,1.4,1.07,1,0,0,0.0224,Low,0
SYN-05395,59,0,75,122,64,37.4,97.3,15,26.3,204,236,0.003,0.2,1.19,0,1,0,0.1168,Low,0
SYN-04315,54,1,87,161,92,36.1,99.4,16,29.5,161,265,0.001,2.2,1.59,1,1,0,0.4342,Moderate,0
SYN-01472,72,1,58,159,79,37.1,98.3,13,29.0,98,246,0.001,0.2,1.55,1,0,0,0.2132,Low,0
SYN-07079,39,1,68,142,86,37.5,98.3,14,27.0,167,265,0.016,0.5,1.4,1,1,0,0.21,Low,0
SYN-03218,73,0,100,157,76,38.5,97.1,15,18.8,98,257,0.005,18.5,1.47,1,0,1,0.8137,High,1
SYN-00677,90,0,108,145,83,38.4,99.4,16,31.2,96,176,0.005,10.4,1.41,1,0,0,0.5017,Moderate,1
SYN-09688,21,0,46,117,61,36.9,97.9,14,34.5,196,137,0.005,1.4,1.19,0,1,0,0.0115,Low,0
SYN-01618,26,1,64,120,78,36.2,99.2,20,18.8,72,206,0.013,0.4,1.03,0,0,0,0.0058,Low,0
SYN-01445,52,1,82,99,56,36.7,95.5,17,25.7,75,211,0.016,1.2,1.32,0,0,1,0.0615,Low,0
SYN-04258,72,0,76,153,74,36.5,97.2,19,30.6,96,277,0.009,2.6,1.63,1,0,1,0.7898,High,1
SYN-05833,57,1,68,105,74,37.2,99.9,17,20.2,82,202,0.012,1.3,1.62,0,0,0,0.0208,Low,0
SYN-01525,47,1,74,112,73,36.9,98.9,13,21.7,94,182,0.001,0.8,1.19,0,0,1,0.016,Low,0
SYN-09226,42,1,64,100,66,36.5,97.3,22,34.1,84,244,0.363,3.2,1.12,0,0,1,0.9924,High,1
SYN-04525,71,1,71,137,76,36.8,98.5,18,20.1,85,203,0.003,0.7,1.53,1,0,0,0.1189,Low,0
SYN-08613,46,0,76,117,61,37.0,97.5,16,27.5,97,255,0.001,2.1,1.27,0,1,0,0.0321,Low,0
SYN-09702,77,0,64,141,77,36.7,95.8,20,30.3,106,276,0.002,2.3,1.3,0,0,1,0.3412,Moderate,0
SYN-03674,23,1,91,141,81,36.4,98.3,14,27.3,83,201,0.022,0.7,1.06,1,0,0,0.0385,Low,0
SYN-08735,50,0,65,147,93,37.2,100.0,12,34.1,108,245,0.002,2.7,1.05,1,0,0,0.0546,Low,0
SYN-03049,68,0,70,115,70,37.0,98.3,16,19.8,103,187,0.032,0.2,1.07,0,0,0,0.0661,Low,0
SYN-05188,54,1,77,143,81,36.5,99.2,14,25.1,109,234,0.004,2.5,1.65,1,0,0,0.1079,Low,0
SYN-02465,43,0,69,133,86,37.0,98.4,15,26.6,94,227,0.004,1.3,1.03,0,0,0,0.0155,Low,0
SYN-02235,39,1,61,122,66,37.1,97.0,19,28.4,86,210,0.002,2.4,1.08,0,0,0,0.0132,Low,0
SYN-07720,32,1,75,138,77,36.8,98.0,20,23.6,108,211,0.001,0.3,1.54,1,0,0,0.0364,Low,0
SYN-04571,52,0,95,131,83,38.8,96.5,15,31.9,188,251,0.012,29.1,1.15,0,1,1,0.6553,High,1
SYN-08434,51,0,70,124,82,39.0,96.0,21,25.5,158,168,0.023,12.0,1.15,0,1,0,0.2071,Low,0
SYN-05832,57,0,88,121,68,36.5,97.3,19,23.0,104,246,0.01,0.4,1.1,0,0,0,0.0504,Low,0
SYN-05060,55,1,98,162,88,37.0,97.8,15,31.1,78,247,0.004,5.2,1.22,1,0,0,0.2323,Low,0
SYN-08285,66,0,82,147,90,36.3,98.3,16,30.3,206,225,0.013,3.4,1.32,0,1,0,0.4551,Moderate,0
SYN-03200,47,0,101,124,70,39.0,99.0,19,29.4,101,182,0.01,37.4,1.13,0,0,0,0.1301,Low,0
SYN-06296,24,1,74,120,56,37.4,98.3,21,27.1,106,195,0.017,2.2,1.16,0,0,0,0.0162,Low,0
SYN-01042,70,1,65,119,72,36.9,98.4,18,24.6,82,192,0.01,2.7,1.59,0,0,0,0.0652,Low,0
SYN-09790,63,1,114,164,89,39.8,98.0,24,28.7,80,251,0.035,18.9,1.8,1,0,0,0.8843,High,1
SYN-08273,90,0,93,153,87,36.7,98.4,15,31.4,168,270,0.016,1.4,1.53,1,1,0,0.8605,High,1
SYN-01020,64,1,92,168,94,36.9,96.6,19,32.5,126,235,0.01,1.2,1.52,1,1,0,0.7148,High,1
SYN-09558,52,0,57,123,78,36.8,98.7,19,25.8,166,233,0.007,0.3,1.1,0,1,0,0.0631,Low,0
SYN-09083,49,1,89,166,88,36.7,96.4,17,29.6,79,232,0.017,4.9,1.0,1,0,1,0.6594,High,1
SYN-08798,73,0,75,166,85,36.3,97.2,15,36.5,98,238,0.012,1.0,1.44,1,0,0,0.4776,Moderate,0
SYN-03989,73,0,74,125,73,36.9,97.1,15,25.2,89,269,0.001,0.2,1.13,0,0,0,0.0539,Low,0
SYN-04003,58,0,65,146,71,36.7,98.0,15,31.5,138,263,0.007,7.5,1.16,1,1,0,0.2974,Low,0
SYN-09220,46,1,73,106,52,39.6,97.3,24,15.0,89,205,0.003,17.2,1.22,0,0,0,0.0222,Low,0
SYN-02832,70,1,72,125,76,36.5,98.1,18,28.1,81,230,0.014,1.8,1.39,0,0,0,0.1104,Low,0
SYN-06797,48,0,94,165,99,37.1,97.1,16,34.0,82,277,0.006,0.6,1.42,1,0,0,0.2236,Low,0
SYN-00669,46,1,79,131,80,36.6,99.0,14,32.5,162,200,0.008,4.9,1.2,0,1,0,0.1013,Low,0
SYN-09924,63,0,69,111,71,37.1,97.1,14,17.1,116,206,0.013,2.2,1.08,0,0,1,0.0561,Low,0
SYN-05191,56,1,59,90,66,36.5,98.4,16,23.0,83,249,0.521,0.2,1.23,0,0,0,0.993,High,1
SYN-09556,63,1,88,122,69,37.2,96.5,16,32.4,97,204,0.002,3.2,1.53,0,0,1,0.1585,Low,0
SYN-08511,35,1,87,118,78,36.7,99.0,15,30.0,108,208,0.002,3.9,1.23,0,0,0,0.0141,Low,0
SYN-04745,51,0,73,146,79,36.6,97.2,12,28.5,76,204,0.016,0.9,1.0,1,0,1,0.2793,Low,0
SYN-07960,51,1,77,128,82,36.6,98.6,18,35.9,200,194,0.005,6.3,0.98,0,1,0,0.1625,Low,0
SYN-00765,59,0,99,141,82,36.4,97.0,18,28.9,99,218,0.003,1.8,1.38,1,0,1,0.4939,Moderate,0
SYN-00808,34,1,72,101,66,36.2,98.1,14,17.7,83,218,1.859,0.2,1.06,0,0,0,0.9999,High,1
SYN-09385,68,1,86,141,89,38.9,97.9,22,19.8,99,180,0.008,10.4,1.14,0,0,1,0.2745,Low,0
SYN-03906,90,0,81,143,84,36.2,100.0,18,28.5,95,246,0.013,1.4,1.49,0,0,0,0.3293,Moderate,0
SYN-00609,27,1,60,137,89,37.0,98.9,13,30.3,106,201,0.008,0.6,1.32,0,0,0,0.012,Low,0
SYN-00552,63,0,84,158,92,37.0,98.0,19,25.8,189,222,0.019,1.3,1.15,1,1,0,0.6269,Moderate,1
SYN-02120,66,0,86,128,64,36.8,98.3,19,18.9,182,206,0.055,0.3,1.28,0,1,0,0.789,High,1
SYN-06173,49,1,78,137,83,36.5,99.6,15,28.9,105,240,0.019,1.6,1.17,0,0,0,0.0693,Low,0
SYN-01134,76,0,85,155,94,36.5,97.3,17,31.4,101,212,0.044,1.2,1.29,1,0,0,0.875,High,1
SYN-00136,38,0,98,122,70,36.7,97.5,14,26.8,95,249,0.023,1.7,1.15,0,0,1,0.0782,Low,0
SYN-06230,52,1,79,148,87,37.5,99.4,21,29.0,82,191,0.001,0.5,1.34,1,0,0,0.0882,Low,0
SYN-01668,54,1,88,130,79,36.9,98.5,15,26.8,84,228,0.006,1.3,1.35,0,0,0,0.045,Low,0
SYN-09793,25,1,58,109,66,36.6,99.4,17,24.8,223,254,0.001,3.2,1.17,0,1,0,0.0198,Low,0
SYN-01739,41,0,69,118,69,36.7,97.9,20,26.6,82,252,0.001,6.0,0.96,0,0,0,0.0128,Low,0
SYN-04096,26,1,67,95,47,36.7,98.9,12,23.2,90,217,0.001,2.3,1.2,0,0,1,0.0042,Low,0
SYN-04459,45,0,83,132,80,36.7,97.2,19,29.2,109,253,0.003,2.7,1.15,0,0,0,0.0413,Low,0
SYN-09505,54,1,80,127,73,37.2,97.7,18,31.8,95,266,0.001,2.0,1.36,0,0,0,0.0573,Low,0
SYN-01007,65,0,111,182,95,36.6,98.2,16,37.7,201,206,0.001,1.1,1.47,1,1,0,0.7963,High,1
SYN-02128,46,0,118,160,94,40.1,91.3,22,33.5,133,246,0.013,14.1,1.67,1,1,0,0.8341,High,1
SYN-08179,51,0,87,128,80,36.6,98.1,15,30.7,104,215,0.006,9.0,1.0,0,0,1,0.0877,Low,0
SYN-08760,43,0,101,116,73,36.9,98.9,12,17.6,104,194,0.015,5.1,1.22,0,0,0,0.0184,Low,0
SYN-07064,50,1,59,114,79,36.8,98.6,10,27.8,105,250,0.003,0.2,1.54,0,0,0,0.0153,Low,0
SYN-08567,56,1,71,124,89,36.7,97.5,15,27.7,91,227,0.002,1.4,1.13,0,0,1,0.0583,Low,0
SYN-06154,51,1,74,151,88,36.9,95.7,19,27.2,90,241,0.003,0.4,1.31,1,0,1,0.4356,Moderate,0
SYN-04292,29,0,63,105,55,36.5,97.9,13,22.5,90,230,0.016,5.8,0.95,0,0,0,0.0053,Low,0
SYN-08628,35,1,59,127,69,36.9,96.6,16,23.3,93,217,0.019,0.9,1.02,0,0,1,0.0387,Low,0
SYN-00437,45,1,72,143,85,37.0,99.2,12,36.5,108,283,0.005,3.1,1.55,1,1,0,0.1806,Low,0
SYN-08944,79,1,55,169,93,36.9,97.7,15,41.2,148,247,0.017,0.6,1.56,1,1,0,0.8278,High,1
SYN-00187,57,1,77,150,84,36.1,98.6,17,32.6,92,222,0.014,0.7,1.71,1,0,0,0.2554,Low,0
SYN-04806,33,0,63,111,66,38.7,96.9,21,22.0,93,161,0.002,9.3,1.3,0,0,0,0.0075,Low,0
SYN-08216,61,1,80,153,81,37.2,98.3,15,33.7,183,189,0.001,0.7,1.32,1,1,0,0.3911,Moderate,0
SYN-06588,59,0,66,162,94,36.8,97.2,18,35.2,62,262,0.011,4.2,1.13,1,0,0,0.2383,Low,0
SYN-02839,73,0,72,157,96,37.1,98.3,16,29.7,170,227,0.017,0.3,1.57,1,1,0,0.6738,High,1
SYN-05643,65,0,71,134,79,37.6,98.3,17,28.7,60,232,0.016,1.4,1.21,0,0,0,0.0747,Low,0
SYN-01887,37,1,65,105,74,37.1,99.7,15,24.8,93,194,0.018,1.2,1.33,0,0,0,0.0098,Low,0
SYN-07120,31,1,67,115,74,36.3,99.5,14,35.4,107,255,0.001,1.7,1.29,0,0,0,0.0096,Low,0
SYN-06881,27,1,96,125,78,36.8,97.5,14,20.9,92,186,0.023,3.2,1.0,0,0,0,0.018,Low,0
SYN-04487,81,0,82,156,90,37.1,98.1,16,32.8,83,244,0.015,3.2,1.24,0,0,0,0.3475,Moderate,0
SYN-08323,24,0,72,106,52,36.8,97.5,15,31.2,142,259,0.001,1.5,0.75,0,1,0,0.0093,Low,0
SYN-00483,55,1,75,128,82,36.9,99.5,14,22.8,103,203,0.01,3.2,1.24,0,0,0,0.0349,Low,0
SYN-00836,40,1,97,145,80,36.6,100.0,15,35.0,85,222,0.005,4.5,1.35,0,0,0,0.051,Low,0
SYN-00286,46,0,62,148,81,36.5,97.8,20,32.8,80,208,0.012,1.7,1.34,1,0,0,0.0982,Low,0
SYN-08549,56,1,89,148,90,36.5,97.9,13,36.2,242,236,0.007,3.1,1.51,1,1,0,0.6212,Moderate,1
SYN-05526,31,1,78,145,90,36.6,97.2,16,27.7,95,228,0.004,0.2,1.11,1,0,0,0.037,Low,0
SYN-01988,42,1,56,120,66,36.5,98.5,17,17.4,111,190,0.012,1.1,1.06,0,0,0,0.0117,Low,0
SYN-08731,65,1,68,141,84,36.9,95.5,15,34.7,99,217,0.001,4.1,1.37,0,0,1,0.2182,Low,0
SYN-05403,33,0,75,137,68,36.3,99.5,12,21.8,85,202,0.018,6.6,0.92,0,0,0,0.0138,Low,0
SYN-09612,65,1,73,122,65,36.2,98.9,11,26.9,89,237,0.002,0.6,1.38,0,0,0,0.033,Low,0
SYN-08213,63,1,68,118,63,36.7,98.1,16,24.0,59,206,0.008,1.5,1.4,0,0,1,0.0631,Low,0
SYN-07612,48,1,89,154,92,38.4,98.7,15,34.8,89,186,0.562,10.8,1.48,1,0,0,0.9998,High,1
SYN-02278,84,1,66,139,74,37.0,97.0,17,32.5,192,267,0.011,0.6,1.3,0,1,0,0.6112,Moderate,1
SYN-07727,51,1,65,115,79,36.3,98.0,14,25.0,95,209,0.035,0.4,1.38,0,0,0,0.0538,Low,0
SYN-03232,78,1,78,142,88,36.6,98.5,14,16.6,150,241,0.017,0.5,1.07,0,1,0,0.319,Moderate,0
SYN-05885,67,0,71,128,81,37.0,97.4,16,25.9,93,228,0.022,1.9,1.14,0,0,0,0.0999,Low,0
SYN-00718,65,0,83,125,83,36.4,99.0,18,26.2,109,233,0.144,4.8,0.91,0,1,1,0.9749,High,1
SYN-03799,67,1,63,136,80,36.5,97.6,20,32.3,102,271,0.006,1.9,1.6,0,0,1,0.2949,Low,0
SYN-00783,83,1,79,153,96,36.6,97.3,18,23.7,105,219,0.002,0.3,1.62,1,0,0,0.393,Moderate,0
SYN-04613,47,1,85,141,67,36.6,97.9,15,38.0,124,194,0.004,4.6,1.36,1,1,0,0.2171,Low,0
SYN-05668,51,1,84,113,73,36.5,95.4,16,37.3,85,234,0.008,1.2,1.38,0,0,1,0.1071,Low,0
SYN-06971,57,1,90,148,100,38.0,94.5,16,27.6,103,186,0.004,6.5,1.07,1,0,1,0.534,Moderate,1
SYN-07477,38,0,98,149,93,36.9,98.0,17,28.3,122,221,0.001,0.2,1.31,1,1,0,0.1261,Low,0
SYN-06942,22,1,92,112,45,36.5,97.5,14,27.8,78,174,0.004,0.8,1.34,0,0,0,0.0053,Low,0
SYN-08306,62,1,67,137,78,36.7,98.3,15,26.6,198,173,0.001,0.8,1.42,0,1,0,0.1526,Low,0
SYN-02050,36,1,68,119,68,37.5,97.5,17,28.1,121,191,0.004,0.5,1.36,0,0,1,0.0311,Low,0
SYN-01638,70,0,81,133,89,37.0,98.1,13,25.6,102,232,0.014,1.1,1.03,0,0,0,0.0866,Low,0
SYN-02444,66,0,91,176,85,36.5,98.4,19,36.4,98,239,0.019,1.1,1.26,1,0,0,0.5986,Moderate,1
SYN-06589,44,0,88,118,72,37.5,97.8,18,27.1,103,191,0.009,0.8,0.64,0,0,0,0.016,Low,0
SYN-05404,54,1,73,117,79,36.7,97.1,14,23.8,105,248,0.013,2.3,1.34,0,0,0,0.0438,Low,0
SYN-03378,50,1,58,122,67,36.4,98.2,16,40.5,103,221,0.001,1.0,1.34,0,0,0,0.0302,Low,0
SYN-08335,74,0,72,152,94,36.5,99.4,15,26.9,70,269,0.002,0.5,1.51,1,0,0,0.1752,Low,0
SYN-08162,79,0,69,157,89,36.9,98.4,17,31.3,227,191,0.001,1.7,1.2,1,1,1,0.888,High,1
SYN-06033,77,0,105,138,86,36.7,98.8,16,30.9,148,229,0.019,0.7,1.41,0,1,0,0.5343,Moderate,1
SYN-02744,26,1,79,114,69,36.9,98.5,17,19.3,102,178,0.004,3.2,0.94,0,0,0,0.0045,Low,0
SYN-04985,31,1,62,124,74,35.9,96.1,17,31.7,82,212,0.004,1.4,1.14,0,0,1,0.0243,Low,0
SYN-02499,45,1,75,119,57,36.7,99.0,20,31.0,94,237,0.001,3.4,1.35,0,0,0,0.026,Low,0
SYN-05969,56,1,65,143,90,36.7,96.5,18,24.3,98,234,0.001,2.8,1.51,1,0,1,0.3864,Moderate,0
SYN-03643,53,1,70,146,93,36.7,98.2,15,29.7,101,180,0.011,0.2,1.23,1,0,1,0.3554,Moderate,0
SYN-00695,41,0,66,120,63,36.6,96.9,19,19.6,83,236,0.001,0.3,0.82,0,0,1,0.0155,Low,0
SYN-07325,75,1,64,137,81,37.0,97.0,18,26.3,117,251,0.001,5.2,1.43,0,0,0,0.1599,Low,0
SYN-09528,46,0,70,132,81,36.4,97.7,16,23.0,115,221,0.003,0.6,0.75,0,0,0,0.0156,Low,0
SYN-06287,74,0,80,128,76,36.4,97.1,15,34.0,236,194,0.011,2.7,1.27,0,1,0,0.4446,Moderate,0
SYN-03780,24,0,77,115,80,36.9,97.5,17,35.7,88,230,0.002,2.0,1.02,0,0,0,0.0068,Low,0
SYN-04635,59,0,72,129,79,36.8,98.7,20,18.6,113,220,0.006,1.6,0.75,0,0,0,0.0297,Low,0
SYN-03444,48,1,79,138,85,37.1,94.2,16,21.5,98,197,0.001,0.2,1.58,0,0,1,0.0876,Low,0
SYN-06614,55,1,93,149,75,37.5,96.2,16,34.6,103,224,0.001,9.8,1.49,1,0,0,0.2714,Low,0
SYN-05375,55,1,64,149,93,36.7,96.9,19,24.1,79,230,0.016,0.2,1.71,1,0,0,0.1952,Low,0
SYN-05257,62,0,75,133,70,36.3,97.6,15,31.9,115,214,0.004,0.5,1.06,1,0,0,0.092,Low,0
SYN-02196,24,1,88,139,86,36.8,98.6,23,27.8,222,235,0.015,3.4,1.47,1,1,0,0.2983,Low,0
SYN-09478,48,1,96,165,93,36.8,97.5,20,44.9,150,229,1.246,5.2,1.42,1,1,1,1.0,High,1
SYN-07514,57,0,77,109,58,36.9,97.9,18,31.4,214,245,0.023,1.2,1.19,0,1,0,0.2396,Low,0
SYN-07912,50,1,73,148,88,36.6,95.7,18,31.1,176,203,0.006,2.0,1.29,1,1,1,0.7311,High,1
SYN-09817,64,1,87,108,65,37.0,100.0,13,28.2,90,232,0.001,2.2,1.25,0,0,0,0.0257,Low,0
SYN-08228,32,1,82,132,73,38.5,98.1,20,41.9,135,275,0.005,8.7,1.16,0,1,0,0.1269,Low,0
SYN-09471,64,1,86,145,74,37.1,97.8,15,32.8,90,212,0.01,4.2,1.43,0,0,1,0.2966,Low,0
SYN-07533,30,1,88,124,72,36.7,97.2,14,27.4,73,224,0.007,0.2,1.6,0,0,0,0.0155,Low,0
SYN-02859,49,1,72,119,59,36.9,96.1,15,29.0,88,234,0.001,0.6,1.59,0,0,1,0.0563,Low,0
SYN-03279,42,0,52,110,71,36.7,99.1,18,26.8,92,233,0.006,1.8,0.97,0,0,0,0.0073,Low,0
SYN-01376,60,1,77,130,73,36.3,98.2,16,21.2,89,180,0.019,3.3,1.49,0,0,1,0.1492,Low,0
SYN-07886,30,0,95,113,65,36.9,98.5,15,21.1,91,183,0.001,0.9,1.15,0,0,0,0.0046,Low,0
SYN-04981,63,1,96,130,89,36.7,100.0,16,24.8,93,189,0.009,0.9,1.11,0,0,1,0.1133,Low,0
SYN-06900,31,1,77,131,77,36.5,99.4,16,27.3,114,204,0.004,4.1,1.26,0,0,0,0.0157,Low,0
SYN-09844,63,0,71,145,77,37.3,99.8,16,26.4,74,233,0.019,0.5,1.3,1,0,0,0.1463,Low,0
SYN-07338,38,1,70,115,65,36.4,97.2,10,24.9,90,214,0.001,1.0,1.02,0,0,0,0.0058,Low,0
SYN-01391,43,0,64,148,69,37.8,96.5,16,32.2,199,254,0.003,11.1,1.25,1,1,0,0.3085,Moderate,0
SYN-04313,55,1,66,128,94,36.9,97.8,15,29.3,146,251,0.01,0.4,1.24,0,1,0,0.1212,Low,0
SYN-02210,47,1,81,143,90,36.6,98.2,16,36.7,89,202,0.01,1.0,1.31,1,0,1,0.3885,Moderate,0
SYN-05965,85,1,74,132,78,37.4,96.0,20,22.1,95,198,0.001,0.2,1.59,0,0,1,0.2964,Low,0
SYN-00417,71,0,79,156,93,36.3,96.8,15,24.3,114,248,0.01,0.5,1.29,1,0,0,0.305,Moderate,0
SYN-06396,50,1,66,161,94,37.5,98.4,22,38.0,198,249,0.005,1.5,1.49,1,1,1,0.8687,High,1
SYN-09218,75,1,91,136,77,38.3,98.6,20,36.8,84,279,0.028,12.5,1.23,0,0,1,0.7164,High,1
SYN-00983,58,0,63,113,81,36.1,99.7,11,26.3,110,209,0.005,0.2,1.08,0,0,1,0.0257,Low,0
SYN-05226,60,1,69,154,75,36.7,97.8,14,31.4,165,230,0.003,2.6,1.57,1,1,0,0.41,Moderate,0
SYN-07667,52,1,73,144,77,37.3,98.3,18,25.3,96,188,0.007,1.4,1.66,1,0,0,0.1082,Low,0
SYN-01426,39,0,65,123,69,37.3,98.8,13,21.8,103,252,0.001,0.3,1.04,1,0,0,0.0117,Low,0
SYN-00715,51,1,71,137,88,35.9,98.1,20,27.2,149,227,0.01,0.4,1.59,0,1,0,0.1816,Low,0
SYN-01439,34,1,60,89,50,36.6,98.9,14,25.0,94,198,0.012,0.2,1.11,0,0,0,0.0035,Low,0
SYN-07688,62,0,104,159,87,39.1,98.8,16,26.2,93,182,0.001,14.3,1.08,1,0,0,0.2155,Low,0
SYN-03583,55,1,80,152,89,37.1,97.9,16,32.9,130,231,0.008,2.4,1.06,1,1,0,0.3286,Moderate,0
SYN-03956,22,0,63,108,70,36.2,98.5,16,25.3,92,223,0.003,0.2,0.92,0,0,0,0.0023,Low,0
SYN-04931,65,1,66,123,76,36.8,99.0,12,27.3,86,225,0.005,2.7,1.19,0,0,0,0.0332,Low,0
SYN-00327,29,1,68,128,68,36.8,98.5,16,24.1,102,195,0.015,3.8,1.41,1,0,0,0.0297,Low,0
SYN-08394,35,1,82,133,78,36.1,97.2,17,30.3,175,253,0.002,0.9,1.22,1,1,0,0.1341,Low,0
SYN-08712,45,0,69,114,69,36.9,99.8,11,24.9,82,197,0.005,0.4,1.18,0,0,0,0.006,Low,0
SYN-09342,57,1,78,147,84,36.0,98.5,13,28.8,99,228,0.004,7.9,1.4,1,0,1,0.4573,Moderate,0
SYN-06957,49,0,64,128,82,36.5,100.0,16,23.0,208,177,0.003,3.5,1.15,0,1,0,0.0526,Low,0
SYN-05037,65,1,76,120,71,36.7,98.1,14,23.4,98,224,0.001,3.5,1.38,0,0,0,0.0396,Low,0
SYN-06673,35,1,89,144,84,37.3,98.6,16,32.9,96,233,0.006,1.9,1.6,1,0,1,0.3118,Moderate,0
SYN-03771,47,1,82,129,73,36.5,98.0,11,25.3,92,206,0.031,1.6,1.44,0,0,1,0.1302,Low,0
SYN-00800,55,0,62,155,92,36.5,96.8,18,27.1,173,253,0.001,1.9,1.24,1,1,0,0.2972,Low,0
SYN-00253,82,1,87,120,78,37.1,97.0,19,26.5,96,238,0.001,0.9,1.24,0,0,0,0.1279,Low,0
SYN-00567,51,1,90,135,82,37.3,100.0,16,24.7,165,250,0.001,2.3,1.4,0,1,0,0.1186,Low,0
SYN-02081,61,0,83,117,78,37.3,95.8,17,27.1,75,238,0.001,0.2,1.27,0,0,1,0.0699,Low,0
SYN-04135,37,0,68,157,80,37.1,96.7,20,30.5,249,238,1.595,3.8,1.31,1,1,1,1.0,High,1
SYN-01103,64,1,82,121,77,36.9,97.0,18,26.4,107,205,0.001,1.6,1.29,0,0,0,0.0563,Low,0
SYN-07587,65,0,63,156,88,36.7,97.9,16,30.0,190,225,0.002,2.9,1.34,0,1,0,0.2981,Low,0
SYN-00408,67,0,72,131,68,36.8,99.2,16,31.5,75,231,1.647,3.0,1.1,0,0,0,1.0,High,1
SYN-08553,49,0,78,115,75,36.7,97.5,18,24.3,116,169,0.002,0.5,1.53,0,0,0,0.0192,Low,0
SYN-06956,53,1,62,119,80,36.7,98.3,15,20.8,96,212,0.001,0.3,1.2,0,0,0,0.0131,Low,0
SYN-09593,62,0,90,111,69,38.4,91.7,20,20.5,182,184,0.034,9.7,0.86,0,1,1,0.6007,Moderate,1
SYN-05074,50,0,89,142,75,36.2,99.7,18,21.3,92,190,0.001,0.2,1.36,1,0,0,0.047,Low,0
SYN-07586,47,1,76,136,82,37.2,97.8,14,29.8,83,230,1.872,7.3,1.08,0,0,0,1.0,High,1
SYN-01141,82,1,78,159,90,36.4,98.6,19,22.9,104,243,0.011,6.6,1.44,1,0,0,0.5482,Moderate,1
SYN-03510,37,0,71,123,68,36.5,99.8,16,24.0,237,183,0.003,1.9,1.04,0,1,0,0.036,Low,0
SYN-00074,62,1,79,124,71,36.6,98.3,19,20.0,206,257,0.005,2.4,1.3,0,1,0,0.2075,Low,0
SYN-05133,54,0,71,132,74,36.1,98.5,15,26.2,91,213,0.006,1.0,1.42,1,0,0,0.0535,Low,0
SYN-05483,54,1,94,130,81,36.4,98.1,16,31.5,135,249,0.012,1.6,1.4,0,1,1,0.3644,Moderate,0
SYN-09539,90,1,79,167,92,37.2,96.4,20,34.1,111,221,0.012,1.6,1.7,1,1,0,0.8848,High,1
SYN-02496,89,0,68,144,81,37.5,98.1,14,27.4,199,279,0.001,1.5,1.28,0,1,0,0.4728,Moderate,0
SYN-02454,41,1,87,149,81,36.6,99.5,14,41.7,161,234,0.426,3.8,1.26,1,1,0,0.9996,High,1
SYN-05261,62,1,50,127,83,36.8,96.7,19,27.5,103,197,0.006,1.1,1.32,0,0,1,0.1014,Low,0
SYN-05690,40,0,99,143,83,36.2,99.3,15,31.8,197,188,3.468,1.3,0.94,1,1,1,1.0,High,1
SYN-08286,67,1,81,167,87,36.6,93.6,17,26.7,128,209,0.024,5.4,1.57,1,1,1,0.9574,High,1
SYN-05208,38,0,68,116,69,37.2,99.0,15,28.9,101,199,0.001,0.2,0.99,0,0,0,0.006,Low,0
SYN-05905,81,1,93,143,67,36.9,98.5,15,20.3,138,182,0.001,1.8,1.24,1,1,0,0.3743,Moderate,0
SYN-03685,37,1,71,125,66,36.7,98.3,17,23.3,75,172,0.014,1.4,1.27,0,0,0,0.0147,Low,0
SYN-05419,50,0,47,117,77,36.7,99.4,14,32.4,92,236,0.002,1.6,1.42,0,0,0,0.0125,Low,0
SYN-04816,18,0,71,96,60,37.0,97.3,21,22.8,93,177,0.004,0.5,1.1,0,0,0,0.0021,Low,0
SYN-01741,48,1,54,161,87,37.3,96.7,19,30.6,118,192,0.032,0.7,1.3,1,0,0,0.3173,Moderate,0
SYN-01683,45,0,87,108,66,36.7,98.6,16,25.2,90,205,0.005,0.2,1.35,0,0,0,0.012,Low,0
SYN-07004,51,1,81,120,59,36.4,98.3,10,23.6,97,214,0.006,0.9,1.49,0,0,0,0.0215,Low,0
SYN-08729,59,0,84,154,91,37.3,98.6,16,36.7,138,219,0.005,2.6,1.15,1,1,0,0.3578,Moderate,0
SYN-09772,73,1,64,156,82,36.6,97.0,18,22.7,143,207,0.005,0.9,1.64,1,1,0,0.4997,Moderate,0
SYN-03517,61,0,72,141,87,37.0,98.8,10,32.5,99,161,0.016,2.1,1.49,1,0,0,0.1193,Low,0
SYN-00141,61,0,45,141,80,37.0,97.1,14,36.0,93,219,0.009,2.5,0.92,1,0,0,0.0855,Low,0
SYN-01487,68,1,71,127,71,36.6,97.7,15,22.8,95,212,0.02,1.5,1.22,0,0,0,0.0924,Low,0
SYN-04404,79,0,77,174,98,37.2,97.8,14,29.8,107,209,0.005,0.6,1.44,1,0,0,0.4302,Moderate,0
SYN-07511,70,1,91,114,68,39.1,96.1,20,20.4,101,258,0.006,8.9,1.19,0,0,0,0.1174,Low,0
SYN-09832,68,0,67,161,83,36.8,97.5,14,25.6,101,207,0.001,1.1,1.31,1,0,0,0.1523,Low,0
SYN-05102,80,1,65,134,82,36.7,99.0,18,36.6,253,220,0.005,4.1,1.55,0,1,0,0.6117,Moderate,1
SYN-04490,49,0,71,126,67,36.8,98.5,14,25.7,97,248,0.024,0.6,1.13,0,0,0,0.041,Low,0
SYN-08136,64,1,87,159,91,37.0,98.0,10,27.3,97,183,0.002,5.9,1.45,1,0,1,0.528,Moderate,1
SYN-02452,48,1,78,144,82,37.4,99.1,16,23.3,97,253,0.024,4.0,1.2,1,0,0,0.1552,Low,0
SYN-06800,78,0,72,133,87,36.8,97.8,18,23.4,98,230,0.001,3.0,1.35,0,0,0,0.0958,Low,0
SYN-04091,90,1,84,168,93,37.2,97.8,19,27.9,99,243,0.011,3.4,1.72,1,0,0,0.7625,High,1
SYN-06098,41,0,72,149,83,36.7,96.2,20,35.6,137,258,0.019,0.7,1.15,1,1,1,0.7253,High,1
SYN-09498,84,1,68,150,82,37.4,97.4,15,15.2,95,228,0.002,0.6,1.85,1,0,0,0.2702,Low,0
SYN-03301,63,0,77,162,81,37.1,98.9,17,32.7,74,248,0.01,3.3,1.2,1,0,0,0.2473,Low,0
SYN-02848,44,1,76,133,79,37.1,96.8,14,28.1,78,176,0.005,2.8,1.12,0,0,0,0.021,Low,0
SYN-03238,66,0,79,148,80,36.9,97.3,18,29.8,93,261,0.003,1.9,1.12,1,0,0,0.1898,Low,0
SYN-08500,67,0,72,150,93,36.6,98.8,13,24.7,196,244,0.005,0.6,1.73,1,1,0,0.4363,Moderate,0
SYN-07818,37,1,90,128,74,36.6,97.1,15,24.4,101,168,0.013,0.3,1.23,0,0,0,0.0239,Low,0
SYN-07794,47,1,75,113,58,36.5,99.0,14,26.9,144,219,0.012,4.8,1.37,0,1,0,0.0639,Low,0
SYN-04937,58,1,73,114,72,36.7,98.3,15,28.6,82,203,0.012,1.2,1.38,0,0,0,0.0355,Low,0
SYN-05529,50,1,74,137,75,37.0,98.8,18,28.8,94,197,0.001,2.5,1.02,0,0,0,0.0297,Low,0
SYN-08318,18,1,50,91,50,36.7,98.5,17,21.9,94,239,0.006,3.1,1.7,0,0,0,0.0025,Low,0
SYN-09677,61,1,78,126,74,36.7,98.0,14,24.4,110,239,0.001,0.6,1.26,0,0,1,0.0826,Low,0
SYN-05549,59,1,75,126,70,36.8,98.4,14,28.7,146,232,0.037,0.8,1.25,0,1,0,0.2983,Low,0
SYN-05346,43,1,75,134,88,36.7,98.6,17,28.6,163,237,0.026,0.2,1.76,1,1,0,0.3552,Moderate,0
SYN-09054,61,1,73,158,91,36.1,100.0,14,25.2,191,251,0.006,0.5,1.54,1,1,0,0.4397,Moderate,0
SYN-01166,40,0,59,112,73,36.4,95.2,17,24.1,86,202,0.007,0.2,1.16,0,0,1,0.0192,Low,0
SYN-08291,51,0,85,132,85,37.6,95.3,22,33.3,136,240,0.005,13.5,1.04,0,1,0,0.2385,Low,0
SYN-07649,52,0,86,115,78,37.2,98.0,17,23.2,121,195,0.003,1.6,1.21,0,0,0,0.022,Low,0
SYN-07088,44,0,61,123,86,36.4,99.1,16,25.3,91,256,0.002,3.7,1.11,0,0,0,0.0119,Low,0
SYN-02765,45,0,83,112,76,38.0,99.0,15,31.5,75,281,0.011,7.8,1.26,0,0,0,0.0279,Low,0
SYN-03949,53,0,60,121,76,36.8,98.9,14,38.2,211,224,0.004,3.0,1.36,0,1,0,0.1125,Low,0
SYN-04617,18,0,63,99,64,36.9,97.9,15,23.0,99,218,0.009,0.9,1.07,0,0,1,0.0045,Low,0
SYN-00979,31,1,81,114,67,37.7,83.2,27,27.5,93,209,0.002,11.9,1.24,0,0,1,0.1664,Low,0
SYN-01589,38,0,86,108,67,36.4,99.0,18,23.1,72,228,0.013,2.9,1.08,0,0,0,0.0108,Low,0
SYN-01863,77,1,61,148,82,36.2,98.7,17,32.8,90,235,0.001,0.7,1.38,1,0,1,0.5919,Moderate,1
SYN-01950,86,0,56,169,92,36.7,94.2,16,24.8,88,262,0.013,0.2,1.14,1,0,0,0.5146,Moderate,1
SYN-02392,65,0,98,145,81,38.9,98.8,18,24.2,113,212,0.006,12.2,1.32,1,0,0,0.2668,Low,0
SYN-08165,89,0,85,149,86,36.6,95.1,16,41.3,189,265,0.001,0.5,1.74,1,1,0,0.8633,High,1
SYN-08676,51,0,70,134,73,36.1,98.1,19,24.6,107,171,0.005,2.3,1.31,0,0,0,0.0316,Low,0
SYN-04849,42,1,54,119,67,36.7,98.9,15,34.7,111,223,0.014,1.8,1.22,0,0,0,0.0243,Low,0
SYN-07608,35,1,87,162,91,37.0,97.6,18,28.2,98,192,0.008,1.1,1.49,1,0,0,0.1153,Low,0
SYN-07568,58,0,87,162,93,37.1,98.6,14,29.6,66,214,1.823,0.8,1.01,1,0,1,1.0,High,1
SYN-01533,70,0,69,146,91,36.7,98.4,16,29.0,79,240,0.001,0.2,1.37,1,0,0,0.1287,Low,0
SYN-09448,45,0,74,130,77,36.6,97.3,19,31.4,79,171,0.026,0.5,1.01,0,0,0,0.0455,Low,0
SYN-05039,28,1,82,142,79,36.8,96.9,18,35.4,113,243,0.002,2.1,1.37,1,0,1,0.2575,Low,0
SYN-07072,69,0,59,125,72,36.0,98.0,18,30.0,78,264,0.008,2.1,1.12,0,0,0,0.0605,Low,0
SYN-03468,24,1,86,131,79,36.9,99.0,16,31.8,92,205,0.023,1.6,1.15,0,1,0,0.045,Low,0
SYN-05143,46,0,75,137,85,37.8,96.3,14,29.5,120,221,0.019,0.3,1.15,0,1,1,0.2063,Low,0
SYN-03702,40,1,62,136,80,36.4,98.0,13,29.8,112,194,0.004,1.8,1.26,0,0,0,0.0197,Low,0
SYN-05914,52,1,66,129,76,36.8,96.7,15,26.0,123,240,0.009,0.2,1.45,0,1,1,0.1837,Low,0
SYN-00322,51,0,76,158,91,36.8,98.9,19,30.2,83,229,0.007,1.2,0.88,1,0,0,0.1014,Low,0
SYN-00671,67,1,51,144,85,36.8,98.9,16,24.4,71,213,0.002,0.2,1.47,1,0,1,0.2971,Low,0
SYN-07698,73,1,82,153,95,36.6,97.1,18,34.1,129,248,0.006,0.5,1.56,1,1,0,0.6467,Moderate,1
SYN-06616,63,1,73,123,65,36.7,97.9,17,19.0,75,221,0.016,2.5,1.28,0,0,0,0.055,Low,0
SYN-08520,60,1,80,127,82,36.5,98.1,12,25.5,88,274,0.004,2.0,0.98,0,0,0,0.0373,Low,0
SYN-03409,62,1,98,150,89,36.7,98.0,20,36.8,178,238,0.004,0.6,1.71,1,1,0,0.6784,High,1
SYN-01473,54,0,79,153,87,37.1,99.9,11,38.1,108,275,0.008,1.0,1.28,1,0,0,0.1519,Low,0
SYN-02732,33,0,70,108,72,37.3,98.1,19,23.0,91,222,0.008,1.0,1.08,0,0,0,0.0067,Low,0
SYN-04932,39,1,84,129,74,36.6,98.9,14,17.6,75,234,0.001,1.7,1.3,0,0,0,0.0107,Low,0
SYN-03810,60,0,70,146,73,36.8,98.4,15,16.6,95,207,0.003,1.5,1.14,0,0,0,0.0324,Low,0
SYN-05482,45,1,75,119,72,36.9,98.0,15,28.4,83,233,0.005,0.5,1.08,0,0,0,0.0163,Low,0
SYN-03624,71,1,95,165,92,38.3,97.5,17,35.6,71,237,0.008,11.7,1.61,1,0,0,0.6095,Moderate,1
SYN-05441,54,1,73,120,77,36.5,97.8,20,22.8,157,238,0.014,0.8,1.67,0,1,0,0.1687,Low,0
SYN-07919,63,1,82,160,91,36.7,98.2,13,29.8,182,234,0.022,1.0,1.59,1,1,0,0.7114,High,1
SYN-00562,59,0,78,129,78,36.1,98.9,15,25.0,83,236,0.154,10.6,1.19,0,0,0,0.9072,High,1
SYN-06835,60,1,77,122,64,36.9,98.4,20,28.0,141,223,0.005,1.4,1.24,0,1,0,0.1275,Low,0
SYN-09513,80,0,60,124,55,36.9,97.0,19,25.8,187,278,0.001,3.4,1.54,0,1,1,0.5052,Moderate,1
SYN-06996,71,0,57,131,82,37.3,98.3,11,15.1,190,220,0.002,0.2,1.34,1,1,0,0.1439,Low,0
SYN-02525,84,1,85,159,82,36.8,100.0,15,39.3,230,227,0.005,0.6,1.55,1,1,1,0.9654,High,1
SYN-01372,67,1,81,118,67,36.8,97.1,19,22.6,84,217,0.003,0.8,1.16,0,0,0,0.0462,Low,0
SYN-02300,49,1,72,133,86,38.4,98.2,17,21.5,118,214,0.002,8.6,1.37,0,0,0,0.0407,Low,0
SYN-08991,66,1,62,137,69,36.9,96.7,19,28.2,94,203,0.004,2.5,1.49,0,0,1,0.1835,Low,0
SYN-07236,73,1,60,136,80,37.1,98.5,17,27.5,96,231,0.002,2.2,1.24,0,0,1,0.157,Low,0
SYN-02910,63,0,58,115,72,37.2,100.0,17,28.0,102,255,0.009,2.7,1.06,0,0,0,0.0311,Low,0
SYN-01813,58,0,64,131,73,36.5,99.1,16,25.6,84,182,0.011,1.4,1.08,0,0,0,0.0275,Low,0
SYN-06488,54,0,82,126,68,37.0,97.6,18,35.9,182,219,0.673,1.1,1.12,0,1,0,0.9999,High,1
SYN-09571,69,1,79,164,89,37.4,99.3,19,32.1,105,225,0.044,0.9,1.55,1,0,0,0.8965,High,1
SYN-06544,71,1,63,151,79,37.1,97.3,12,28.0,225,233,0.001,0.2,1.16,1,1,0,0.4541,Moderate,0
SYN-06207,77,1,68,158,85,37.3,99.2,18,35.3,94,244,0.023,1.9,1.53,1,1,0,0.7328,High,1
SYN-03453,85,1,71,127,73,36.4,93.5,16,28.7,102,250,0.018,1.2,1.49,0,1,1,0.6862,High,1
SYN-07752,57,1,72,161,90,37.0,97.3,16,32.0,108,235,0.01,3.4,1.38,1,0,0,0.2905,Low,0
SYN-02506,69,0,91,158,88,35.9,98.8,14,36.5,184,259,0.019,0.7,1.6,1,1,0,0.785,High,1
SYN-08361,41,1,83,134,78,36.4,98.5,17,32.7,84,184,0.007,3.3,1.34,0,0,0,0.034,Low,0
SYN-05088,42,0,69,143,85,36.4,98.1,15,32.4,221,218,0.008,3.8,0.96,1,1,0,0.2102,Low,0
SYN-01107,32,0,74,141,85,36.6,97.8,14,28.7,105,221,0.143,1.4,1.07,1,0,0,0.8243,High,1
SYN-03836,59,0,65,143,75,36.2,97.9,14,41.0,178,240,0.001,1.1,0.85,1,1,0,0.2487,Low,0
SYN-02231,62,0,81,125,98,36.4,96.6,17,27.6,109,227,0.007,0.7,1.19,0,1,1,0.2081,Low,0
SYN-03882,77,1,74,139,85,37.0,95.7,22,30.1,118,275,0.004,0.8,1.32,0,0,0,0.2931,Low,0
SYN-00178,57,1,77,136,79,36.6,99.0,14,32.5,101,243,0.011,1.0,1.27,0,0,0,0.0783,Low,0
SYN-00558,37,0,92,110,66,37.3,99.4,14,34.2,109,252,0.002,1.6,1.13,0,0,0,0.0121,Low,0
SYN-08261,29,1,82,127,78,37.3,96.8,16,26.6,89,217,0.37,1.5,1.28,0,0,1,0.9919,High,1
SYN-00933,73,1,98,138,78,36.5,96.4,14,26.1,90,199,0.01,0.2,1.34,1,0,0,0.251,Low,0
SYN-03877,36,0,97,128,69,37.6,98.6,14,19.0,85,279,0.001,0.2,0.91,0,0,0,0.0095,Low,0
SYN-05150,33,0,57,112,74,36.5,97.8,16,23.9,145,236,0.006,0.6,0.95,0,1,0,0.0135,Low,0
SYN-07414,69,1,88,158,92,37.3,98.4,16,31.4,197,262,0.01,1.3,1.42,1,1,0,0.7396,High,1
SYN-07828,51,1,73,126,67,37.1,100.0,16,21.3,95,219,1.251,0.2,1.25,0,0,0,0.9999,High,1
SYN-06036,44,0,71,118,75,36.6,99.6,12,36.7,155,261,0.01,1.7,1.05,0,1,0,0.0522,Low,0
SYN-03671,62,1,89,160,86,36.4,97.7,17,28.2,97,229,0.014,2.2,1.6,1,0,0,0.4013,Moderate,0
SYN-08617,52,1,71,126,79,36.9,98.8,16,32.5,76,232,0.013,0.8,1.02,0,0,0,0.037,Low,0
SYN-06844,53,0,76,112,63,36.7,96.7,17,25.0,94,223,0.01,0.2,1.0,0,0,0,0.0224,Low,0
SYN-08804,48,1,76,117,69,36.4,98.1,14,27.6,127,209,0.001,2.6,1.35,0,1,0,0.0403,Low,0
SYN-02459,25,0,83,111,64,37.4,98.7,20,23.1,115,157,0.002,0.5,1.05,0,0,0,0.0042,Low,0
SYN-09023,88,1,57,145,92,37.2,96.0,18,25.4,167,215,0.005,0.9,1.47,1,1,1,0.897,High,1
SYN-09260,42,1,87,146,86,36.4,100.0,17,36.3,83,183,0.01,0.5,1.16,1,0,0,0.0776,Low,0
SYN-03639,58,0,78,153,89,36.2,99.2,17,27.9,91,239,0.007,1.5,0.96,1,0,0,0.1162,Low,0
SYN-04708,48,0,65,127,72,36.3,97.7,16,23.8,97,172,0.001,0.9,1.14,0,0,0,0.012,Low,0
SYN-06796,85,0,96,175,93,36.6,96.6,18,30.7,169,275,0.001,1.6,1.8,1,1,0,0.8922,High,1
SYN-02137,58,0,80,134,77,36.6,97.0,20,31.5,76,218,0.021,2.4,1.29,0,0,1,0.2322,Low,0
SYN-08637,57,1,93,168,94,36.7,97.3,16,28.9,153,255,0.005,0.2,1.53,1,1,1,0.8702,High,1
SYN-08146,52,0,62,125,78,37.1,98.8,15,36.8,77,206,0.011,2.3,1.03,0,0,0,0.026,Low,0
SYN-06889,53,0,80,142,83,36.8,95.7,16,27.9,106,152,0.007,2.8,1.13,1,0,1,0.3269,Moderate,0
SYN-04824,45,0,73,151,89,36.9,97.6,13,25.4,87,209,0.005,0.3,1.12,1,0,0,0.0438,Low,0
SYN-04121,44,0,79,152,92,36.6,96.9,19,35.7,146,228,0.003,2.5,1.35,1,1,0,0.2758,Low,0
SYN-05950,90,1,90,174,95,36.5,97.7,14,25.7,72,184,0.009,1.4,1.61,1,0,0,0.5976,Moderate,1
SYN-00734,51,0,75,124,80,36.7,98.6,14,23.0,108,231,0.02,0.2,1.25,0,0,0,0.0378,Low,0
SYN-09509,53,1,79,154,71,37.0,99.1,13,28.8,101,227,0.004,0.4,1.65,1,0,1,0.4237,Moderate,0
SYN-00469,72,1,80,147,86,36.1,92.5,22,30.2,94,236,0.001,1.7,1.49,1,0,0,0.431,Moderate,0
SYN-01862,37,1,65,107,70,36.9,98.6,16,25.9,72,197,0.012,0.2,1.39,0,0,0,0.0084,Low,0
SYN-02868,78,1,63,147,89,37.5,96.8,15,41.1,243,205,0.006,3.5,1.17,0,1,0,0.6308,Moderate,1
SYN-09737,90,0,75,164,84,36.8,98.7,19,29.3,145,230,0.015,0.5,1.61,1,1,0,0.833,High,1
SYN-04856,73,0,91,169,81,36.3,97.6,19,40.9,188,219,0.014,1.5,1.49,1,1,0,0.8755,High,1
SYN-02646,51,1,79,134,78,36.9,97.2,17,32.6,216,234,0.001,1.6,1.09,0,1,0,0.1847,Low,0
SYN-02337,90,0,84,146,82,37.5,95.5,20,31.1,97,206,0.002,7.0,1.66,1,0,0,0.5705,Moderate,1
SYN-07537,90,0,79,157,86,37.0,98.9,15,40.2,183,271,0.139,1.8,1.34,1,1,0,0.9986,High,1
SYN-06863,79,1,69,133,71,36.8,95.3,15,23.5,79,206,0.004,1.8,1.25,0,0,0,0.0991,Low,0
SYN-03767,69,0,70,151,80,36.5,100.0,17,38.8,98,257,0.027,2.8,1.05,0,0,0,0.2899,Low,0
SYN-02073,22,1,45,112,65,36.5,97.7,14,38.3,222,211,0.002,1.1,1.43,0,1,0,0.0236,Low,0
SYN-07815,44,0,69,131,77,36.6,98.9,15,26.7,85,234,0.013,0.8,0.75,0,0,0,0.0171,Low,0
SYN-08068,37,1,80,125,85,37.3,98.3,10,28.1,94,222,0.001,0.2,1.08,0,0,1,0.0192,Low,0
SYN-08277,38,0,93,127,75,37.1,98.2,14,30.0,149,214,0.017,0.2,1.09,0,1,0,0.0724,Low,0
SYN-08324,65,1,83,133,76,36.3,100.0,15,26.6,252,233,0.001,2.1,1.29,1,1,0,0.3951,Moderate,0
SYN-03362,18,1,76,111,72,38.5,96.1,17,32.5,90,180,0.001,23.9,0.98,0,0,1,0.0207,Low,0
SYN-02062,82,0,92,146,83,37.4,92.4,22,26.4,93,195,0.015,1.5,1.72,1,0,0,0.6488,Moderate,1
SYN-01710,51,1,95,119,83,36.2,93.9,17,21.6,107,180,0.022,0.5,1.76,0,0,1,0.202,Low,0
SYN-07788,64,0,88,145,83,36.6,99.5,13,17.2,115,203,0.211,1.3,1.65,1,0,0,0.986,High,1
SYN-08819,51,0,78,126,79,36.6,97.4,20,27.7,92,186,0.005,1.7,1.45,0,0,1,0.0732,Low,0
SYN-05445,73,0,76,123,76,38.2,98.0,16,22.8,179,201,0.013,15.2,1.29,0,1,0,0.3221,Moderate,0
SYN-03971,29,0,84,127,78,37.4,97.0,16,27.3,77,221,0.004,0.2,0.99,0,0,0,0.0087,Low,0
SYN-08915,71,1,68,158,83,36.6,99.0,16,35.9,93,225,0.001,0.7,1.3,1,0,0,0.2394,Low,0
SYN-09380,58,1,84,140,82,37.0,98.6,15,26.3,108,232,0.008,2.3,1.64,0,0,1,0.1968,Low,0
SYN-06687,67,1,69,152,83,37.0,100.0,14,22.1,79,244,0.014,0.4,1.35,1,0,0,0.1665,Low,0
SYN-07802,70,1,71,159,91,37.0,99.6,16,31.9,201,258,2.131,1.1,1.48,1,1,0,1.0,High,1
SYN-06568,38,1,75,119,77,38.3,99.5,19,29.8,74,236,0.006,20.1,1.09,0,0,0,0.0279,Low,0
SYN-01765,37,0,63,122,81,36.9,97.7,18,28.6,95,222,0.003,1.2,1.05,0,0,0,0.0103,Low,0
SYN-09911,48,1,92,151,97,36.5,98.7,18,34.1,91,211,0.002,0.7,1.44,1,0,1,0.4291,Moderate,0
SYN-01714,52,1,69,119,72,36.5,98.8,15,24.5,88,219,0.003,0.5,1.12,0,0,0,0.0153,Low,0
SYN-03063,90,1,78,155,83,37.2,97.9,14,27.0,110,221,0.009,2.7,1.52,1,0,0,0.5381,Moderate,1
SYN-04439,32,0,85,127,71,37.7,98.1,18,16.2,71,158,0.008,16.8,1.39,0,0,0,0.0148,Low,0
SYN-01321,42,0,83,130,74,36.9,98.4,19,36.2,95,239,0.015,0.7,1.12,0,0,0,0.0502,Low,0
SYN-03041,74,0,89,153,86,37.0,88.5,19,31.1,96,259,0.005,4.3,1.24,1,0,1,0.8821,High,1
SYN-08618,18,1,77,116,67,36.9,97.8,19,24.5,92,147,0.008,2.0,1.2,1,0,1,0.0424,Low,0
SYN-05653,66,0,81,165,99,36.8,98.4,18,26.8,175,215,0.644,1.2,1.32,1,1,0,1.0,High,1
SYN-02640,45,0,76,137,85,37.2,96.7,13,34.2,89,298,0.004,0.7,1.14,1,0,1,0.2528,Low,0
SYN-08234,55,1,86,144,86,36.6,97.0,18,36.9,181,205,0.006,0.8,1.5,1,1,1,0.8215,High,1
SYN-01911,42,1,60,145,79,36.9,97.2,19,23.5,205,200,0.004,2.8,1.33,1,1,1,0.548,Moderate,1
SYN-07429,51,1,73,147,83,37.1,95.5,17,23.9,90,240,0.001,1.0,1.48,1,0,1,0.3642,Moderate,0
SYN-08814,63,1,82,164,86,36.6,96.1,18,24.8,78,220,0.003,0.2,1.61,1,0,1,0.6446,Moderate,1
SYN-06266,36,1,89,111,63,36.6,99.1,18,34.3,106,238,0.122,1.9,1.12,0,0,0,0.6742,High,1
SYN-05910,76,0,110,162,93,37.0,94.5,18,29.7,159,242,0.003,0.2,1.16,1,1,0,0.7561,High,1
SYN-07626,54,0,75,123,70,37.1,95.4,14,33.3,117,242,0.003,1.4,1.25,0,0,0,0.0458,Low,0
SYN-04766,60,0,68,131,81,36.5,98.7,22,25.1,90,248,0.001,0.8,1.14,1,0,0,0.0667,Low,0
SYN-05479,68,1,83,163,95,36.9,97.9,17,33.4,85,193,0.023,1.0,1.47,1,0,1,0.835,High,1
SYN-09583,66,1,70,129,74,36.4,100.0,15,28.9,92,235,0.009,0.3,1.31,0,0,0,0.0619,Low,0
SYN-03265,46,1,67,121,79,36.8,97.7,18,27.2,105,189,0.02,0.2,1.28,0,0,0,0.0389,Low,0
SYN-08426,62,0,70,145,84,36.8,97.7,15,29.6,115,256,0.001,1.0,1.19,1,1,0,0.1998,Low,0
SYN-03180,60,1,77,115,69,36.4,96.4,21,25.7,96,220,0.001,0.4,0.89,0,0,1,0.0673,Low,0
SYN-07972,61,1,82,109,66,36.2,98.0,13,23.3,83,212,0.005,1.6,1.59,0,0,0,0.0279,Low,0
SYN-07463,71,1,65,161,90,37.1,98.4,17,25.4,106,154,0.001,0.8,1.9,1,0,0,0.2389,Low,0
SYN-04754,31,1,77,129,80,36.7,96.6,20,32.0,75,212,0.014,1.1,1.52,1,0,0,0.0585,Low,0
SYN-00247,36,0,51,127,74,36.7,98.4,12,24.0,107,228,0.005,1.6,0.98,0,0,0,0.0065,Low,0
SYN-01707,47,0,52,111,67,35.7,96.9,19,29.5,91,225,0.008,0.2,1.42,0,0,1,0.0367,Low,0
SYN-03719,61,0,86,128,83,36.6,98.6,18,30.5,102,224,0.003,2.3,0.88,0,1,0,0.0834,Low,0
SYN-03985,41,0,82,114,64,36.9,97.0,19,21.4,191,249,0.004,1.9,1.17,0,1,1,0.1112,Low,0
SYN-00989,49,1,90,118,66,36.7,97.3,18,20.9,80,218,0.02,0.2,1.33,0,0,0,0.0455,Low,0
SYN-02404,43,0,71,106,83,37.7,98.6,15,29.6,106,231,0.001,1.8,1.03,0,0,0,0.0082,Low,0
SYN-06109,75,1,68,154,86,37.3,97.0,15,35.5,94,223,0.007,0.7,1.82,1,1,0,0.5617,Moderate,1
SYN-09452,49,1,84,115,67,37.0,94.2,19,29.7,91,204,0.016,2.7,1.03,0,0,1,0.115,Low,0
SYN-05265,38,1,73,121,82,36.9,98.1,15,22.2,86,183,0.004,0.2,1.25,0,0,1,0.0182,Low,0
SYN-08363,68,1,88,153,83,36.6,97.0,19,24.7,85,251,0.003,0.9,1.6,1,0,0,0.3033,Moderate,0
SYN-00828,52,0,94,146,84,36.9,98.9,19,28.7,103,206,0.024,8.8,0.92,0,0,0,0.1525,Low,0
SYN-05553,63,0,86,152,88,37.0,97.5,12,28.7,223,251,0.003,1.4,1.32,1,1,0,0.4885,Moderate,0
SYN-07846,70,0,90,147,78,37.8,95.2,16,31.8,182,243,0.001,22.6,1.04,0,1,0,0.588,Moderate,1
SYN-09436,41,1,88,153,83,36.6,98.5,15,38.2,98,251,0.001,3.4,1.59,1,0,0,0.1373,Low,0
SYN-04800,47,1,70,125,73,37.1,98.1,19,32.1,100,264,0.001,7.1,0.76,0,0,0,0.0305,Low,0
SYN-04204,88,0,93,158,92,37.4,97.3,18,34.6,108,262,0.001,1.9,1.68,1,0,0,0.6435,Moderate,1
SYN-02309,75,1,69,116,59,37.3,98.1,18,24.1,80,196,0.649,3.1,1.48,0,0,0,0.9996,High,1
SYN-09580,75,1,68,149,89,37.3,99.0,17,43.2,101,266,0.012,1.1,1.32,0,0,0,0.3284,Moderate,0
SYN-04317,64,1,86,152,92,36.4,98.8,20,39.9,270,276,0.002,2.4,1.35,1,1,0,0.7981,High,1
SYN-08588,43,0,89,117,73,36.9,97.2,12,17.2,98,172,0.003,2.6,1.17,0,0,1,0.0176,Low,0
SYN-00175,34,0,74,115,77,37.0,97.6,12,24.6,97,229,0.003,0.2,1.42,0,0,0,0.0071,Low,0
SYN-08466,64,1,74,162,82,36.3,98.8,16,31.8,82,245,0.005,0.7,1.83,1,0,0,0.2951,Low,0
SYN-03784,76,1,85,167,96,37.1,96.3,14,27.3,87,188,0.003,1.4,1.89,1,0,0,0.4328,Moderate,0
SYN-06552,37,0,99,116,69,38.7,92.3,13,26.9,88,248,0.005,6.1,1.07,0,0,0,0.0247,Low,0
SYN-02211,67,1,98,141,78,39.1,97.0,20,24.5,104,206,0.015,8.1,1.37,1,0,1,0.7704,High,1
SYN-06313,55,1,60,119,61,36.6,98.7,17,30.1,110,152,1.416,0.9,1.5,0,0,0,1.0,High,1
SYN-04883,44,1,86,118,64,38.7,98.3,13,29.4,92,223,0.004,28.4,1.32,0,0,1,0.1037,Low,0
SYN-01490,57,1,92,159,98,37.1,97.8,20,30.3,92,195,0.016,1.1,1.31,1,0,1,0.7106,High,1
SYN-07858,54,0,80,145,75,36.9,97.7,11,28.2,95,230,2.218,1.4,1.09,1,0,0,1.0,High,1
SYN-00497,25,1,85,130,80,36.8,99.8,11,29.8,103,186,0.011,1.0,1.08,1,0,0,0.0167,Low,0
SYN-05409,37,1,82,118,78,37.4,98.6,20,29.1,197,217,0.025,1.6,1.22,0,1,0,0.1518,Low,0
SYN-05307,56,1,62,105,64,36.6,97.5,13,31.9,164,256,0.007,2.9,1.29,0,1,0,0.0779,Low,0
SYN-00710,64,1,70,120,75,36.5,98.1,13,21.8,108,214,0.008,3.2,1.44,0,0,1,0.0916,Low,0
SYN-06909,55,0,82,153,81,36.7,98.2,14,30.8,204,240,0.001,1.6,1.55,1,1,0,0.3884,Moderate,0
SYN-04015,57,1,71,155,91,36.9,97.1,18,28.5,80,246,0.003,5.2,1.92,1,0,0,0.2413,Low,0
SYN-06077,87,0,57,185,92,36.7,95.9,13,34.9,216,212,0.011,3.4,1.63,1,1,1,0.9815,High,1
SYN-06740,38,1,72,109,69,37.1,98.5,21,31.2,120,218,0.01,1.8,1.47,0,1,0,0.0476,Low,0
SYN-01333,68,1,87,160,96,36.9,99.6,15,33.9,97,268,0.001,3.5,1.23,0,0,0,0.1951,Low,0
SYN-07059,78,0,72,160,92,37.0,96.1,19,22.1,89,166,0.011,0.2,1.51,1,0,0,0.3441,Moderate,0
SYN-02896,35,1,68,115,76,36.8,96.7,19,27.5,81,171,0.006,0.6,1.42,0,0,1,0.0242,Low,0
SYN-02532,63,1,80,159,89,36.5,97.8,15,36.1,133,303,0.004,0.8,1.25,1,1,1,0.8458,High,1
SYN-01702,46,0,70,131,76,36.4,97.5,15,25.8,95,175,0.003,7.3,1.16,1,0,0,0.0328,Low,0
SYN-03167,40,1,70,131,82,36.8,98.0,14,36.4,93,230,0.041,3.2,1.16,0,0,0,0.2499,Low,0
SYN-04061,58,1,78,139,80,36.4,98.2,17,32.9,200,169,0.001,0.9,1.6,1,1,0,0.3402,Moderate,0
SYN-00359,40,0,60,132,81,36.9,97.9,14,29.8,101,159,0.001,2.8,1.15,0,0,0,0.0103,Low,0
SYN-05091,59,0,72,154,83,38.8,97.4,14,26.0,80,253,0.001,6.4,1.39,1,0,1,0.4135,Moderate,0
SYN-00612,58,0,75,154,84,36.7,98.2,16,27.2,93,259,0.962,0.2,1.42,1,0,0,1.0,High,1
SYN-09232,56,0,60,130,76,36.5,98.0,16,31.2,232,239,0.008,2.5,1.27,0,1,1,0.3439,Moderate,0
SYN-05596,59,1,83,161,83,36.5,98.6,16,28.4,96,231,0.012,0.3,1.71,1,0,1,0.6865,High,1
SYN-05618,52,1,89,112,71,36.4,97.4,17,25.6,88,197,0.005,0.2,1.41,0,0,0,0.0266,Low,0
SYN-06666,50,1,91,152,79,37.6,99.7,19,35.5,177,248,0.007,1.4,1.67,1,1,0,0.5171,Moderate,1
SYN-08319,86,1,75,140,90,39.0,96.9,24,18.8,74,207,0.001,14.0,1.29,0,0,0,0.2471,Low,0
SYN-08542,40,1,76,116,69,37.3,99.1,19,24.7,209,203,0.001,0.7,1.49,0,1,0,0.0557,Low,0
SYN-06828,18,1,80,120,73,36.5,96.5,14,27.3,167,214,0.015,2.0,1.06,0,1,1,0.061,Low,0
SYN-03925,54,0,89,152,88,36.3,98.2,14,25.4,102,205,0.006,2.7,1.18,1,0,1,0.3697,Moderate,0
SYN-05912,57,1,64,126,76,36.5,97.9,14,20.1,96,205,0.007,3.3,1.18,0,0,1,0.0542,Low,0
SYN-06667,47,1,60,100,67,36.7,99.4,13,26.4,74,227,0.011,0.2,1.36,0,0,0,0.0087,Low,0
SYN-07679,48,1,66,155,72,37.2,98.6,21,36.5,66,276,0.001,9.1,1.69,1,0,1,0.5472,Moderate,1
SYN-04955,72,1,86,139,76,36.8,99.2,12,21.8,98,195,0.01,0.4,1.49,0,0,0,0.0985,Low,0
SYN-04813,54,1,71,121,79,36.7,93.7,19,28.0,76,269,0.013,2.2,1.19,0,0,1,0.1473,Low,0
SYN-04989,46,0,78,123,72,36.2,97.8,17,34.4,158,265,0.004,1.1,0.94,0,1,1,0.1452,Low,0
SYN-05291,62,0,83,139,75,36.4,97.4,16,19.5,162,181,0.018,0.6,1.25,0,1,0,0.2085,Low,0
SYN-09974,20,0,64,118,63,37.0,98.4,16,31.2,99,205,0.017,0.7,0.48,0,0,0,0.0048,Low,0
SYN-04111,63,1,79,132,86,36.3,97.8,19,26.9,101,256,0.01,1.0,1.24,0,0,0,0.1096,Low,0
SYN-03559,63,1,80,174,91,36.6,98.0,15,31.9,139,223,1.956,2.0,1.37,1,1,0,1.0,High,1
SYN-07961,19,1,116,125,79,37.1,99.4,16,32.5,98,223,0.021,4.9,1.05,1,0,0,0.0492,Low,0
SYN-06849,18,1,74,116,73,36.8,98.5,14,29.3,157,206,0.001,0.3,1.2,0,1,0,0.0108,Low,0
SYN-01155,65,1,74,135,86,36.3,98.6,13,22.4,80,290,0.015,0.8,1.74,0,0,0,0.113,Low,0
SYN-02307,85,1,79,165,91,36.5,95.0,18,24.8,135,191,0.003,2.8,1.73,1,1,1,0.9421,High,1
SYN-08160,51,0,73,125,72,37.4,98.6,18,26.5,110,191,0.008,0.9,1.03,0,0,0,0.025,Low,0
SYN-03723,69,1,77,160,87,36.8,99.4,14,36.1,99,264,0.021,2.8,1.74,1,0,0,0.5599,Moderate,1
SYN-03432,76,1,59,158,95,36.5,96.8,15,31.3,182,225,0.001,0.7,1.73,1,1,1,0.8927,High,1
SYN-01506,62,0,68,144,74,36.9,98.4,16,37.1,189,219,0.001,1.1,1.35,1,1,1,0.7226,High,1
SYN-05264,63,1,90,169,92,36.8,98.2,15,34.9,161,237,0.006,2.5,1.78,1,1,0,0.7134,High,1
SYN-03659,39,0,73,111,72,36.2,94.9,13,30.1,77,222,0.008,2.1,1.1,0,0,1,0.0243,Low,0
SYN-02969,87,0,80,154,86,36.4,98.4,16,38.7,98,241,0.006,0.8,1.55,1,0,0,0.5272,Moderate,1
SYN-09343,51,0,88,159,87,36.6,94.5,17,35.8,82,260,0.001,4.0,1.22,1,0,1,0.5735,Moderate,1
SYN-02146,43,1,68,121,78,36.0,98.5,15,29.3,87,260,0.003,1.2,1.01,0,0,0,0.0144,Low,0
SYN-07737,71,0,92,158,87,36.5,97.9,18,38.7,172,206,0.017,2.7,1.57,1,1,0,0.81,High,1
SYN-07638,65,0,74,134,82,36.1,97.6,18,21.9,70,238,0.003,0.7,1.03,0,0,0,0.0392,Low,0
SYN-08723,60,1,75,158,87,36.7,98.7,20,24.2,88,252,0.003,1.4,1.5,1,0,0,0.1997,Low,0
SYN-07271,63,1,79,143,80,36.5,98.9,14,24.6,94,234,0.015,0.2,1.54,1,0,0,0.188,Low,0
SYN-09002,36,1,71,108,73,36.8,98.4,16,32.9,71,247,0.002,4.6,1.12,0,0,0,0.0091,Low,0
SYN-07435,38,1,95,122,77,36.9,97.8,17,26.1,106,185,0.003,1.3,1.55,0,0,0,0.0231,Low,0
SYN-07666,71,1,109,151,86,40.1,98.5,19,24.2,96,308,0.545,21.5,1.5,1,0,0,1.0,High,1
SYN-01399,63,1,72,151,77,36.7,97.2,16,29.7,98,258,0.005,0.2,1.55,1,0,0,0.2322,Low,0
SYN-06719,23,0,83,106,59,36.6,99.0,17,21.6,116,216,0.006,0.4,1.05,0,0,0,0.004,Low,0
SYN-09431,40,1,69,163,95,37.0,98.0,17,35.7,68,217,1.433,0.6,1.31,1,0,0,1.0,High,1
SYN-03203,49,1,52,98,59,36.3,96.7,12,24.9,167,229,0.015,7.0,1.36,0,1,0,0.0525,Low,0
SYN-03035,71,1,95,159,91,36.4,97.9,21,28.6,206,170,0.024,2.5,1.5,1,1,0,0.8662,High,1
SYN-00263,58,1,72,152,77,36.8,97.9,13,29.5,78,244,0.012,1.3,1.67,1,0,0,0.195,Low,0
SYN-06841,82,1,56,103,72,37.0,98.1,16,22.8,97,244,0.005,0.4,1.41,0,0,0,0.0498,Low,0
SYN-08812,84,0,83,141,78,36.4,99.1,20,27.5,99,232,1.811,1.9,0.95,0,0,0,1.0,High,1
SYN-07167,65,0,63,149,86,36.4,98.3,19,21.1,94,234,0.001,0.2,1.27,1,0,0,0.0985,Low,0
SYN-06826,73,1,64,122,77,37.1,92.6,19,26.8,197,267,0.001,1.2,1.22,0,1,1,0.5218,Moderate,1
SYN-02373,52,0,70,129,71,36.8,95.7,18,21.5,82,176,0.004,0.5,1.51,0,0,1,0.0537,Low,0
SYN-07937,45,0,86,142,85,37.1,99.0,13,28.3,100,224,0.002,1.3,1.17,0,0,0,0.0259,Low,0
SYN-05156,40,1,89,149,79,37.0,96.7,16,23.0,102,258,0.01,1.1,1.23,1,0,1,0.3687,Moderate,0
SYN-05038,42,0,75,120,63,37.4,97.9,18,27.8,150,185,0.006,1.4,1.19,0,1,1,0.0842,Low,0
SYN-09742,72,1,78,151,80,36.9,94.2,15,33.2,111,222,0.003,1.5,1.58,1,0,1,0.7664,High,1
SYN-07022,73,1,82,136,86,37.2,98.1,18,27.6,91,293,0.002,3.7,1.43,0,0,0,0.1658,Low,0
SYN-01869,48,1,89,160,88,37.5,95.9,17,30.7,81,189,0.01,1.9,1.43,1,0,1,0.5615,Moderate,1
SYN-03226,45,1,70,125,73,36.5,99.3,15,26.4,236,208,0.002,0.2,1.6,1,1,0,0.1497,Low,0
SYN-01790,70,1,65,116,77,36.4,94.7,16,16.2,152,203,0.004,2.9,1.61,0,1,1,0.251,Low,0
SYN-09181,27,1,91,123,72,36.4,94.4,21,29.9,97,190,0.006,2.9,1.63,0,0,1,0.0662,Low,0
SYN-09020,45,1,91,159,100,37.2,98.0,19,31.0,134,209,0.003,1.0,1.29,1,1,0,0.2887,Low,0
SYN-02880,60,1,71,146,83,36.7,98.4,23,20.2,96,197,0.011,0.3,1.26,0,0,0,0.0932,Low,0
SYN-02522,83,0,71,168,90,36.8,98.3,16,29.5,157,270,0.024,2.3,1.54,1,1,0,0.8659,High,1
SYN-07884,78,1,73,138,76,36.9,97.7,16,34.5,217,215,0.004,0.6,1.5,0,1,0,0.5043,Moderate,1
SYN-02423,79,1,112,158,99,36.8,96.0,14,32.0,167,252,0.002,1.0,1.46,1,1,0,0.7966,High,1
SYN-00252,59,0,67,149,83,36.7,99.2,18,31.0,77,262,0.003,1.8,1.43,1,0,0,0.121,Low,0
SYN-03475,33,0,73,144,91,36.7,99.1,21,36.5,88,204,0.017,5.4,1.08,1,0,0,0.0788,Low,0
SYN-03833,51,0,75,123,74,36.5,99.0,21,30.0,89,226,0.014,1.1,1.21,0,0,0,0.0438,Low,0
SYN-07242,39,0,83,128,82,36.2,97.6,16,20.9,107,238,0.011,1.6,1.25,1,0,0,0.0405,Low,0
SYN-09969,49,0,82,137,75,36.4,98.6,16,33.3,106,238,0.001,3.3,0.99,1,0,0,0.0627,Low,0
SYN-06102,43,1,68,128,91,36.7,98.0,16,26.1,91,210,0.142,0.7,1.47,0,0,0,0.7815,High,1
SYN-09110,52,0,88,126,76,36.2,97.3,15,29.4,77,250,0.006,0.6,0.92,0,0,1,0.0598,Low,0
SYN-08586,74,0,57,139,81,36.7,95.7,16,30.0,97,257,0.001,0.2,1.52,0,0,1,0.213,Low,0
SYN-02721,57,0,78,142,82,36.6,98.6,13,36.9,207,176,0.008,1.2,1.27,1,1,0,0.3276,Moderate,0
SYN-06380,53,0,58,120,70,37.0,97.6,19,34.1,93,160,0.264,4.2,1.06,0,0,1,0.9828,High,1
SYN-00396,56,0,78,145,91,36.9,98.2,16,28.1,189,210,0.004,1.5,1.18,1,1,0,0.2648,Low,0
SYN-08019,79,0,77,166,80,36.8,98.1,15,37.0,215,264,0.027,1.4,1.46,1,1,0,0.9179,High,1
SYN-00471,60,1,96,151,90,36.8,98.7,18,29.7,95,250,0.001,1.5,1.42,1,0,0,0.2173,Low,0
SYN-09956,82,1,84,117,84,36.2,97.3,14,30.2,86,196,0.001,2.3,1.67,0,0,0,0.1055,Low,0
SYN-06574,36,1,71,116,78,36.9,98.1,19,32.0,115,236,0.02,0.7,1.39,0,0,0,0.0395,Low,0
SYN-09302,39,0,77,118,70,37.0,98.3,16,25.3,96,233,0.022,0.2,1.25,0,0,0,0.024,Low,0
SYN-05093,33,1,83,124,69,37.3,98.2,13,26.1,91,238,0.019,0.5,1.35,0,0,0,0.0235,Low,0
SYN-08788,81,1,75,131,69,36.8,96.4,18,32.3,93,237,0.001,1.9,1.21,0,0,0,0.1623,Low,0
SYN-03285,42,1,59,132,77,36.0,99.3,17,32.2,120,205,0.002,1.9,1.22,0,0,0,0.0219,Low,0
SYN-00281,62,0,78,158,90,37.5,99.7,15,25.9,103,204,0.008,18.1,1.24,1,0,0,0.2455,Low,0
SYN-07635,69,0,89,128,94,38.2,89.3,19,26.5,112,199,0.024,36.7,1.22,0,0,0,0.6468,Moderate,1
SYN-03336,49,0,68,121,78,36.5,98.9,15,25.6,93,225,0.017,0.7,1.17,0,0,0,0.0242,Low,0
SYN-04781,48,1,53,124,83,37.3,97.7,16,26.6,68,244,0.006,0.8,0.96,0,0,1,0.0299,Low,0
SYN-09652,80,1,54,124,79,37.1,97.0,18,22.2,110,207,0.003,0.9,1.66,0,0,0,0.096,Low,0
SYN-02441,55,1,62,124,73,36.2,97.7,17,30.5,66,264,0.021,4.0,1.05,0,0,0,0.0625,Low,0
SYN-07341,34,0,85,119,71,36.1,95.7,22,26.7,90,191,0.002,4.7,0.94,0,0,1,0.029,Low,0
SYN-05763,44,0,88,133,77,37.0,99.6,17,16.3,90,221,0.004,0.3,1.18,1,0,0,0.0258,Low,0
SYN-03595,48,1,85,114,57,36.4,100.0,15,17.3,83,180,0.001,1.9,1.51,0,0,0,0.01,Low,0
SYN-04679,39,0,69,130,82,37.0,96.8,16,39.6,109,259,0.003,0.7,0.75,0,0,1,0.0472,Low,0
SYN-02906,55,0,80,109,58,36.7,97.8,14,26.9,88,252,0.013,1.1,1.07,0,0,0,0.0257,Low,0
SYN-04660,39,0,85,164,94,36.8,99.1,18,38.0,106,291,0.009,1.0,1.21,1,0,0,0.1836,Low,0
SYN-00960,61,0,84,136,77,37.7,89.6,21,21.8,152,186,0.006,11.1,1.13,0,1,0,0.3532,Moderate,0
SYN-08635,44,1,63,117,70,37.0,98.3,14,20.6,112,190,0.005,0.2,1.24,0,0,0,0.0101,Low,0
SYN-03512,32,0,81,130,75,36.5,98.8,16,21.6,99,182,0.013,0.8,0.99,0,0,0,0.011,Low,0
SYN-00792,34,0,77,121,75,36.9,98.0,17,29.5,184,198,0.001,3.4,1.1,0,1,0,0.0344,Low,0
SYN-00170,53,0,72,91,60,37.0,97.8,16,22.8,106,256,0.005,1.5,1.03,0,0,0,0.0101,Low,0
SYN-06981,80,1,72,142,86,37.0,96.1,14,29.8,68,260,0.003,0.3,1.45,0,0,1,0.2951,Low,0
SYN-08355,42,1,91,115,65,36.3,96.9,16,30.6,98,257,0.011,0.6,1.4,0,0,0,0.0402,Low,0
SYN-09143,25,1,82,106,73,36.7,99.0,23,18.3,79,178,0.875,0.6,1.57,0,0,0,0.9986,High,1
SYN-03188,42,0,60,149,80,36.5,99.1,18,39.5,103,217,0.067,1.0,1.32,0,0,0,0.5621,Moderate,1
SYN-05464,52,1,81,149,86,36.5,98.5,19,30.9,90,256,0.015,0.9,1.31,1,0,0,0.2153,Low,0
SYN-03687,35,0,60,111,56,35.9,98.7,18,29.4,81,209,0.018,1.2,1.08,0,0,0,0.0103,Low,0
SYN-03240,36,1,62,125,72,36.9,98.2,20,31.6,94,177,0.002,0.7,1.32,1,0,0,0.0236,Low,0
SYN-04620,63,1,80,133,70,36.7,99.5,16,30.0,96,198,0.008,1.8,1.38,0,0,0,0.0753,Low,0
SYN-07714,43,0,66,118,69,37.2,99.1,20,24.1,94,220,0.002,1.7,1.18,0,0,0,0.011,Low,0
SYN-04243,37,1,79,121,80,36.4,99.9,10,23.1,106,236,0.003,0.2,1.31,0,0,0,0.0087,Low,0
SYN-04085,70,0,71,143,76,36.5,97.8,14,31.4,83,204,0.004,2.6,1.42,0,0,0,0.0884,Low,0
SYN-05935,29,1,64,118,70,37.0,98.5,15,25.1,87,200,0.001,0.4,1.21,1,0,1,0.0381,Low,0
SYN-01516,57,0,71,131,82,36.7,98.7,16,32.6,96,228,0.001,1.7,0.79,0,0,1,0.0562,Low,0
SYN-07479,18,0,84,107,72,37.4,98.2,15,30.7,90,178,0.01,1.2,0.74,0,0,0,0.0031,Low,0
SYN-06619,72,1,90,150,91,37.0,98.7,14,29.6,232,236,0.001,0.4,1.33,1,1,0,0.6123,Moderate,1
SYN-02363,48,0,68,129,89,36.6,99.9,17,23.7,88,191,0.008,0.8,0.68,0,0,0,0.0116,Low,0
SYN-06924,71,0,90,143,70,36.9,98.0,13,16.6,100,192,0.004,0.8,1.83,1,0,1,0.4604,Moderate,0
SYN-01091,44,1,83,113,54,36.9,97.4,20,28.4,113,225,0.013,0.2,1.16,0,0,0,0.037,Low,0
SYN-06713,57,0,83,126,87,36.9,98.1,23,20.7,99,249,0.002,0.9,1.09,0,0,0,0.0397,Low,0
SYN-02724,57,1,82,125,70,38.8,96.2,22,27.1,100,199,0.001,26.3,1.24,0,0,0,0.1328,Low,0
SYN-06336,25,1,61,107,75,36.9,97.6,17,27.4,76,200,0.003,1.6,1.24,0,0,1,0.008,Low,0
SYN-08187,82,0,74,130,79,36.5,99.2,14,31.3,103,259,0.012,2.0,0.93,0,0,0,0.1354,Low,0
SYN-08664,64,0,79,169,95,36.7,98.7,23,25.0,170,205,0.007,1.0,1.52,1,1,0,0.6038,Moderate,1
SYN-04357,68,0,99,161,92,36.9,98.3,19,26.0,81,253,0.019,1.6,1.65,1,0,0,0.5069,Moderate,1
SYN-06103,45,1,71,130,88,36.8,98.6,12,30.2,99,213,0.004,1.5,1.65,1,0,0,0.0453,Low,0
SYN-02377,62,0,89,139,82,36.3,99.9,15,33.2,96,254,0.006,2.9,1.54,1,0,0,0.1706,Low,0
SYN-05886,79,0,90,151,83,37.2,98.1,12,28.5,157,260,0.015,1.6,1.51,1,1,0,0.6921,High,1
SYN-02559,77,1,46,173,88,37.1,98.3,22,24.9,103,255,0.007,3.1,1.62,1,0,0,0.4979,Moderate,0
SYN-09555,47,0,58,124,73,36.1,98.9,17,31.0,88,165,0.019,2.8,0.87,0,0,0,0.0205,Low,0
SYN-01719,64,1,71,108,75,37.3,99.6,13,29.1,85,181,0.005,1.1,1.69,0,0,0,0.0261,Low,0
SYN-08521,45,1,71,122,72,36.2,99.4,17,28.9,197,245,0.018,0.6,1.72,1,1,0,0.2711,Low,0
SYN-07806,68,0,66,141,68,36.3,96.9,20,36.5,214,265,0.005,1.6,0.97,0,1,1,0.5981,Moderate,1
SYN-01720,33,0,68,110,68,36.9,98.1,19,24.8,87,198,0.02,0.8,0.92,0,0,0,0.0095,Low,0
SYN-08644,25,1,70,123,73,36.0,98.6,17,29.6,240,223,0.008,0.6,0.73,0,1,0,0.0416,Low,0
SYN-09144,60,0,51,157,87,36.0,97.0,16,38.3,253,237,0.001,4.9,1.34,1,1,1,0.8669,High,1
SYN-04983,27,1,69,115,80,37.1,98.3,15,31.9,290,211,0.008,3.9,0.96,0,1,1,0.1288,Low,0
SYN-04720,56,1,50,137,87,37.0,99.4,13,23.6,93,205,0.004,1.1,1.39,1,0,0,0.0396,Low,0
SYN-01633,56,1,78,159,91,37.0,90.2,22,34.9,83,196,0.008,0.8,1.06,1,0,1,0.741,High,1
SYN-09696,60,0,84,144,85,37.0,98.0,20,27.0,172,255,0.014,1.1,1.34,1,1,0,0.4987,Moderate,0
SYN-05327,86,1,109,158,81,37.5,97.8,17,30.1,97,254,0.021,0.9,1.15,1,0,1,0.9325,High,1
SYN-00134,50,1,73,126,70,36.4,97.5,13,28.8,79,187,0.006,0.2,1.35,0,0,0,0.0227,Low,0
SYN-08226,47,0,67,120,68,36.7,98.8,14,28.6,106,192,0.001,1.0,1.23,0,0,0,0.0115,Low,0
SYN-03141,51,0,69,120,72,36.7,98.2,15,19.3,89,256,0.001,0.6,1.05,0,0,0,0.0113,Low,0
SYN-09090,29,1,73,113,71,36.9,98.6,19,22.4,171,237,0.002,0.4,1.27,0,1,1,0.0469,Low,0
SYN-06219,68,1,79,130,83,36.8,98.4,12,22.9,77,216,0.016,5.6,1.42,1,0,0,0.1464,Low,0
SYN-06504,66,0,69,124,68,36.3,96.2,20,35.5,84,215,0.004,1.5,0.85,0,0,0,0.0568,Low,0
SYN-00697,18,1,74,109,63,36.8,99.1,21,19.9,97,188,0.005,1.1,1.23,0,0,0,0.0036,Low,0
SYN-07601,58,0,73,119,64,36.6,97.3,18,25.6,91,223,0.013,2.1,0.88,0,0,0,0.0362,Low,0
SYN-00305,53,1,65,112,72,36.8,98.8,17,27.8,67,223,0.002,0.4,1.41,0,0,0,0.0153,Low,0
SYN-04112,63,1,54,129,63,37.2,98.7,13,30.7,76,202,0.001,0.8,1.78,0,0,0,0.0349,Low,0
SYN-03850,41,1,85,135,78,36.7,98.1,16,33.2,87,186,0.006,1.3,1.09,0,0,1,0.0579,Low,0
SYN-05339,59,1,84,158,88,37.1,98.8,17,38.6,135,269,0.012,3.3,1.24,0,1,0,0.4577,Moderate,0
SYN-09885,62,1,90,126,70,37.3,97.4,18,15.0,124,188,0.021,0.8,1.23,0,0,1,0.1868,Low,0
SYN-07016,43,0,61,144,79,37.2,98.9,15,29.6,89,243,0.616,0.3,1.24,1,0,0,0.9992,High,1
SYN-06652,46,1,75,137,78,36.9,98.8,13,22.7,210,247,0.002,0.7,1.48,1,1,0,0.1703,Low,0
SYN-07340,37,0,68,112,67,37.4,98.1,13,31.4,111,191,0.004,1.5,0.8,0,0,0,0.0061,Low,0
SYN-07922,72,1,78,138,73,37.2,98.2,17,27.8,109,189,0.012,1.5,1.54,0,0,0,0.1741,Low,0
SYN-07849,30,0,84,142,73,37.2,98.8,18,31.7,154,214,3.339,1.7,1.23,1,1,0,1.0,High,1
SYN-05000,40,1,66,122,71,36.7,97.9,16,22.3,99,186,0.005,0.3,1.87,0,0,0,0.0167,Low,0
SYN-06208,42,0,64,138,75,36.2,98.4,17,26.3,109,221,0.001,1.1,0.88,1,0,0,0.0258,Low,0
SYN-03440,85,1,85,130,85,37.0,97.7,16,30.2,208,233,0.269,5.7,1.55,0,1,0,0.9995,High,1
SYN-00969,69,0,74,110,73,37.2,100.0,16,23.2,116,237,3.97,0.5,1.0,0,1,0,1.0,High,1
SYN-09768,18,0,79,126,90,36.7,97.3,16,24.1,98,178,0.009,0.2,1.05,0,0,0,0.0054,Low,0
SYN-08349,41,1,76,139,82,37.3,98.9,15,28.3,104,184,0.025,0.2,1.12,0,0,0,0.0489,Low,0
SYN-00986,64,0,74,150,92,36.9,97.3,15,36.7,168,234,0.013,1.7,1.6,1,1,0,0.5884,Moderate,1
SYN-07065,79,1,55,168,87,36.8,88.3,21,31.9,262,151,0.002,3.0,1.43,1,1,1,0.9805,High,1
SYN-01878,83,1,86,125,75,36.3,97.0,21,35.2,142,224,0.001,0.8,1.43,0,1,1,0.6098,Moderate,1
SYN-03984,32,0,55,118,66,37.1,98.9,20,31.2,85,232,0.013,3.8,1.11,0,0,1,0.0255,Low,0
SYN-03312,64,0,70,152,96,36.8,98.8,18,36.8,112,154,0.002,0.5,1.25,0,1,0,0.154,Low,0
SYN-00914,44,1,67,122,70,36.8,97.6,18,30.1,90,188,0.002,1.0,1.1,0,0,1,0.0324,Low,0
SYN-09630,84,0,96,138,74,38.8,98.0,17,23.1,110,253,0.004,18.6,1.17,1,0,0,0.4489,Moderate,0
SYN-04894,41,1,70,123,77,36.9,97.1,19,31.3,98,229,0.004,2.2,1.01,0,0,1,0.0471,Low,0
SYN-09021,61,1,95,129,76,36.8,98.8,16,23.3,70,228,0.012,1.0,1.48,0,0,0,0.0736,Low,0
SYN-01351,50,0,62,129,71,37.4,98.9,23,22.5,92,208,0.001,0.9,1.17,0,0,0,0.0187,Low,0
SYN-03610,53,0,103,143,83,36.9,96.8,16,27.5,93,243,0.007,2.2,1.48,1,0,1,0.4992,Moderate,0
SYN-09808,68,1,73,131,81,36.4,96.0,18,30.3,111,237,0.028,2.7,1.6,0,0,1,0.5068,Moderate,1
SYN-09157,56,1,96,147,79,38.9,96.4,16,29.3,92,213,0.006,12.7,1.62,1,0,0,0.2967,Low,0
SYN-05119,43,0,72,157,98,37.3,95.9,20,27.9,95,216,0.012,0.9,1.12,1,0,0,0.1232,Low,0
SYN-08555,76,0,103,167,92,40.3,96.7,21,29.0,211,190,0.016,15.0,1.32,1,1,0,0.9271,High,1
SYN-05896,51,1,76,129,78,37.0,98.6,17,28.2,85,210,0.01,0.4,1.03,0,0,0,0.0331,Low,0
SYN-09653,66,1,70,150,83,36.6,98.7,17,35.7,97,216,0.012,2.0,1.27,1,0,0,0.2736,Low,0
SYN-01581,73,1,78,142,83,36.4,95.6,17,23.0,148,237,0.009,3.7,1.51,1,1,0,0.5663,Moderate,1
SYN-07133,51,0,77,131,72,36.5,96.9,17,27.0,168,221,0.001,0.2,1.59,1,1,0,0.1736,Low,0
SYN-02983,51,0,83,129,74,36.6,99.8,16,27.8,100,205,0.008,0.7,1.16,0,0,0,0.0286,Low,0
SYN-09363,90,1,81,122,78,36.5,98.3,19,29.6,214,176,0.004,1.5,1.59,0,1,0,0.5196,Moderate,1
SYN-04225,43,0,98,146,87,37.2,98.2,15,31.6,102,237,0.004,2.1,1.21,1,0,0,0.0866,Low,0
SYN-03781,60,0,70,158,84,37.0,99.5,20,29.1,70,219,0.011,0.9,1.35,1,0,0,0.1706,Low,0
SYN-02345,67,1,72,131,74,36.9,97.9,14,22.5,78,261,0.015,1.5,1.61,1,0,0,0.1642,Low,0
SYN-01151,57,1,55,124,79,36.6,98.5,14,26.7,97,195,0.001,2.2,1.14,0,0,1,0.0372,Low,0
SYN-01836,55,0,66,126,72,36.6,99.1,15,29.3,86,244,0.006,1.3,1.23,0,0,0,0.0266,Low,0
SYN-09896,85,1,79,143,78,37.0,95.9,19,25.3,68,262,0.01,1.1,1.4,0,0,1,0.4863,Moderate,0
SYN-01454,48,1,56,151,79,36.4,98.4,15,36.2,179,250,0.011,3.1,1.5,1,1,0,0.3794,Moderate,0
SYN-01269,64,1,67,120,70,36.9,98.2,14,24.6,104,247,0.003,1.4,1.35,0,0,0,0.0392,Low,0
SYN-04906,74,1,75,140,77,36.7,96.2,12,32.0,176,223,0.006,0.7,1.39,0,1,0,0.3742,Moderate,0
SYN-04273,60,0,69,147,77,36.5,98.1,17,23.6,125,249,0.001,4.8,1.46,1,0,0,0.1416,Low,0
SYN-05410,62,1,67,139,85,36.7,98.9,19,28.9,90,193,0.007,0.5,1.4,1,0,0,0.1196,Low,0
SYN-01362,69,1,68,152,91,36.9,99.5,15,31.5,73,217,0.013,0.7,1.45,1,1,0,0.3484,Moderate,0
SYN-09930,56,0,66,144,76,36.6,97.1,14,27.8,100,262,0.004,3.4,1.1,0,0,0,0.0532,Low,0
SYN-09422,49,0,71,118,85,36.9,97.7,16,22.4,75,241,0.004,0.9,1.4,1,0,0,0.0262,Low,0
SYN-05919,61,1,88,139,81,39.2,84.8,22,23.0,93,225,0.002,21.7,1.54,0,0,1,0.6435,Moderate,1
SYN-09598,47,0,81,144,81,36.6,99.0,14,29.6,75,204,0.003,5.8,1.1,1,0,0,0.0468,Low,0
SYN-01662,36,1,67,132,72,36.7,95.6,15,26.2,88,219,0.002,0.8,1.51,1,0,1,0.1392,Low,0
SYN-09733,34,0,59,98,57,36.9,98.2,14,23.3,84,177,0.007,1.7,1.19,0,0,0,0.0028,Low,0
SYN-01386,56,1,84,131,84,36.9,94.7,17,22.7,91,210,0.006,0.2,1.23,0,0,1,0.1136,Low,0
SYN-06732,52,0,69,126,68,36.9,97.9,16,26.3,86,237,0.016,1.6,1.13,0,0,1,0.0742,Low,0
SYN-08933,38,0,82,118,67,37.4,97.2,21,22.5,98,226,0.009,1.3,1.23,0,0,1,0.0404,Low,0
SYN-06597,50,1,79,153,92,36.8,97.8,17,29.9,238,248,0.001,2.0,1.45,1,1,0,0.4705,Moderate,0
SYN-02031,75,0,88,131,74,36.8,99.5,18,28.5,83,232,0.016,0.4,1.13,0,0,0,0.1338,Low,0
SYN-06911,64,0,66,131,82,37.0,98.9,18,38.0,92,266,0.028,1.3,1.29,0,0,0,0.1847,Low,0
SYN-02685,30,1,67,106,60,36.2,100.0,13,22.8,86,207,0.006,2.1,1.45,0,0,0,0.0041,Low,0
SYN-07232,71,0,73,163,89,36.9,97.8,12,35.4,100,233,0.002,0.7,1.77,1,0,0,0.3092,Moderate,0
SYN-07660,58,1,85,148,91,36.8,98.3,14,22.8,68,202,0.011,4.3,1.46,1,0,0,0.134,Low,0
SYN-05869,61,1,71,113,62,37.0,99.0,16,24.7,113,251,0.007,0.3,1.28,0,0,0,0.0373,Low,0
SYN-06087,66,0,63,112,64,36.4,98.8,16,21.2,81,230,0.01,0.8,1.31,0,0,0,0.0259,Low,0
SYN-06399,38,1,87,157,92,36.0,97.6,14,36.7,120,212,0.003,1.2,1.5,1,1,1,0.5681,Moderate,1
SYN-02883,66,0,67,125,78,36.9,99.8,18,15.0,93,243,0.026,0.4,1.32,0,0,0,0.0683,Low,0
SYN-06114,43,0,79,119,69,37.2,98.8,15,26.8,136,219,0.002,2.6,1.14,0,1,0,0.0295,Low,0
SYN-06053,35,1,85,109,59,37.3,99.9,13,31.3,87,208,0.009,1.9,0.99,0,0,0,0.0085,Low,0
SYN-03193,55,0,88,125,81,38.8,96.7,20,26.0,97,280,0.001,16.0,1.23,0,0,0,0.087,Low,0
SYN-04628,67,0,100,147,74,36.8,98.2,19,28.4,116,220,0.014,0.4,1.36,1,1,1,0.833,High,1
SYN-08159,55,1,71,134,74,36.9,98.2,15,30.8,110,241,0.008,1.2,1.31,1,0,0,0.1078,Low,0
SYN-02342,51,1,82,146,71,37.0,95.2,18,35.6,121,262,0.001,1.5,1.46,1,1,1,0.7281,High,1
SYN-03484,75,1,70,142,90,36.6,97.6,16,37.5,210,216,0.023,1.8,1.56,0,1,0,0.7113,High,1
SYN-00531,48,0,65,112,61,37.1,99.3,14,36.8,108,214,0.016,3.4,0.98,0,0,0,0.0235,Low,0
SYN-09164,49,1,79,168,97,36.0,98.0,18,30.9,224,188,0.01,4.3,1.2,1,1,0,0.577,Moderate,1
SYN-09093,71,0,68,120,73,37.1,98.7,17,24.3,111,207,0.007,1.5,0.95,0,1,0,0.0744,Low,0
SYN-02123,41,0,61,116,73,36.6,98.3,18,26.0,133,235,0.001,0.7,0.93,0,0,0,0.0103,Low,0
SYN-04773,49,1,73,137,78,36.8,97.9,15,25.5,197,214,0.011,0.7,1.43,0,1,0,0.1683,Low,0
SYN-07780,60,1,64,137,69,36.6,98.1,16,19.6,71,229,0.001,5.1,1.18,0,0,0,0.0321,Low,0
SYN-05359,47,0,87,117,80,36.9,98.7,13,30.1,100,203,0.005,3.3,1.36,0,0,0,0.0203,Low,0
SYN-03317,51,1,72,120,73,37.0,98.2,15,23.9,74,222,0.017,7.1,1.4,0,0,0,0.0407,Low,0
SYN-04511,50,0,92,123,71,38.4,96.4,16,26.2,208,211,0.004,13.6,1.17,0,1,0,0.1775,Low,0
SYN-09767,49,0,52,137,81,36.9,98.6,17,28.3,108,194,0.004,2.1,1.32,0,0,1,0.051,Low,0
SYN-08514,44,1,71,100,59,37.2,97.6,13,21.5,91,233,0.005,0.4,1.13,0,0,0,0.007,Low,0
SYN-09326,81,1,77,122,79,37.4,99.2,16,24.8,82,219,0.001,0.3,1.47,0,0,0,0.0722,Low,0
SYN-09047,68,1,87,143,88,36.6,98.3,17,34.4,90,230,0.014,1.6,1.49,1,1,0,0.4944,Moderate,0
SYN-02301,46,1,68,141,77,36.4,98.9,15,27.8,95,227,0.001,0.2,1.64,1,0,0,0.0542,Low,0
SYN-01763,44,1,62,128,75,36.8,98.0,14,40.4,184,256,0.013,2.6,1.45,0,1,0,0.1754,Low,0
SYN-05125,46,0,75,133,78,36.8,98.1,13,28.0,87,181,0.002,0.5,1.29,0,0,1,0.0322,Low,0
SYN-08968,49,0,61,145,90,36.4,100.0,14,23.4,84,228,0.006,0.6,1.23,1,0,0,0.0351,Low,0
SYN-06243,46,0,71,144,85,36.8,98.5,15,30.7,179,259,0.005,1.7,1.26,1,1,1,0.556,Moderate,1
SYN-09989,66,1,81,104,59,36.6,98.7,19,30.1,230,243,0.001,2.7,1.62,0,1,0,0.2305,Low,0
SYN-03618,43,1,77,118,69,37.4,98.6,16,29.1,103,246,0.917,0.5,1.61,0,0,0,0.9998,High,1
SYN-02305,60,0,72,140,76,37.1,99.1,18,25.7,185,209,0.026,0.4,1.51,1,1,0,0.4818,Moderate,0
SYN-00943,62,1,74,135,84,36.5,98.8,18,25.9,73,187,0.008,5.0,1.12,0,0,0,0.0557,Low,0
SYN-01603,74,0,77,163,98,36.5,97.9,15,30.5,102,219,0.001,2.4,0.92,1,0,0,0.2315,Low,0
SYN-00042,63,1,84,137,81,36.6,98.7,17,26.2,97,219,0.006,1.4,1.14,0,0,1,0.1471,Low,0
SYN-04316,53,1,89,152,87,36.6,96.3,16,33.8,90,262,0.001,0.6,1.28,1,0,1,0.5178,Moderate,1
SYN-06743,42,1,73,165,94,37.0,99.2,20,31.7,79,201,0.005,0.7,1.38,1,0,0,0.1085,Low,0
SYN-08296,40,1,72,107,61,37.1,98.7,18,30.7,103,200,0.011,4.8,1.02,0,0,0,0.0162,Low,0
SYN-08451,71,0,77,131,67,36.4,99.4,16,24.2,148,227,0.011,1.0,1.28,0,1,0,0.1892,Low,0
SYN-02794,46,1,70,150,90,36.2,98.7,17,39.4,145,254,4.8,1.4,1.64,1,1,0,1.0,High,1
SYN-07419,49,1,79,143,83,36.7,96.4,16,32.0,151,301,0.003,6.5,1.34,1,1,1,0.7346,High,1
SYN-05364,49,1,74,138,67,36.5,98.5,16,31.6,147,195,0.011,1.8,1.36,1,1,1,0.581,Moderate,1
SYN-06778,52,1,66,124,77,36.6,98.9,18,23.2,103,194,0.001,0.7,1.11,0,0,0,0.0174,Low,0
SYN-08023,66,1,74,116,75,36.4,96.9,21,30.7,92,241,0.008,2.4,1.72,0,0,1,0.2211,Low,0
SYN-00387,61,1,77,131,76,36.3,99.2,18,26.7,94,198,0.004,0.8,1.37,0,0,0,0.0513,Low,0
SYN-05962,32,0,70,131,65,37.5,98.8,14,24.4,95,215,0.001,2.9,0.83,0,0,0,0.006,Low,0
SYN-08243,60,0,104,157,78,38.4,98.4,22,31.3,96,268,0.002,13.3,1.27,1,0,0,0.4036,Moderate,0
SYN-04968,36,1,69,149,81,36.3,98.5,16,32.5,160,241,0.011,2.9,1.46,1,1,0,0.2317,Low,0
SYN-02014,54,0,93,126,78,37.3,97.8,22,28.7,90,258,0.001,0.3,0.9,0,0,0,0.0412,Low,0
SYN-08141,63,1,80,140,80,37.2,96.5,21,26.1,58,194,0.005,0.2,1.2,0,0,1,0.1453,Low,0
SYN-01657,60,1,67,125,69,36.7,98.8,18,30.2,102,216,0.001,3.2,1.34,0,0,0,0.0451,Low,0
SYN-06005,18,1,63,93,70,36.4,98.3,17,29.8,92,270,0.005,0.5,0.97,0,0,0,0.0026,Low,0
SYN-08264,56,0,90,165,97,36.5,97.8,15,27.4,138,188,0.007,0.2,1.04,1,1,0,0.3052,Moderate,0
SYN-05723,54,0,79,142,98,36.7,99.2,13,26.9,192,231,0.01,0.2,1.08,1,1,0,0.228,Low,0
SYN-02172,37,0,72,150,86,36.4,98.7,14,32.5,138,210,0.001,0.6,0.97,1,1,1,0.2791,Low,0
SYN-07055,68,1,86,128,79,39.0,96.9,20,25.5,199,246,0.018,11.6,1.36,0,1,1,0.7551,High,1
SYN-04685,44,0,72,122,64,36.7,98.4,19,29.0,112,243,0.009,1.8,1.05,0,0,0,0.0266,Low,0
SYN-00663,40,1,67,119,72,36.5,98.0,19,28.0,71,194,1.518,0.7,1.0,0,0,0,0.9999,High,1
SYN-04516,69,0,68,133,73,36.5,98.3,14,28.8,96,188,0.013,0.2,1.47,1,0,0,0.1288,Low,0
SYN-06090,43,0,65,124,81,37.0,98.9,19,23.5,122,182,0.022,0.5,1.16,0,0,1,0.0582,Low,0
SYN-06866,62,0,53,125,79,36.3,99.8,16,32.6,93,254,0.027,4.3,1.36,0,0,0,0.0962,Low,0
SYN-05107,68,1,73,138,69,36.7,95.6,19,26.5,91,204,0.002,0.6,1.4,0,0,1,0.1964,Low,0
SYN-03990,39,0,76,132,75,36.3,98.5,20,27.3,96,227,0.006,5.6,0.71,1,0,0,0.0339,Low,0
SYN-07053,62,0,77,130,69,36.7,98.7,18,31.1,78,265,0.01,3.0,1.26,0,0,0,0.0788,Low,0
SYN-04739,67,1,98,132,78,36.8,98.4,18,22.7,84,176,0.009,0.8,1.6,0,0,0,0.1032,Low,0
SYN-07362,47,1,75,102,64,36.5,98.9,14,23.4,179,147,0.005,1.1,1.27,0,1,0,0.0259,Low,0
SYN-00122,57,0,82,121,73,37.0,99.4,15,22.7,106,243,0.002,0.6,1.02,0,0,0,0.0206,Low,0
SYN-08117,63,1,63,130,82,36.5,97.9,19,22.5,89,168,0.011,2.7,1.43,0,0,0,0.0589,Low,0
SYN-00847,90,0,50,173,94,36.4,94.1,15,38.2,156,256,0.003,2.0,1.3,1,1,0,0.8222,High,1
SYN-00364,37,1,95,126,81,36.2,96.6,17,26.4,106,200,0.011,1.9,1.64,0,0,1,0.0909,Low,0
SYN-06839,76,1,98,142,81,40.4,90.4,24,22.6,100,237,0.002,26.9,1.36,0,0,1,0.777,High,1
SYN-04453,32,1,64,146,88,36.7,98.8,15,32.6,84,234,0.026,1.6,1.35,1,0,0,0.0858,Low,0
SYN-03634,52,0,91,127,68,37.1,98.8,17,28.3,94,195,0.004,0.5,0.7,0,0,0,0.0213,Low,0
SYN-05888,86,0,89,168,90,38.0,72.0,32,33.2,205,195,0.002,24.3,1.59,1,1,1,0.9994,High,1
SYN-06798,60,1,78,126,63,37.1,99.4,15,23.9,166,283,0.008,0.6,1.64,0,1,0,0.1816,Low,0
SYN-08948,48,0,94,150,83,36.3,98.6,17,28.5,160,170,0.001,1.0,1.35,1,1,0,0.196,Low,0
SYN-08376,69,0,52,143,98,35.6,99.9,18,31.3,83,238,0.022,4.5,1.17,0,0,0,0.1378,Low,0
SYN-03864,80,1,71,152,79,36.5,96.0,18,31.3,148,233,0.001,0.9,1.63,1,1,0,0.6579,High,1
SYN-01122,54,1,99,139,76,37.1,98.7,19,25.2,91,224,0.014,0.5,1.67,0,0,0,0.1273,Low,0
SYN-05683,48,0,87,114,71,36.6,98.2,16,37.2,92,281,0.038,0.6,1.06,0,0,0,0.1005,Low,0
SYN-08358,83,1,77,166,98,37.2,96.4,17,30.6,91,224,0.019,1.6,1.53,1,0,1,0.9176,High,1
SYN-00508,61,0,67,146,72,37.2,99.6,18,24.9,94,240,0.001,3.6,1.34,1,0,0,0.0941,Low,0
SYN-01535,86,1,77,132,79,37.3,98.0,18,29.2,76,211,0.007,1.1,1.23,0,0,0,0.1681,Low,0
SYN-04634,35,1,64,123,72,37.2,97.8,16,31.1,241,188,0.001,1.2,1.08,0,1,0,0.0518,Low,0
SYN-01227,66,1,97,172,84,36.9,98.0,20,25.3,83,250,0.003,4.9,1.16,1,0,1,0.7636,High,1
SYN-07092,27,0,75,114,52,36.4,98.6,17,19.1,97,210,0.014,1.3,0.82,0,0,1,0.0113,Low,0
SYN-03975,43,1,68,109,82,37.2,99.0,18,22.0,102,194,0.003,3.2,1.5,0,0,0,0.0116,Low,0
SYN-07501,69,0,76,128,75,37.4,100.0,14,32.0,96,254,0.001,2.2,1.06,0,0,0,0.0476,Low,0
SYN-03756,46,1,83,147,90,36.9,98.5,15,30.9,96,208,0.023,0.9,1.29,1,0,0,0.162,Low,0
SYN-06805,65,1,81,163,99,36.7,98.6,17,29.7,172,247,0.006,4.6,1.64,1,1,1,0.9094,High,1
SYN-05011,66,0,86,163,89,36.9,98.2,19,28.0,92,205,0.01,0.6,1.26,1,0,0,0.2901,Low,0
SYN-05103,71,0,70,171,83,37.3,98.0,20,33.2,118,229,0.004,2.2,1.65,1,1,0,0.627,Moderate,1
SYN-06339,74,0,83,157,77,37.3,98.2,18,28.1,245,229,0.003,2.3,1.41,1,1,0,0.7246,High,1
SYN-06438,71,0,97,155,89,36.9,97.8,17,24.5,197,223,1.564,1.9,1.32,1,1,0,1.0,High,1
SYN-05431,30,1,83,134,74,36.9,98.2,19,29.3,97,205,0.004,0.2,1.2,1,0,0,0.0314,Low,0
SYN-04161,33,0,92,123,67,36.4,99.9,13,28.5,181,217,0.003,3.3,1.09,0,1,0,0.0324,Low,0
SYN-09056,47,1,75,125,66,37.2,99.8,16,28.1,169,196,0.008,0.5,1.62,0,1,0,0.0879,Low,0
SYN-00995,52,0,77,133,72,37.7,95.2,19,23.8,97,276,0.018,12.4,1.03,0,0,1,0.2311,Low,0
SYN-01845,33,1,72,134,70,36.7,98.4,21,23.4,101,222,0.018,6.5,1.46,1,0,0,0.0787,Low,0
SYN-07326,76,0,65,162,88,36.9,98.5,16,28.5,81,219,0.019,0.6,1.39,1,0,1,0.7439,High,1
SYN-00276,60,0,73,134,75,37.3,94.8,17,20.3,102,229,0.003,1.2,1.19,0,0,1,0.1006,Low,0
SYN-02043,85,0,98,182,97,37.4,96.0,20,29.6,84,279,0.001,1.4,1.25,1,0,0,0.6981,High,1
SYN-04106,66,1,68,150,86,37.0,97.8,13,38.4,85,194,0.034,1.2,1.75,1,0,0,0.478,Moderate,0
SYN-03407,65,1,75,161,91,36.3,98.2,14,25.0,80,231,0.008,1.4,1.5,1,0,0,0.2219,Low,0
SYN-04826,44,1,63,122,69,36.5,97.9,14,26.9,87,211,0.009,1.2,1.52,0,0,0,0.0198,Low,0
SYN-05323,44,0,60,168,89,37.7,98.6,18,29.8,126,218,0.01,46.0,1.42,1,1,0,0.643,Moderate,1
SYN-09661,53,0,84,135,77,37.0,99.4,16,22.8,176,209,0.002,2.0,1.21,0,1,0,0.0864,Low,0
SYN-06716,36,1,76,108,68,37.1,98.5,13,28.4,90,206,0.001,0.2,1.26,0,0,1,0.0129,Low,0
SYN-02902,31,0,68,113,54,36.3,97.8,14,25.9,100,199,0.004,0.5,0.56,0,0,1,0.0071,Low,0
SYN-07841,54,1,73,128,68,36.4,97.9,19,27.2,100,216,1.077,1.7,1.5,0,0,0,0.9999,High,1
SYN-04952,41,1,67,140,76,37.4,97.6,17,26.2,114,204,0.035,0.3,1.3,1,1,0,0.2469,Low,0
SYN-01671,53,1,91,121,71,36.5,99.5,14,26.4,99,202,0.015,0.8,0.98,0,0,0,0.0348,Low,0
SYN-09124,62,1,61,148,87,36.9,98.4,19,25.0,169,186,0.004,1.4,1.6,1,1,0,0.3337,Moderate,0
SYN-09875,67,0,85,134,80,37.0,95.3,18,24.6,75,155,0.006,2.2,1.06,0,0,1,0.1237,Low,0
SYN-01108,41,1,74,123,69,36.8,99.3,18,24.3,121,185,0.001,0.2,1.1,0,0,0,0.0127,Low,0
SYN-05951,18,1,80,128,69,37.3,99.1,20,30.8,76,172,0.001,6.0,1.23,0,0,0,0.0073,Low,0
SYN-01528,51,1,77,131,75,36.9,98.2,18,25.2,100,229,0.019,0.2,1.45,1,0,0,0.127,Low,0
SYN-01344,46,1,73,153,84,37.0,98.1,12,42.5,82,220,0.001,4.2,1.4,1,0,0,0.1034,Low,0
SYN-01569,66,0,59,134,76,36.2,98.0,18,27.3,225,202,0.018,0.9,1.7,0,1,0,0.3927,Moderate,0
SYN-09713,34,0,65,151,88,37.3,97.9,19,35.1,157,275,0.006,1.2,1.27,1,1,0,0.1889,Low,0
SYN-01942,56,1,80,128,92,35.7,97.6,15,19.0,100,166,0.001,0.8,1.09,0,0,0,0.0205,Low,0
SYN-00126,60,0,92,163,82,37.5,98.9,17,32.8,272,228,0.002,6.7,1.79,1,1,0,0.7795,High,1
SYN-09671,36,0,73,101,61,36.8,99.3,17,22.8,91,242,0.022,1.1,0.74,0,0,0,0.0081,Low,0
SYN-00321,67,0,64,171,98,36.3,99.7,19,42.1,214,214,0.001,0.8,1.29,1,1,0,0.6513,High,1
SYN-05020,68,1,90,148,85,37.0,97.0,17,22.6,84,242,0.009,2.1,1.61,1,0,0,0.3005,Moderate,0
SYN-05467,67,0,56,123,76,37.0,99.2,14,19.4,81,184,0.003,0.6,1.08,0,0,0,0.0141,Low,0
SYN-04687,33,1,92,119,69,36.8,96.6,16,22.5,80,192,1.736,0.7,0.79,0,0,1,1.0,High,1
SYN-06517,36,1,56,138,86,36.8,99.3,15,24.9,79,160,0.002,3.5,1.36,1,0,0,0.016,Low,0
SYN-02143,90,1,71,147,85,36.8,99.4,13,21.1,171,234,0.003,3.9,1.98,1,1,0,0.6531,High,1
SYN-01146,65,1,66,142,86,36.7,99.6,13,31.3,106,231,0.001,3.4,1.36,0,0,0,0.0713,Low,0
SYN-08298,50,0,81,125,69,36.2,98.5,16,21.7,105,151,0.005,2.8,1.22,0,0,0,0.0181,Low,0
SYN-09602,65,0,84,140,77,36.9,98.3,12,37.1,166,252,0.034,4.7,1.0,1,1,0,0.6512,High,1
SYN-09759,86,0,66,166,93,37.9,95.0,16,26.1,98,238,0.004,26.8,1.46,1,0,0,0.7106,High,1
SYN-04534,30,1,114,150,80,40.0,93.6,22,42.6,186,245,0.005,26.7,1.41,1,1,0,0.7707,High,1
SYN-00312,61,0,73,143,77,36.7,97.8,15,31.2,74,190,2.022,1.6,1.43,0,0,0,1.0,High,1
SYN-09190,68,0,66,121,78,36.5,97.1,19,35.2,198,223,1.336,1.0,0.89,0,1,0,1.0,High,1
SYN-03600,76,0,81,163,97,36.9,98.1,19,19.6,86,213,0.009,0.7,1.29,1,0,0,0.3014,Moderate,0
SYN-01162,48,0,63,108,58,36.3,95.1,18,25.6,113,211,0.01,2.9,1.19,0,0,1,0.0474,Low,0
SYN-05121,57,1,72,108,58,36.8,97.6,18,27.9,90,188,0.001,0.2,1.05,0,0,1,0.035,Low,0
SYN-03011,90,1,87,165,95,37.1,96.0,16,30.0,163,247,0.001,1.1,1.74,1,1,0,0.8591,High,1
SYN-05982,78,0,86,153,85,37.1,99.0,15,20.7,73,227,0.012,3.5,1.23,1,0,0,0.2548,Low,0
SYN-04652,70,0,91,154,85,36.7,98.5,19,35.3,243,235,0.015,1.5,1.04,1,1,0,0.797,High,1
SYN-09359,60,1,83,149,87,36.4,97.7,13,32.5,93,224,0.001,0.8,1.34,1,0,0,0.1403,Low,0
SYN-00039,41,0,89,148,86,38.7,85.4,22,27.3,93,168,0.002,48.0,1.17,0,0,0,0.4139,Moderate,0
SYN-09158,81,1,75,122,70,36.8,98.8,19,21.0,118,219,0.004,1.3,1.69,0,0,1,0.2398,Low,0
SYN-05740,72,1,60,150,94,36.4,98.7,14,24.3,99,175,0.011,2.4,1.72,1,0,1,0.5735,Moderate,1
SYN-05013,31,0,60,133,77,36.7,97.8,12,27.6,94,222,0.001,3.1,1.17,1,0,0,0.0127,Low,0
SYN-04964,46,1,78,135,80,37.2,97.6,18,25.5,166,187,0.013,0.2,1.16,1,1,0,0.1923,Low,0
SYN-03726,76,1,94,145,79,37.0,96.5,21,29.5,90,255,0.009,0.7,1.74,1,0,0,0.5328,Moderate,1
SYN-07592,72,0,90,162,91,36.6,97.4,12,36.5,213,270,0.006,5.0,1.46,1,1,0,0.793,High,1
SYN-09313,38,0,66,116,74,37.2,98.9,19,32.9,125,226,0.589,0.9,0.97,0,1,0,0.9984,High,1
SYN-03067,58,0,82,139,79,37.3,99.1,18,33.2,204,267,0.008,1.1,1.07,0,1,0,0.2801,Low,0
SYN-06929,42,1,67,123,72,37.3,98.4,19,29.9,95,274,0.006,0.2,1.22,0,0,0,0.0261,Low,0
SYN-06363,50,1,83,142,83,36.5,100.0,16,28.6,94,210,0.026,1.6,1.0,1,0,0,0.1387,Low,0
SYN-00810,57,1,57,153,86,36.7,98.4,19,27.2,180,238,0.003,0.4,1.3,0,1,0,0.2154,Low,0
SYN-05015,60,0,45,115,71,37.2,98.4,20,18.7,97,212,0.012,0.6,1.23,0,0,0,0.0213,Low,0
SYN-08499,78,0,75,158,79,36.9,97.9,12,24.7,106,266,0.005,0.3,1.12,1,0,0,0.2495,Low,0
SYN-09267,22,0,65,116,70,37.2,99.0,17,36.1,100,200,0.001,1.6,0.91,0,0,0,0.004,Low,0
SYN-00952,61,1,84,137,83,36.6,99.1,14,24.0,98,238,0.006,3.4,1.32,0,0,0,0.0691,Low,0
SYN-02361,79,0,80,136,62,36.5,96.8,19,24.9,241,249,0.003,0.2,1.61,1,1,0,0.6756,High,1
SYN-00457,71,0,84,149,81,36.8,97.1,15,30.5,80,232,0.005,1.5,1.43,0,0,0,0.1498,Low,0
SYN-06560,51,0,51,121,70,37.1,99.9,18,30.4,87,246,0.021,5.1,1.03,0,0,0,0.0339,Low,0
SYN-01086,47,1,78,143,80,36.6,99.1,17,31.9,92,191,0.004,0.7,1.5,1,0,0,0.0777,Low,0
SYN-02702,36,1,71,125,72,36.6,99.3,12,30.4,147,266,0.006,2.6,1.23,0,1,1,0.0834,Low,0
SYN-08892,66,0,65,162,96,36.1,98.4,11,34.6,115,244,0.002,4.9,1.35,1,1,0,0.3393,Moderate,0
SYN-09282,32,1,91,135,80,36.9,99.4,17,27.1,80,230,0.011,1.1,1.35,1,0,0,0.0438,Low,0
SYN-01602,72,0,78,176,88,36.2,96.2,22,28.7,79,208,0.003,0.7,1.15,1,0,0,0.3831,Moderate,0
SYN-03353,67,1,77,139,84,36.5,98.0,17,28.1,147,254,0.003,0.3,1.49,1,1,0,0.3762,Moderate,0
SYN-01611,59,1,80,159,87,36.9,98.6,16,28.3,96,243,0.005,1.3,1.44,1,0,0,0.2108,Low,0
SYN-05357,23,0,84,143,75,36.7,97.9,17,37.3,170,248,0.024,1.1,1.12,1,1,0,0.2181,Low,0
SYN-05785,53,0,77,117,76,36.9,94.4,21,15.2,86,171,0.007,0.6,1.16,0,0,1,0.0447,Low,0
SYN-02864,90,1,81,182,92,37.9,97.8,19,39.4,212,225,0.012,1.8,1.59,1,1,0,0.9625,High,1
SYN-09151,56,1,75,115,80,37.5,95.0,19,17.3,88,248,0.016,0.3,1.15,0,0,1,0.0969,Low,0
SYN-07661,41,1,92,143,78,39.1,86.6,19,32.9,112,232,0.003,13.5,1.2,0,0,1,0.3935,Moderate,0
SYN-05944,18,0,77,114,74,37.1,97.5,13,26.7,95,192,0.019,2.0,0.84,0,0,0,0.005,Low,0
SYN-08961,51,0,64,136,80,36.8,98.9,12,35.7,85,217,0.002,4.5,1.23,1,0,0,0.044,Low,0
SYN-07315,46,0,107,133,72,37.1,98.7,19,26.0,97,242,0.002,5.1,1.15,0,0,0,0.0447,Low,0
SYN-04435,85,1,70,158,87,36.7,97.1,14,23.8,88,204,0.016,0.3,1.52,1,0,1,0.8052,High,1
SYN-04705,66,0,70,138,75,37.2,99.7,18,27.7,81,273,0.001,0.2,0.85,0,0,0,0.0431,Low,0
SYN-08158,26,1,71,115,64,37.1,98.8,13,23.1,108,194,3.208,1.6,1.05,0,0,1,1.0,High,1
SYN-02072,31,1,97,123,72,38.6,98.2,19,23.5,104,251,0.004,9.1,1.03,0,0,0,0.0226,Low,0
SYN-04610,47,0,102,129,76,38.7,88.4,21,25.7,100,210,0.002,20.9,0.72,0,0,0,0.1291,Low,0
SYN-03112,73,0,93,142,88,36.6,98.5,16,26.1,106,245,0.001,2.8,1.3,0,0,0,0.13,Low,0
SYN-06992,59,1,81,128,72,36.5,99.4,11,35.6,106,214,0.008,0.7,1.2,0,0,0,0.0523,Low,0
SYN-01781,67,1,70,154,89,36.5,99.2,18,31.5,67,259,0.012,2.3,1.73,1,0,1,0.7075,High,1
SYN-03320,66,0,81,149,88,36.5,98.0,14,27.0,86,233,0.006,0.5,1.46,1,0,0,0.1624,Low,0
SYN-02544,67,1,72,130,75,36.9,98.2,17,26.8,94,228,0.015,0.5,1.2,0,0,0,0.0973,Low,0
SYN-08981,61,0,91,127,85,36.5,100.0,12,34.2,189,208,0.011,0.7,1.25,0,1,0,0.1805,Low,0
SYN-03892,31,0,82,113,59,36.6,97.9,16,23.0,91,190,0.006,0.5,1.08,0,0,0,0.0057,Low,0
SYN-06882,50,0,75,120,75,36.1,98.7,18,33.7,88,242,0.004,2.7,1.11,0,0,0,0.0264,Low,0
SYN-06874,52,1,88,124,73,36.9,99.2,18,31.7,85,187,1.145,1.7,1.31,0,0,0,0.9999,High,1
SYN-09833,47,1,64,137,81,37.1,99.7,12,33.1,104,204,0.001,0.9,1.34,0,0,0,0.0223,Low,0
SYN-06557,64,0,80,114,75,36.5,97.4,13,23.1,88,225,0.001,1.0,0.91,0,0,1,0.0375,Low,0
SYN-00523,75,0,72,131,87,37.3,98.2,18,34.3,95,249,0.001,2.9,1.24,0,0,0,0.1076,Low,0
SYN-03628,39,0,93,105,68,39.6,92.6,21,28.4,100,198,0.016,11.2,1.1,0,0,1,0.1013,Low,0
SYN-08992,18,0,76,140,71,37.0,97.5,20,22.6,111,174,1.01,1.3,0.82,1,0,0,0.9997,High,1
SYN-02711,53,1,80,149,78,36.5,97.9,16,39.7,220,237,0.004,1.7,1.65,1,1,0,0.5669,Moderate,1
SYN-06812,47,0,68,113,65,36.5,99.1,17,21.7,86,193,0.005,1.5,1.42,0,0,0,0.0103,Low,0
SYN-03117,43,0,90,153,89,37.0,98.5,15,26.4,94,215,0.009,0.5,1.47,1,0,0,0.0904,Low,0
SYN-05711,68,1,80,133,75,36.8,97.2,18,31.1,161,253,0.005,0.6,1.18,0,1,1,0.4657,Moderate,0
SYN-05610,62,1,66,124,71,37.1,100.0,15,21.2,99,198,0.004,0.2,1.35,0,0,0,0.025,Low,0
SYN-07084,68,1,86,133,84,37.7,98.3,19,25.1,86,150,0.005,3.3,1.37,0,0,0,0.08,Low,0
SYN-02122,55,1,107,142,80,36.8,98.7,15,30.2,163,198,0.01,0.5,1.24,0,1,0,0.2497,Low,0
SYN-03524,29,1,56,120,73,36.8,96.0,16,22.2,74,262,0.013,0.2,0.82,0,0,1,0.0166,Low,0
SYN-00394,61,1,49,158,95,36.3,99.6,14,30.8,86,238,0.001,1.5,1.51,1,0,0,0.1117,Low,0
SYN-09421,41,1,84,158,93,36.7,97.7,19,41.4,95,232,0.141,2.5,1.42,1,0,0,0.9754,High,1
SYN-03717,66,0,71,148,85,35.9,97.6,16,31.4,85,196,0.01,1.1,1.3,1,0,0,0.1714,Low,0
SYN-03905,28,1,68,126,77,36.0,93.1,16,21.3,105,196,0.01,0.9,1.04,0,0,1,0.029,Low,0
SYN-06446,82,1,86,142,82,36.9,97.9,17,34.1,88,247,0.001,0.6,1.57,0,0,0,0.2548,Low,0
SYN-05302,41,1,75,110,63,37.4,98.6,15,21.1,109,196,0.013,0.8,1.34,0,0,1,0.0293,Low,0
SYN-01474,18,1,93,133,81,38.8,84.6,20,22.3,104,149,0.011,7.7,1.22,1,0,1,0.3312,Moderate,0
SYN-02332,29,1,52,124,69,36.8,97.7,17,30.0,74,189,0.004,3.1,1.09,0,0,0,0.0066,Low,0
SYN-03352,61,0,73,154,90,36.4,97.6,17,33.5,106,227,0.01,2.9,1.01,1,0,0,0.2138,Low,0
SYN-02097,68,1,88,118,74,37.2,98.9,19,33.8,97,248,0.025,6.9,1.65,0,0,0,0.2789,Low,0
SYN-05485,67,1,88,163,92,36.8,99.7,14,33.6,115,198,0.005,1.0,1.44,1,0,0,0.3108,Moderate,0
SYN-07456,59,1,60,145,76,37.0,97.7,14,29.4,179,239,0.012,1.7,1.36,0,1,0,0.2637,Low,0
SYN-05939,58,1,74,153,82,36.7,98.3,12,33.7,115,271,0.006,1.4,1.77,1,1,0,0.3781,Moderate,0
SYN-08130,43,0,90,121,57,37.0,96.9,19,25.6,94,155,0.021,2.0,1.04,0,0,0,0.0332,Low,0
SYN-02007,52,0,75,132,75,36.6,99.3,17,29.6,107,179,0.009,4.1,0.79,0,0,1,0.062,Low,0
SYN-05645,72,0,93,128,80,36.5,97.7,13,23.0,180,241,0.001,8.3,1.22,0,1,0,0.2311,Low,0
SYN-06949,76,0,75,133,72,36.2,97.6,16,30.6,88,198,0.001,2.1,1.33,0,0,0,0.0844,Low,0
SYN-05293,59,1,73,143,81,36.6,99.6,12,29.1,180,270,0.001,0.6,1.29,1,1,0,0.2515,Low,0
SYN-05128,76,1,60,150,83,37.3,95.6,19,30.5,93,264,0.016,1.3,1.57,1,0,0,0.5107,Moderate,1
SYN-02729,83,0,78,151,82,37.2,99.0,13,27.4,94,226,0.001,0.3,1.58,1,0,0,0.2449,Low,0
SYN-00273,52,0,61,121,86,36.8,98.4,17,31.8,92,234,0.028,0.7,1.31,0,0,0,0.0605,Low,0
SYN-09503,34,0,61,156,85,36.7,99.1,17,38.2,169,185,0.003,0.6,1.28,1,1,0,0.1289,Low,0
SYN-06648,56,1,93,136,70,36.3,99.1,15,32.2,216,239,0.007,1.1,1.28,0,1,0,0.2897,Low,0
SYN-08439,70,1,87,162,92,36.3,98.3,17,36.0,192,237,0.006,1.9,1.67,1,1,0,0.7823,High,1
SYN-02046,38,0,68,143,77,36.6,97.9,19,25.1,126,208,0.009,3.6,0.9,1,1,0,0.0881,Low,0
SYN-00448,49,0,73,159,87,37.0,99.2,16,27.0,71,177,0.001,3.0,1.23,1,0,0,0.0532,Low,0
SYN-03309,38,1,92,116,55,36.4,95.7,15,26.5,100,209,0.003,1.4,1.32,1,0,1,0.1416,Low,0
SYN-06469,90,1,83,140,76,36.0,96.3,19,31.5,111,234,0.001,1.7,1.78,0,1,1,0.7345,High,1
SYN-06948,66,1,93,111,55,36.8,98.4,15,26.8,82,206,0.003,3.9,1.33,0,0,0,0.0424,Low,0
SYN-04025,40,1,68,121,72,37.4,97.7,15,34.2,145,266,0.002,0.6,1.41,0,1,0,0.0556,Low,0
SYN-06479,45,1,79,101,63,37.1,98.5,16,22.9,88,209,0.008,0.2,1.25,0,0,0,0.0105,Low,0
SYN-09600,27,1,77,125,74,36.7,96.6,11,25.4,100,202,0.408,1.5,1.03,0,0,0,0.9778,High,1
SYN-07869,68,1,70,100,68,36.9,95.7,16,15.5,88,286,0.003,1.2,1.31,0,0,1,0.0594,Low,0
SYN-00696,41,1,76,111,65,36.0,96.9,18,24.4,85,231,0.002,2.0,1.19,0,0,1,0.0263,Low,0
SYN-05025,47,1,76,156,83,36.3,99.4,19,24.8,81,196,0.001,1.7,1.06,1,0,0,0.0593,Low,0
SYN-05066,60,0,71,130,84,36.7,100.0,12,37.0,139,224,0.008,4.4,1.12,0,1,0,0.1103,Low,0
SYN-03215,70,0,64,133,72,37.1,97.3,20,28.1,96,174,0.003,1.7,1.24,0,0,0,0.0648,Low,0
SYN-08890,45,1,65,119,77,35.9,98.8,14,21.5,88,259,0.017,0.5,1.58,0,0,0,0.0258,Low,0
SYN-07956,27,0,100,119,82,36.4,97.6,13,27.4,182,178,0.002,0.9,1.27,1,1,0,0.0432,Low,0
SYN-09100,53,1,97,154,85,36.8,99.3,15,27.3,180,240,0.005,0.3,1.47,1,1,0,0.4037,Moderate,0
SYN-00596,47,1,78,154,79,37.1,97.7,15,31.7,121,224,0.001,1.9,1.11,1,1,1,0.5164,Moderate,1
SYN-07976,52,1,67,155,88,36.7,98.1,14,29.0,204,228,0.008,3.8,1.04,1,1,0,0.353,Moderate,0
SYN-01379,59,1,75,134,79,36.6,98.3,14,20.8,72,213,0.004,0.5,1.31,1,0,1,0.2122,Low,0
SYN-09586,56,0,97,150,82,36.6,98.4,17,26.1,87,201,0.026,0.7,1.04,1,0,0,0.2171,Low,0
SYN-09647,33,1,68,114,79,36.7,97.5,12,34.6,101,208,0.015,2.8,1.04,0,0,0,0.0142,Low,0
SYN-04458,50,1,61,136,76,35.9,97.4,18,29.7,142,181,0.008,2.2,1.17,0,1,0,0.0982,Low,0
SYN-06062,40,1,82,140,79,37.3,97.5,15,31.8,108,207,0.002,0.6,1.28,1,1,0,0.0977,Low,0
SYN-03807,41,0,76,125,78,36.4,98.4,17,24.4,91,220,0.009,0.7,1.23,0,0,0,0.0172,Low,0
SYN-03183,43,0,74,130,77,36.3,99.2,11,31.6,89,222,0.003,0.6,0.82,0,0,0,0.0105,Low,0
SYN-00199,54,1,64,181,89,37.0,99.6,14,33.5,98,210,0.022,1.5,1.33,1,0,0,0.3426,Moderate,0
SYN-06723,45,1,85,151,75,36.7,99.0,15,31.8,99,199,0.004,0.7,1.71,1,0,0,0.1077,Low,0
SYN-03948,22,0,74,101,61,36.5,98.9,16,18.9,94,196,0.004,0.2,1.0,0,0,0,0.0017,Low,0
SYN-04846,68,1,71,154,80,37.1,98.3,22,28.5,87,253,0.009,0.4,1.76,1,0,0,0.3768,Moderate,0
SYN-02276,18,0,77,113,71,36.7,97.9,18,37.9,102,223,0.005,0.7,0.8,0,0,0,0.0056,Low,0
SYN-03778,61,1,79,122,69,36.4,98.6,13,26.9,81,189,0.003,0.2,0.9,0,0,0,0.0205,Low,0
SYN-09829,31,1,83,132,76,37.2,98.6,15,29.0,90,226,0.008,3.0,1.62,1,0,0,0.0423,Low,0
SYN-06379,59,1,64,130,63,36.2,97.5,12,33.4,90,231,0.012,2.3,1.55,0,0,1,0.1436,Low,0
SYN-07149,70,0,75,124,88,36.1,100.0,15,21.4,86,211,0.001,2.5,1.26,0,0,0,0.0292,Low,0
SYN-00931,54,0,86,140,89,36.9,98.4,16,20.4,110,216,0.021,9.6,1.26,0,0,0,0.11,Low,0
SYN-01893,36,1,74,131,91,36.8,98.0,16,24.5,95,186,0.005,1.6,1.54,0,0,0,0.0177,Low,0
SYN-01542,67,1,122,155,79,39.2,94.2,20,21.4,100,210,0.001,25.4,1.9,1,1,1,0.9562,High,1
SYN-08826,36,1,74,134,81,36.8,98.3,14,23.9,87,197,0.016,0.4,1.2,0,0,0,0.0199,Low,0
SYN-03145,48,0,71,116,69,36.6,98.1,20,32.2,88,186,0.557,2.2,1.19,0,0,1,0.9988,High,1
SYN-03061,73,1,76,166,92,36.2,94.8,20,30.2,101,237,0.011,2.1,1.58,1,1,0,0.7498,High,1
SYN-09174,46,1,89,132,68,37.0,98.8,16,20.4,97,188,0.001,0.5,0.98,0,0,0,0.0163,Low,0
SYN-00635,49,0,62,122,78,36.8,98.7,17,32.3,102,251,0.012,2.3,1.22,0,0,0,0.0344,Low,0
SYN-05824,51,0,62,105,83,36.7,99.3,19,22.8,96,169,0.004,0.8,1.08,0,0,0,0.0075,Low,0
SYN-07702,50,1,60,125,76,36.3,97.7,20,32.6,106,207,0.004,0.8,1.54,0,0,1,0.0843,Low,0
SYN-02296,69,1,86,142,82,36.7,100.0,14,29.7,83,242,0.008,0.2,1.48,1,0,0,0.1918,Low,0
SYN-04607,37,1,85,129,78,36.4,98.8,20,34.3,89,243,0.036,1.7,1.01,0,0,0,0.0917,Low,0
SYN-02590,64,0,76,147,94,36.2,98.4,18,25.2,74,229,0.001,0.5,1.63,0,0,0,0.0741,Low,0
SYN-06214,57,1,91,140,94,38.1,97.3,19,28.0,175,234,0.003,10.5,1.14,1,1,1,0.7957,High,1
SYN-07803,52,0,75,111,60,36.2,94.2,21,22.9,86,191,0.012,0.9,1.04,0,0,1,0.0582,Low,0
SYN-09357,49,1,81,143,82,36.9,98.4,16,38.7,170,226,0.009,0.7,1.85,1,1,1,0.7904,High,1
SYN-01953,26,1,73,107,62,37.3,98.7,13,23.6,74,155,0.011,1.4,1.25,0,0,0,0.0036,Low,0
SYN-02343,21,1,84,116,73,36.4,97.7,20,44.4,110,234,0.419,1.8,1.13,0,0,0,0.9919,High,1
SYN-01248,25,0,75,105,72,36.8,97.9,14,29.9,81,225,0.006,0.3,0.89,0,0,0,0.0033,Low,0
SYN-09707,60,0,70,129,75,37.0,98.1,19,23.0,89,209,0.316,4.9,1.12,0,0,1,0.9947,High,1
SYN-09184,79,1,79,134,77,36.3,98.3,12,31.2,169,217,0.01,1.5,1.4,0,1,0,0.3799,Moderate,0
SYN-00973,58,1,50,141,84,37.0,99.1,15,23.4,108,194,0.381,1.8,1.23,0,0,0,0.9936,High,1
SYN-07165,54,0,94,146,83,37.3,97.8,18,24.8,153,257,0.009,3.5,1.29,1,1,0,0.3687,Moderate,0
SYN-04410,27,0,69,124,78,37.0,97.6,15,19.6,72,192,1.407,0.3,0.83,0,0,0,0.9997,High,1
SYN-02334,53,1,88,128,74,36.9,99.5,18,27.2,81,242,0.002,2.6,1.1,0,0,0,0.0343,Low,0
SYN-01769,39,1,72,130,75,36.7,97.3,18,33.0,96,229,0.015,2.0,1.14,0,0,0,0.0435,Low,0
SYN-00388,62,1,78,163,97,36.7,96.8,20,26.1,110,222,0.005,3.3,1.67,1,0,1,0.7436,High,1
SYN-09224,39,0,65,149,84,36.6,99.1,16,28.3,77,243,0.049,5.7,1.16,1,0,0,0.416,Moderate,0
SYN-03765,53,1,95,144,81,38.0,93.8,19,33.4,116,240,0.004,21.7,1.25,0,1,1,0.6384,Moderate,1
SYN-00884,35,1,68,137,70,36.3,97.9,12,32.1,90,198,0.003,0.8,1.41,0,0,1,0.0331,Low,0
SYN-06921,76,0,76,149,87,37.1,96.2,20,26.7,160,228,0.01,0.6,1.73,1,1,0,0.6801,High,1
SYN-08722,90,0,77,168,87,36.4,97.9,15,28.1,107,225,0.012,4.6,1.42,1,0,0,0.6329,Moderate,1
SYN-07353,20,0,63,132,85,37.0,99.0,10,32.6,102,276,0.008,0.6,0.69,0,0,0,0.0053,Low,0
SYN-00124,76,0,75,117,64,36.5,96.8,19,26.0,91,249,0.009,4.1,1.29,0,0,0,0.1083,Low,0
SYN-04034,64,0,60,109,62,36.1,99.2,17,29.1,92,231,0.006,1.5,1.17,0,0,0,0.0241,Low,0
SYN-02953,49,1,71,119,68,36.3,99.1,17,30.6,97,271,0.001,1.7,1.21,0,0,0,0.0244,Low,0
SYN-06973,35,0,81,119,82,36.1,98.8,15,31.6,191,210,0.004,1.7,1.17,0,1,0,0.0402,Low,0
SYN-06555,43,0,65,129,82,36.9,98.2,23,26.2,161,259,0.004,2.0,1.18,0,1,0,0.0766,Low,0
SYN-00745,56,0,45,133,82,36.7,96.6,19,24.8,91,249,0.008,1.0,1.12,0,0,1,0.0721,Low,0
SYN-08858,69,0,98,145,90,36.9,98.8,10,27.0,202,231,0.031,2.8,1.32,1,1,0,0.7057,High,1
SYN-00248,83,1,84,161,91,38.0,97.5,19,28.9,83,248,0.001,9.6,1.59,1,0,0,0.5767,Moderate,1
SYN-08965,84,0,79,151,93,36.7,98.2,18,34.2,159,197,0.002,1.7,1.44,1,1,0,0.631,Moderate,1
SYN-04881,45,1,66,131,88,37.5,99.4,17,23.7,68,180,0.01,0.7,1.62,0,0,0,0.0212,Low,0
SYN-00834,48,1,57,122,77,36.8,99.4,16,35.6,194,218,0.007,3.3,1.33,0,1,0,0.1009,Low,0
SYN-00301,82,1,66,150,86,37.5,99.0,18,26.4,186,278,0.006,0.4,1.73,1,1,0,0.7147,High,1
SYN-09617,64,0,72,154,87,36.5,98.1,15,31.7,84,235,0.004,1.1,1.29,1,0,1,0.4744,Moderate,0
SYN-09935,58,0,71,152,74,36.4,99.1,15,36.9,237,236,0.001,0.6,1.2,1,1,0,0.4142,Moderate,0
SYN-06071,37,0,90,126,75,37.0,98.3,16,32.3,70,280,0.014,0.6,0.96,0,0,0,0.0254,Low,0
SYN-06481,51,1,93,137,71,36.9,97.1,17,25.1,90,194,1.172,2.4,1.33,1,0,1,1.0,High,1
SYN-07228,63,1,67,128,62,36.8,97.1,15,27.9,90,197,0.003,4.8,1.36,0,0,0,0.051,Low,0
SYN-01522,18,0,75,130,79,36.8,96.6,20,31.1,168,230,0.012,3.9,1.02,1,1,1,0.2964,Low,0
SYN-03340,28,0,51,115,67,36.5,97.2,17,29.1,97,221,0.001,0.2,1.05,0,0,0,0.0042,Low,0
SYN-01808,54,0,75,140,82,36.3,99.5,16,28.3,188,201,0.001,2.1,1.34,0,1,0,0.1171,Low,0
SYN-08274,64,1,69,150,92,36.2,97.3,17,25.3,90,196,0.006,7.0,1.56,1,0,1,0.566,Moderate,1
SYN-07726,80,0,90,153,82,37.1,97.8,17,34.8,86,248,0.006,0.9,1.59,1,0,0,0.4634,Moderate,0
SYN-03386,61,0,93,152,90,37.3,97.3,12,23.1,85,216,0.002,1.7,1.4,1,0,0,0.1155,Low,0
SYN-07476,64,0,59,120,61,36.2,98.2,20,28.8,157,232,0.004,0.6,1.51,0,1,1,0.2334,Low,0
SYN-09846,66,1,73,160,87,36.6,96.7,16,22.7,119,231,0.001,0.5,1.31,1,0,0,0.2205,Low,0
SYN-08609,48,1,96,139,76,36.2,95.4,18,20.0,91,175,0.008,0.2,1.25,0,0,1,0.104,Low,0
SYN-01994,69,1,79,132,82,38.3,98.3,19,26.6,84,204,0.001,3.7,1.06,0,0,0,0.0659,Low,0
SYN-09815,63,1,56,136,86,36.5,99.8,15,23.7,94,229,0.001,2.5,1.42,0,0,0,0.0373,Low,0
SYN-06573,78,0,72,160,88,36.4,89.2,21,28.4,106,252,0.043,4.5,1.5,1,0,1,0.9926,High,1
SYN-01388,37,1,58,126,62,36.7,98.7,22,24.4,102,184,0.007,2.8,1.0,0,0,0,0.014,Low,0
SYN-09412,61,0,94,152,82,37.1,99.2,13,22.9,115,235,0.002,1.7,1.2,1,1,0,0.2031,Low,0
SYN-00887,74,0,73,148,95,37.3,97.8,15,29.1,71,239,0.036,1.0,1.04,1,0,0,0.393,Moderate,0
SYN-05259,30,0,64,131,80,36.8,98.6,15,40.5,101,213,0.011,3.0,1.28,1,0,0,0.0352,Low,0
SYN-06039,41,1,87,117,56,36.2,99.6,19,25.5,169,231,0.002,0.2,1.41,0,1,1,0.1097,Low,0
SYN-07610,54,0,71,144,80,36.7,97.8,19,23.6,81,218,0.007,2.6,1.56,1,0,0,0.0993,Low,0
SYN-08292,79,1,93,126,72,37.2,98.4,14,19.8,179,220,0.001,0.5,1.57,0,1,1,0.4261,Moderate,0
SYN-07229,39,0,60,109,75,36.2,98.6,18,23.4,99,169,0.019,0.7,0.83,0,0,0,0.0081,Low,0
SYN-06311,63,0,80,115,67,36.7,96.0,17,21.4,71,255,0.001,2.1,1.08,0,0,1,0.0555,Low,0
SYN-02125,54,0,80,134,75,37.1,97.1,16,30.6,99,196,0.004,0.6,1.19,1,0,0,0.0691,Low,0
SYN-00681,67,0,78,170,108,36.8,98.3,16,27.6,141,208,0.014,3.6,1.07,1,1,0,0.5508,Moderate,1
SYN-02414,31,1,83,104,70,36.0,99.6,13,21.0,174,214,1.465,0.9,1.4,0,1,1,1.0,High,1
SYN-01697,47,0,75,132,68,36.6,97.2,18,34.2,89,210,0.002,1.5,1.15,0,0,1,0.0613,Low,0
SYN-02011,34,0,69,116,61,37.0,99.4,11,23.9,95,211,0.017,1.7,0.99,1,0,0,0.0122,Low,0
SYN-06760,79,0,90,146,97,36.9,99.1,20,23.8,99,220,0.005,0.2,1.15,0,0,0,0.1615,Low,0
SYN-03527,60,1,85,137,85,36.4,98.8,16,25.8,105,209,0.004,3.0,1.54,1,0,0,0.1298,Low,0
SYN-04528,57,0,75,147,91,36.5,97.9,16,33.0,106,234,0.003,1.1,1.51,1,1,0,0.235,Low,0
SYN-01316,83,0,107,162,89,38.1,98.0,17,26.5,87,237,0.004,22.2,1.3,1,0,0,0.6636,High,1
SYN-05946,25,0,89,115,73,36.8,98.7,17,28.4,83,172,0.001,3.9,0.73,0,0,0,0.0038,Low,0
SYN-08693,51,0,59,148,80,36.8,99.2,15,33.0,131,210,0.013,2.0,1.05,0,1,0,0.1084,Low,0
SYN-00594,28,0,87,153,87,36.7,96.1,16,31.0,120,245,0.001,2.6,1.22,1,1,1,0.3761,Moderate,0
SYN-06316,85,1,80,138,78,36.7,98.0,19,24.8,97,185,0.005,0.6,1.28,0,0,1,0.3115,Moderate,0
SYN-08894,65,1,79,114,77,36.8,98.1,15,22.3,92,232,0.001,0.2,1.24,0,0,0,0.0286,Low,0
SYN-05465,38,0,74,151,78,36.7,98.2,16,34.3,158,192,0.02,0.9,1.45,1,1,0,0.2716,Low,0
SYN-07050,70,1,89,161,93,36.1,96.9,21,32.3,174,198,2.228,7.3,2.09,1,1,1,1.0,High,1
SYN-02991,64,0,72,147,82,36.7,97.9,15,31.0,159,155,0.002,4.3,1.24,1,1,0,0.2635,Low,0
SYN-08225,68,0,89,137,84,36.7,98.5,18,22.5,90,214,0.002,3.9,1.47,0,0,0,0.0836,Low,0
SYN-04709,41,0,92,116,56,38.2,97.0,16,15.0,89,183,0.002,9.3,1.14,0,0,0,0.0107,Low,0
SYN-06146,47,1,77,172,90,37.2,97.9,19,37.4,156,234,0.001,2.1,1.74,1,1,0,0.523,Moderate,1
SYN-03934,72,0,80,116,76,36.9,97.2,18,27.8,89,259,0.02,0.5,1.15,0,0,0,0.1178,Low,0
SYN-01844,30,0,69,111,63,36.8,100.0,18,23.0,83,192,0.006,0.2,0.92,0,0,0,0.0033,Low,0
SYN-04464,44,0,76,150,90,36.2,98.8,15,29.1,192,244,0.001,1.2,1.32,1,1,0,0.1932,Low,0
SYN-01055,32,1,68,107,71,36.6,97.8,15,19.7,93,183,0.006,2.2,1.66,0,0,1,0.0135,Low,0
SYN-01230,63,1,98,141,86,38.9,96.8,19,29.6,89,204,0.019,17.1,1.33,1,0,1,0.8213,High,1
SYN-01287,33,1,75,125,70,36.9,98.5,14,25.4,98,207,0.002,3.7,1.3,1,0,1,0.0843,Low,0
SYN-01661,90,1,70,146,76,37.2,96.6,20,30.8,80,224,0.009,4.9,1.64,0,0,0,0.438,Moderate,0
SYN-05637,61,1,91,149,85,37.0,99.2,16,29.7,127,241,0.012,2.9,1.55,1,1,0,0.4823,Moderate,0
SYN-03847,52,1,101,164,96,37.8,91.2,24,26.5,90,224,0.007,8.4,1.35,1,0,0,0.5195,Moderate,1
SYN-05423,51,1,84,133,89,36.9,98.7,13,26.3,77,155,0.011,0.9,1.51,0,0,0,0.0339,Low,0
SYN-07861,36,1,61,110,58,36.9,97.8,18,28.6,179,221,0.002,1.5,1.02,0,1,1,0.055,Low,0
SYN-06158,48,0,82,143,81,36.8,98.9,11,29.8,76,237,0.004,0.7,1.84,1,0,0,0.0656,Low,0
SYN-01764,37,1,55,116,66,36.3,99.3,15,23.8,127,226,0.004,5.1,1.36,0,1,0,0.02,Low,0
SYN-03884,74,1,77,131,87,36.1,98.0,17,23.1,89,253,0.001,0.6,1.38,0,0,0,0.0861,Low,0
SYN-05306,83,0,77,150,91,36.8,99.2,20,35.1,94,205,0.054,2.0,1.24,0,0,0,0.8583,High,1
SYN-04089,47,0,79,149,83,36.5,98.1,12,28.9,87,226,2.282,0.5,1.03,1,0,0,1.0,High,1
SYN-06304,37,0,76,133,76,36.5,97.8,15,35.1,81,244,0.002,1.2,0.93,0,0,0,0.0154,Low,0
SYN-00488,61,1,81,128,89,37.0,98.8,18,26.8,86,227,0.005,1.3,1.54,0,0,0,0.0646,Low,0
SYN-06450,77,0,82,152,93,37.1,96.5,21,30.7,95,262,0.02,1.0,1.44,1,0,0,0.5987,Moderate,1
SYN-07532,44,1,54,135,72,36.8,98.1,15,27.8,88,197,0.006,0.2,1.37,0,0,0,0.0194,Low,0
SYN-06042,53,1,82,151,89,38.1,85.2,25,31.2,161,209,0.01,12.4,1.4,1,1,0,0.8441,High,1
SYN-01275,44,0,85,149,81,36.9,99.1,20,30.3,219,205,0.011,0.5,1.14,1,1,0,0.3398,Moderate,0
SYN-05184,90,0,92,167,93,37.5,98.2,16,37.5,67,237,0.016,2.4,1.69,1,0,0,0.7476,High,1
SYN-06018,30,0,75,96,70,36.4,97.4,19,22.8,89,211,0.001,1.3,0.85,0,0,1,0.006,Low,0
SYN-01827,68,1,88,160,95,36.8,97.3,21,24.8,100,235,0.013,3.7,1.33,1,0,1,0.8148,High,1
SYN-04433,62,1,69,137,77,37.4,97.8,12,26.5,102,238,0.001,0.2,1.24,0,0,1,0.0909,Low,0
SYN-07358,48,1,89,129,84,36.7,95.7,19,24.1,90,186,0.003,1.1,1.39,1,0,1,0.2622,Low,0
SYN-09230,47,1,79,122,70,36.8,96.3,18,31.4,238,241,0.006,3.4,1.23,0,1,1,0.3642,Moderate,0
SYN-02793,41,1,83,138,76,36.5,97.6,15,39.9,167,244,0.004,0.6,1.42,0,1,0,0.1557,Low,0
SYN-04199,21,0,74,97,65,37.9,92.4,21,29.8,82,161,0.008,32.1,1.14,0,0,0,0.018,Low,0
SYN-06886,57,0,82,164,100,36.7,98.6,11,32.6,134,244,0.005,1.7,1.21,1,1,0,0.3163,Moderate,0
SYN-08112,66,1,67,144,89,36.8,98.1,12,22.9,84,230,0.001,3.7,1.84,1,0,0,0.123,Low,0
SYN-08756,46,1,92,133,81,36.3,98.0,23,33.7,98,261,0.016,2.7,1.4,1,0,1,0.5918,Moderate,1
SYN-05394,41,0,99,152,89,37.4,97.2,19,27.3,98,187,0.013,0.2,1.65,1,0,0,0.152,Low,0
SYN-08490,25,0,90,156,97,38.0,98.0,17,31.0,148,231,0.548,1.8,0.85,1,1,1,0.9999,High,1
SYN-05185,37,1,97,136,78,36.8,98.7,15,29.3,198,257,0.012,0.3,1.02,0,1,0,0.1409,Low,0
SYN-06803,52,0,83,137,78,36.8,97.6,17,23.7,98,228,0.007,0.9,1.25,1,0,1,0.2913,Low,0
SYN-07294,60,0,73,150,85,36.6,98.4,12,29.6,98,197,0.015,2.8,0.96,1,0,0,0.1241,Low,0
SYN-06319,39,0,73,137,74,36.6,98.5,15,28.9,87,203,0.004,0.3,1.6,1,0,0,0.0337,Low,0
SYN-01675,50,1,68,135,78,37.1,97.8,14,25.3,83,210,0.012,0.9,1.4,1,0,0,0.064,Low,0
SYN-09654,65,0,90,157,87,37.2,97.4,16,36.9,86,188,0.018,4.4,1.41,1,0,0,0.4104,Moderate,0
SYN-06762,48,1,76,138,74,37.2,97.6,18,24.0,99,260,0.001,1.5,1.24,1,0,0,0.0675,Low,0
SYN-04318,45,1,98,98,73,38.5,97.9,17,22.3,100,216,0.006,8.9,1.11,0,0,0,0.0183,Low,0
SYN-09264,31,0,77,118,59,36.3,97.2,21,32.7,89,231,0.001,3.3,1.08,0,0,1,0.0256,Low,0
SYN-07121,64,0,67,115,72,36.5,98.2,21,33.7,111,250,0.002,1.2,0.89,0,0,0,0.043,Low,0
SYN-02561,60,1,75,134,79,36.2,98.7,17,32.5,156,255,0.001,1.9,1.16,0,1,0,0.1645,Low,0
SYN-04850,54,0,70,139,80,36.9,98.7,16,31.4,84,245,0.029,0.5,1.18,1,0,0,0.1631,Low,0
SYN-01566,44,1,83,132,70,36.4,97.8,15,35.1,106,129,0.002,1.1,1.25,0,0,0,0.0255,Low,0
SYN-02156,64,0,72,136,71,36.8,99.5,14,30.4,87,230,0.002,0.6,1.14,0,0,0,0.0393,Low,0
SYN-06412,55,1,82,139,90,36.9,98.2,21,24.3,103,281,0.004,1.6,1.48,1,0,0,0.1601,Low,0
SYN-01193,50,0,68,130,80,36.6,98.8,15,25.4,194,217,0.022,0.7,1.29,0,1,0,0.149,Low,0
SYN-05220,64,1,80,152,78,37.2,98.6,14,33.3,151,312,0.005,1.1,1.55,1,1,0,0.5384,Moderate,1
SYN-02923,34,1,70,102,55,36.3,98.9,18,21.4,87,193,0.002,1.1,1.11,0,0,0,0.0039,Low,0
SYN-08546,42,1,88,158,76,36.7,99.0,15,30.4,296,235,0.011,2.8,1.37,1,1,0,0.6068,Moderate,1
SYN-07404,39,1,88,126,79,36.5,98.1,20,25.2,98,196,0.001,2.1,1.25,0,0,0,0.0205,Low,0
SYN-07432,76,1,83,125,77,36.6,98.5,17,34.8,91,233,0.024,3.5,1.34,0,0,0,0.2723,Low,0
SYN-00868,47,1,72,131,83,36.3,96.9,18,35.3,102,225,0.021,0.8,1.33,0,0,1,0.1853,Low,0
SYN-03819,79,0,85,169,84,36.3,98.5,20,37.7,94,262,0.005,1.0,1.61,1,0,0,0.616,Moderate,1
SYN-02462,33,0,72,126,75,36.9,98.7,15,32.4,70,209,0.01,3.9,1.01,0,0,0,0.0111,Low,0
SYN-03043,40,0,103,158,92,37.3,98.9,13,32.5,84,223,0.001,2.2,1.07,1,0,0,0.0658,Low,0
SYN-02726,48,0,77,134,78,37.2,98.4,18,25.6,179,171,0.003,1.1,1.07,1,1,0,0.1121,Low,0
SYN-05016,47,1,110,135,74,38.8,97.3,16,31.0,176,232,0.002,27.3,1.43,1,1,0,0.5435,Moderate,1
SYN-05448,53,1,108,131,72,38.2,98.2,16,30.1,108,248,0.002,16.3,1.22,0,0,0,0.1193,Low,0
SYN-08987,44,1,74,105,66,36.7,98.9,16,33.0,143,251,0.007,1.3,1.23,0,1,1,0.0912,Low,0
SYN-02331,40,1,68,96,62,36.6,98.8,10,30.4,135,247,0.012,2.8,1.29,0,1,0,0.023,Low,0
SYN-06630,44,1,92,138,81,36.5,99.5,18,35.4,94,228,0.009,5.3,1.04,0,0,0,0.0639,Low,0
SYN-02051,66,0,60,155,90,36.9,97.9,12,24.2,86,211,0.006,1.2,1.65,1,0,0,0.1274,Low,0
SYN-00285,36,0,67,144,82,36.8,96.3,14,30.1,94,179,0.004,3.5,1.36,1,0,1,0.1591,Low,0
SYN-07969,41,1,95,119,65,38.9,96.7,20,23.6,99,221,0.004,21.3,1.04,0,0,0,0.0498,Low,0
SYN-00487,42,1,79,109,67,36.9,98.8,11,20.3,99,178,0.02,0.2,1.48,0,0,0,0.0143,Low,0
SYN-00442,59,0,95,139,78,38.3,94.7,15,25.0,209,203,0.001,18.1,1.42,1,1,1,0.8517,High,1
SYN-00779,55,0,81,161,91,36.9,95.2,19,30.7,118,227,0.225,1.8,1.19,1,0,1,0.9991,High,1
SYN-07882,68,1,80,159,82,38.4,92.7,19,31.0,91,166,0.01,8.2,1.18,1,0,0,0.4684,Moderate,0
SYN-02934,71,1,64,121,78,36.7,99.2,13,26.7,82,187,0.004,2.5,1.14,0,0,0,0.031,Low,0
SYN-04328,62,0,83,118,76,36.5,97.6,17,27.0,214,224,0.007,4.2,1.27,0,1,0,0.205,Low,0
SYN-05027,52,1,72,112,71,38.3,96.2,18,22.3,102,238,0.01,11.1,1.04,0,0,1,0.0848,Low,0
SYN-01226,62,1,45,128,91,36.8,98.0,18,18.3,95,196,0.05,0.2,1.16,0,0,0,0.2852,Low,0
SYN-09871,41,0,73,134,86,36.7,100.0,17,25.0,89,192,1.787,0.3,0.95,1,0,0,1.0,High,1
SYN-01168,83,0,102,143,86,37.2,96.7,14,27.0,95,233,0.018,2.9,1.5,1,0,0,0.5248,Moderate,1
SYN-01200,37,0,82,124,86,36.9,98.8,18,32.1,86,257,0.032,0.7,1.03,0,0,0,0.0483,Low,0
SYN-07222,53,0,66,141,83,36.9,98.3,18,30.4,79,239,0.311,1.6,0.94,1,0,0,0.9927,High,1
SYN-05814,68,1,80,107,61,36.6,99.1,17,31.3,177,209,0.009,3.4,1.44,0,1,0,0.192,Low,0
SYN-07909,36,0,64,115,78,36.9,99.2,17,18.0,81,212,0.014,1.6,0.96,0,0,0,0.0062,Low,0
SYN-05420,35,1,82,117,62,36.5,98.8,20,30.6,67,234,0.01,0.7,1.18,0,0,1,0.0355,Low,0
SYN-03100,63,1,87,154,88,36.6,97.6,19,29.9,191,239,0.013,1.4,1.53,1,1,0,0.7109,High,1
SYN-01255,42,1,79,113,70,37.0,98.7,16,29.0,75,235,0.348,2.3,1.45,0,0,0,0.9818,High,1
SYN-08133,33,0,68,122,70,36.0,98.5,16,31.3,182,189,0.019,0.6,0.93,0,1,0,0.0471,Low,0
SYN-03178,57,1,68,119,85,36.8,98.9,19,32.3,77,232,0.012,0.5,1.0,0,0,0,0.0397,Low,0
SYN-00750,40,1,88,113,69,36.4,95.5,15,21.4,87,157,0.003,2.3,1.24,0,0,1,0.0231,Low,0
SYN-06451,67,1,64,147,82,36.6,100.0,16,40.6,196,254,0.004,1.0,1.39,1,1,0,0.5289,Moderate,1
SYN-00724,30,0,83,108,69,36.2,98.6,16,26.6,98,233,0.001,0.4,0.96,0,0,0,0.0047,Low,0
SYN-07370,64,1,88,169,99,36.4,99.3,15,26.9,99,225,0.004,0.2,1.67,1,0,0,0.2991,Low,0
SYN-06323,56,1,82,123,77,37.0,95.4,20,32.8,99,276,0.001,0.6,1.15,0,0,1,0.1422,Low,0
SYN-03887,38,1,77,127,81,37.1,99.0,15,24.1,117,230,0.001,0.3,1.54,0,0,0,0.0173,Low,0
SYN-07444,36,0,93,124,73,39.0,94.6,21,25.8,98,168,0.004,8.1,1.66,1,0,0,0.0641,Low,0
SYN-06387,78,0,69,152,87,36.7,97.4,17,31.0,221,224,0.001,1.1,1.23,1,1,0,0.6109,Moderate,1
SYN-09939,51,0,82,148,83,36.6,98.0,20,26.6,71,208,0.004,2.9,1.32,1,0,0,0.0892,Low,0
SYN-06306,88,1,64,181,101,36.5,96.2,17,32.4,96,202,0.007,0.8,1.48,1,0,0,0.6729,High,1
SYN-03666,29,0,63,126,62,36.7,97.2,19,31.1,181,193,0.017,2.1,1.13,0,1,1,0.1187,Low,0
SYN-09292,57,0,69,138,91,36.8,98.4,17,28.4,206,260,0.008,2.0,1.03,1,1,0,0.3053,Moderate,0
SYN-00373,68,1,78,162,86,36.6,97.4,17,26.0,75,261,0.009,1.3,1.43,1,0,1,0.7119,High,1
SYN-07636,53,0,64,116,73,36.8,98.2,18,26.1,91,202,0.015,1.5,1.27,0,0,0,0.0276,Low,0
SYN-04118,70,0,74,158,90,36.2,98.8,17,32.1,185,210,0.003,2.5,1.25,1,1,0,0.514,Moderate,1
SYN-05689,64,1,91,139,85,36.6,99.3,16,25.3,76,176,0.988,1.9,1.2,0,0,0,0.9999,High,1
SYN-07283,74,0,63,145,88,36.6,98.0,13,33.4,218,214,0.006,1.3,1.36,1,1,0,0.513,Moderate,1
SYN-09213,68,1,77,134,84,37.0,98.1,14,26.3,73,195,0.007,0.2,1.3,0,0,0,0.0595,Low,0
SYN-08456,59,1,75,138,92,37.0,98.6,14,29.6,95,226,0.01,3.1,1.58,1,0,0,0.1492,Low,0
SYN-03803,50,0,76,141,86,36.8,98.3,17,23.0,105,204,0.011,1.5,1.09,0,0,0,0.0408,Low,0
SYN-02830,90,0,93,128,73,37.5,99.5,14,23.2,92,187,0.006,2.1,1.14,0,0,0,0.1114,Low,0
SYN-01600,37,1,85,126,79,36.7,98.1,10,17.4,69,197,0.001,2.2,1.4,0,0,0,0.007,Low,0
SYN-07556,57,1,88,115,69,39.0,95.8,18,31.9,84,206,0.001,8.1,1.57,0,0,0,0.0655,Low,0
SYN-06524,64,0,71,138,90,36.8,98.7,18,22.0,90,173,0.008,0.2,1.2,0,0,0,0.0449,Low,0
SYN-03861,35,1,65,121,69,36.8,99.0,13,24.7,92,192,0.011,1.7,1.2,0,0,0,0.0092,Low,0
SYN-09806,30,1,74,132,80,36.2,99.0,21,29.2,142,188,0.021,8.7,1.49,1,1,0,0.1885,Low,0
SYN-06647,41,1,57,109,64,37.1,100.0,16,19.4,113,193,0.011,0.9,1.03,0,0,0,0.007,Low,0
SYN-08911,66,0,54,112,60,37.0,98.4,18,26.4,88,244,0.006,0.2,1.31,0,0,0,0.0288,Low,0
SYN-01413,29,0,72,141,74,36.2,99.1,12,38.4,80,221,1.213,2.8,1.21,1,0,0,0.9999,High,1
SYN-03393,41,0,57,109,62,36.2,98.7,18,21.0,92,219,0.003,2.0,0.96,0,0,0,0.0051,Low,0
SYN-06255,58,1,71,119,64,38.3,96.9,20,30.2,95,247,0.003,13.0,1.11,0,0,1,0.1387,Low,0
SYN-05048,37,1,45,145,80,37.3,97.9,18,26.8,96,174,0.011,0.7,1.32,1,0,0,0.0387,Low,0
SYN-05271,68,1,90,156,87,36.5,97.2,13,32.4,110,209,0.008,0.6,1.61,1,0,0,0.3677,Moderate,0
SYN-00682,64,0,90,141,81,35.7,97.8,15,29.5,221,213,0.015,0.5,1.55,1,1,0,0.5967,Moderate,1
SYN-08469,54,0,94,125,81,37.0,98.5,14,18.3,113,243,0.012,0.7,1.12,0,0,0,0.0372,Low,0
SYN-00955,43,1,85,118,60,36.6,97.3,15,24.2,94,235,0.022,0.4,1.04,0,0,1,0.0685,Low,0
SYN-05047,68,0,82,139,86,36.6,98.5,14,26.0,71,205,0.018,1.8,1.39,1,0,0,0.1664,Low,0
SYN-06618,53,0,75,120,68,36.5,96.3,19,29.5,81,268,0.009,3.4,1.23,0,0,1,0.099,Low,0
SYN-01881,66,0,51,129,71,36.6,97.9,15,25.9,88,270,0.006,1.4,1.31,0,0,0,0.0442,Low,0
SYN-07948,55,1,64,132,84,36.9,98.1,11,33.4,187,254,0.011,1.3,1.22,0,1,0,0.1681,Low,0
SYN-00787,55,1,79,145,86,36.5,98.5,14,24.9,73,240,0.026,1.0,1.42,1,0,0,0.1867,Low,0
SYN-07715,42,1,71,128,77,36.3,96.4,17,25.0,98,227,0.005,0.5,1.11,0,0,0,0.0223,Low,0
SYN-00242,52,1,57,148,86,36.1,99.1,18,15.4,90,181,0.017,0.9,1.37,1,0,0,0.0749,Low,0
SYN-05609,58,1,64,159,94,36.4,99.9,11,31.6,208,176,0.011,4.1,1.53,1,1,0,0.4432,Moderate,0
SYN-07458,45,1,73,166,95,35.8,97.8,19,34.3,164,209,0.005,0.8,1.17,1,1,0,0.3556,Moderate,0
SYN-07843,51,1,77,123,74,38.9,98.8,18,22.6,87,137,0.001,7.2,1.6,1,0,0,0.0393,Low,0
SYN-04514,42,1,83,133,83,36.7,98.4,14,22.6,110,207,1.494,6.4,0.77,0,0,0,1.0,High,1
SYN-02643,38,0,64,129,71,37.1,96.4,17,21.7,118,226,0.003,0.3,1.18,0,0,1,0.0298,Low,0
SYN-00018,39,0,64,164,103,36.5,97.7,14,24.1,95,191,0.003,3.0,0.94,1,0,0,0.0377,Low,0
SYN-03135,46,0,80,145,85,36.6,99.7,15,33.7,62,224,0.009,4.2,1.08,1,0,0,0.0607,Low,0
SYN-04470,41,1,92,158,95,37.0,98.3,16,33.4,97,185,0.003,2.5,1.5,1,0,1,0.4007,Moderate,0
SYN-01895,50,1,77,129,72,36.6,98.7,15,29.1,120,169,0.001,1.6,1.53,1,0,0,0.0538,Low,0
SYN-09492,54,0,88,137,85,37.6,97.4,17,29.7,94,221,0.003,0.2,1.29,0,0,0,0.0527,Low,0
SYN-08614,48,0,63,137,82,36.6,97.9,18,16.1,88,233,0.021,0.3,1.24,1,0,0,0.0625,Low,0
SYN-03373,30,1,73,130,81,37.0,94.6,17,29.7,122,223,0.01,1.5,1.18,0,1,1,0.1122,Low,0
SYN-01022,59,1,64,123,72,36.8,96.0,16,24.0,94,234,0.003,3.3,1.41,0,0,1,0.0863,Low,0
SYN-08718,77,1,80,157,88,37.0,97.2,17,37.4,96,256,0.001,1.0,1.63,1,0,0,0.4796,Moderate,0
SYN-08395,62,1,89,127,76,37.3,99.0,15,28.1,79,172,0.001,0.8,1.21,0,0,1,0.0678,Low,0
SYN-00756,72,0,80,157,89,37.1,95.9,24,36.6,152,306,0.004,5.0,1.44,1,1,0,0.8039,High,1
SYN-01252,78,1,58,131,84,37.0,98.6,17,30.8,186,291,0.006,1.2,1.52,0,1,0,0.406,Moderate,0
SYN-02265,62,1,102,159,80,35.8,98.3,12,23.5,168,213,0.002,2.0,1.21,1,1,0,0.3964,Moderate,0
SYN-01218,18,0,63,117,79,36.6,99.6,13,32.6,91,203,0.001,1.4,0.58,0,0,0,0.0017,Low,0
SYN-04624,68,1,89,141,78,37.0,97.9,15,26.8,64,264,0.007,0.5,1.52,1,0,0,0.2002,Low,0
SYN-05535,60,1,53,172,100,36.4,95.6,18,35.4,102,263,0.001,2.7,1.38,1,0,1,0.7075,High,1
SYN-08084,35,0,72,106,72,36.4,99.6,19,25.8,96,210,0.176,2.6,1.04,0,0,0,0.6559,High,1
SYN-09525,50,0,60,146,93,36.5,97.1,14,26.9,76,218,0.001,1.2,1.13,1,0,0,0.0378,Low,0
SYN-00205,21,0,67,112,68,36.6,99.6,17,29.1,111,187,0.003,0.3,1.05,0,0,0,0.0031,Low,0
SYN-03330,50,1,71,115,65,37.2,96.1,17,23.8,91,209,0.001,0.2,1.2,0,0,1,0.035,Low,0
SYN-06224,66,0,81,123,77,37.0,99.6,15,31.6,240,238,0.014,1.8,0.99,0,1,0,0.2872,Low,0
SYN-05153,55,1,68,128,72,36.6,99.3,19,22.2,105,239,0.004,0.6,1.56,1,0,1,0.2687,Low,0
SYN-02658,39,0,82,110,67,36.7,96.4,18,25.2,159,228,0.005,0.2,0.96,0,1,1,0.0665,Low,0
SYN-03991,59,1,79,156,96,36.4,98.3,13,29.5,172,220,0.003,1.9,1.49,1,1,0,0.3931,Moderate,0
SYN-04682,56,1,72,133,74,37.1,98.1,20,25.3,103,246,0.008,2.2,1.41,1,0,0,0.1276,Low,0
SYN-04711,61,0,70,120,82,38.7,99.7,22,26.7,166,202,0.022,9.9,1.26,0,1,0,0.2486,Low,0
SYN-09908,74,1,68,132,72,36.7,98.9,17,33.0,92,192,0.011,2.3,1.33,0,0,0,0.1254,Low,0
SYN-06147,46,0,88,113,73,36.4,98.3,17,25.7,92,212,0.016,0.4,1.27,0,0,1,0.053,Low,0
SYN-07627,59,0,63,153,78,36.6,97.9,17,20.2,198,205,0.012,1.1,1.15,1,1,0,0.3302,Moderate,0
SYN-08218,36,0,60,110,58,36.4,99.0,16,20.6,83,247,0.001,0.7,1.04,0,0,1,0.0076,Low,0
SYN-05863,37,1,71,137,80,36.9,94.6,15,24.4,103,202,0.026,1.1,1.36,1,0,1,0.3624,Moderate,0
SYN-08794,60,1,62,135,87,37.0,95.4,18,22.4,89,212,0.014,4.1,1.36,0,0,1,0.1765,Low,0
SYN-02911,46,1,69,142,74,36.9,99.6,16,21.7,190,203,0.018,2.5,1.08,1,1,0,0.2128,Low,0
SYN-02174,35,1,61,120,66,37.2,98.3,17,29.2,91,176,0.011,2.0,0.94,0,0,0,0.0104,Low,0
SYN-00476,49,0,96,171,85,37.1,98.7,19,37.8,112,250,0.006,1.1,1.21,1,0,0,0.3012,Moderate,0
SYN-02961,34,1,78,122,60,36.5,98.9,15,24.4,173,206,0.004,1.0,1.26,0,1,0,0.0327,Low,0
SYN-06383,66,0,55,112,68,36.4,99.7,20,28.9,72,193,0.001,4.3,1.17,0,0,0,0.0193,Low,0
SYN-00193,48,1,93,154,89,37.1,98.8,18,27.9,182,227,0.002,2.1,1.33,1,1,1,0.7233,High,1
SYN-00376,90,0,83,130,87,36.6,96.3,16,32.8,113,218,0.004,2.3,0.89,0,0,0,0.2018,Low,0
SYN-09582,37,1,64,129,71,36.9,98.5,14,22.8,85,242,0.006,0.5,1.32,1,0,0,0.0211,Low,0
SYN-02873,37,0,69,128,70,36.6,98.7,14,30.4,94,218,0.003,1.6,1.17,0,0,0,0.0111,Low,0
SYN-06974,49,1,90,116,67,36.6,96.9,14,26.4,88,257,0.013,1.1,1.29,0,0,0,0.0411,Low,0
SYN-09303,60,0,75,131,82,36.7,98.3,20,32.5,129,234,0.001,2.5,1.37,1,1,0,0.2181,Low,0
SYN-00179,52,1,73,126,76,36.1,98.5,14,16.3,88,227,0.014,3.8,1.18,0,0,1,0.0578,Low,0
SYN-05523,41,1,74,107,72,36.3,96.5,18,30.8,166,222,0.582,3.3,1.15,0,1,1,0.9997,High,1
SYN-01669,59,1,73,158,90,36.6,96.9,14,30.5,181,186,0.008,1.4,1.94,1,1,1,0.8571,High,1
SYN-05816,47,0,87,117,75,37.1,98.9,19,28.3,82,242,0.825,1.0,0.98,0,0,0,0.9995,High,1
SYN-07203,63,1,94,119,70,37.4,99.1,18,24.7,77,208,0.005,2.4,1.43,0,0,0,0.0512,Low,0
SYN-02033,65,1,67,127,75,37.3,96.1,18,31.3,73,225,0.009,1.8,1.46,0,0,1,0.1776,Low,0
SYN-09183,71,1,70,120,71,37.1,97.6,18,25.7,235,221,0.008,2.0,1.55,0,1,0,0.3542,Moderate,0
SYN-01576,34,0,87,122,78,36.6,98.0,17,24.6,153,230,0.005,1.3,0.93,0,1,0,0.0307,Low,0
SYN-01089,64,1,79,120,65,36.8,98.8,17,21.0,81,158,0.006,3.0,1.79,0,0,0,0.0434,Low,0
SYN-04688,30,0,61,107,66,36.5,100.0,15,25.5,80,222,0.001,0.4,0.68,0,0,0,0.0018,Low,0
SYN-00116,46,0,86,105,57,37.6,97.4,14,23.0,94,180,0.004,1.1,1.27,0,0,1,0.0194,Low,0
SYN-05685,38,1,68,146,76,36.7,99.2,19,25.0,82,177,0.006,1.3,1.17,1,0,0,0.0348,Low,0
SYN-04246,54,1,78,131,72,36.3,98.3,14,29.5,97,234,1.838,0.4,1.21,0,0,0,1.0,High,1
SYN-09958,90,0,83,174,104,37.0,97.7,18,33.8,154,215,0.002,1.0,1.49,1,1,0,0.8295,High,1
SYN-01680,50,1,67,164,97,36.4,97.7,13,32.6,155,212,0.009,4.1,1.35,1,1,1,0.7439,High,1
SYN-06122,70,1,73,164,80,35.9,100.0,18,30.1,77,261,0.009,1.7,1.55,1,0,0,0.3627,Moderate,0
SYN-08485,55,1,74,161,92,36.7,97.6,13,24.7,82,223,0.008,4.8,1.26,1,0,0,0.1455,Low,0
SYN-02950,73,1,92,143,78,36.4,97.4,17,27.6,84,237,0.004,1.9,1.53,0,0,0,0.1903,Low,0
SYN-06639,66,1,88,128,72,37.0,97.7,19,27.9,86,254,0.002,1.1,1.52,0,0,0,0.1,Low,0
SYN-00621,47,0,90,138,81,36.7,96.6,18,30.5,96,273,0.005,0.8,1.36,1,0,1,0.3889,Moderate,0
SYN-05887,60,1,95,139,81,37.2,100.0,16,23.0,82,216,0.008,0.2,1.51,1,0,0,0.1182,Low,0
SYN-07625,41,1,55,120,62,36.5,98.8,14,32.8,181,197,0.02,1.7,1.06,0,1,0,0.0683,Low,0
SYN-06095,61,1,78,169,91,36.5,99.6,14,38.0,216,248,0.001,1.0,1.49,1,1,0,0.6386,Moderate,1
SYN-09024,61,1,91,142,84,39.2,96.8,20,32.4,169,201,0.004,17.4,1.54,1,1,1,0.9038,High,1
SYN-09561,56,0,77,132,75,36.2,97.7,20,21.3,157,230,0.002,1.5,1.28,0,1,1,0.2018,Low,0
SYN-02036,66,1,76,184,97,36.7,98.8,14,36.7,94,249,0.003,3.7,1.44,1,0,0,0.4519,Moderate,0
SYN-02799,63,1,49,133,85,36.7,98.1,21,29.8,99,204,0.132,0.8,1.33,0,1,1,0.9714,High,1
SYN-04585,49,0,87,120,68,39.2,98.0,16,32.7,108,211,0.003,20.3,1.19,0,0,0,0.0552,Low,0
SYN-05427,43,0,70,139,81,37.0,99.3,16,28.3,66,216,0.005,0.4,1.08,0,0,0,0.0153,Low,0
SYN-05232,29,1,58,123,65,38.1,95.6,21,31.8,100,247,0.002,7.4,0.95,0,0,1,0.0355,Low,0
SYN-07936,42,0,72,114,54,36.9,99.8,18,25.4,78,269,0.001,0.2,1.2,0,0,0,0.0088,Low,0
SYN-00789,37,0,79,115,70,38.5,91.5,25,21.4,106,206,0.002,22.9,1.08,0,0,0,0.0484,Low,0
SYN-02149,48,0,77,153,91,36.6,98.1,17,24.7,103,289,0.007,0.9,1.08,0,0,0,0.063,Low,0
SYN-00644,57,1,69,142,78,36.3,100.0,17,23.9,106,199,0.04,2.4,1.71,1,0,0,0.3142,Moderate,0
SYN-03730,58,1,59,150,85,36.9,97.1,17,24.0,248,209,0.011,7.1,1.47,1,1,0,0.5749,Moderate,1
SYN-05851,70,0,84,126,69,37.1,100.0,17,22.7,99,204,0.004,0.8,0.97,0,0,0,0.0393,Low,0
SYN-08685,90,1,63,158,79,36.8,97.8,16,25.0,92,275,0.001,0.2,1.48,0,0,1,0.4617,Moderate,0
SYN-07028,57,1,72,118,66,36.9,98.6,16,28.7,88,194,0.004,2.1,1.05,0,0,1,0.0477,Low,0
SYN-00738,67,0,73,137,81,36.9,100.0,19,20.7,158,204,0.001,4.1,1.64,1,1,0,0.2488,Low,0
SYN-01843,68,1,73,134,83,36.5,99.6,18,30.3,189,206,0.004,1.3,1.31,0,1,0,0.2461,Low,0
SYN-00590,80,1,72,146,82,36.5,99.7,21,31.0,130,250,0.005,1.5,1.52,1,1,0,0.5904,Moderate,1
SYN-07655,64,0,62,160,94,36.5,99.7,19,29.9,147,205,0.014,0.2,1.35,1,1,0,0.4378,Moderate,0
SYN-04668,67,1,87,150,84,36.7,99.5,18,30.7,87,261,0.003,4.5,1.61,1,0,0,0.2976,Low,0
SYN-08639,58,0,81,151,85,36.6,97.7,16,27.2,97,184,0.003,3.0,1.19,1,0,0,0.1067,Low,0
SYN-03611,64,0,78,144,70,36.4,98.7,19,18.5,89,253,0.004,0.7,1.12,1,0,0,0.0993,Low,0
SYN-09906,31,1,71,105,63,36.8,98.9,13,32.8,97,199,0.013,1.1,0.93,0,0,0,0.0069,Low,0
SYN-08370,38,0,82,118,62,36.5,99.4,20,28.2,83,220,0.001,2.4,1.0,0,0,0,0.01,Low,0
SYN-06865,49,0,66,148,86,36.2,98.4,17,29.9,83,243,0.025,3.1,1.23,1,0,0,0.158,Low,0
SYN-01028,55,0,84,125,70,36.9,98.4,18,30.1,94,236,0.217,0.7,1.18,0,0,0,0.9622,High,1
SYN-02184,38,1,81,123,67,37.0,99.5,13,25.4,99,235,0.013,0.2,1.32,0,0,1,0.0397,Low,0
SYN-05167,24,1,53,108,64,36.7,97.9,14,19.6,100,178,0.013,5.6,1.0,0,0,0,0.0036,Low,0
SYN-00415,49,1,81,121,77,36.8,98.7,17,27.7,150,196,0.007,1.2,1.6,0,1,0,0.0903,Low,0
SYN-02739,90,0,118,163,88,36.6,95.8,11,25.6,103,239,0.008,1.1,1.9,1,0,0,0.7191,High,1
SYN-05243,67,1,68,151,81,36.4,99.2,15,27.5,84,214,0.008,0.5,1.76,1,0,1,0.5491,Moderate,1
SYN-01217,25,0,93,102,65,38.7,97.1,16,24.5,82,191,0.017,9.1,0.87,0,0,0,0.0078,Low,0
SYN-04217,73,0,83,119,61,37.3,95.5,16,25.3,101,188,0.008,0.3,1.28,0,0,1,0.149,Low,0
SYN-00544,51,1,96,162,92,36.8,98.4,16,31.4,144,226,0.009,1.5,1.36,1,1,1,0.8058,High,1
SYN-00291,50,0,83,137,71,37.2,97.4,13,24.9,109,216,0.002,3.1,1.14,0,0,1,0.0621,Low,0
SYN-03775,71,0,63,161,97,36.7,98.7,19,32.0,76,183,0.009,1.3,1.14,1,0,1,0.577,Moderate,1
SYN-09543,54,1,86,152,88,37.1,96.7,19,33.8,77,287,0.007,2.2,1.74,1,1,1,0.807,High,1
SYN-04507,66,0,93,141,81,37.4,96.7,20,32.7,205,227,0.048,6.8,1.38,0,1,1,0.973,High,1
SYN-09199,89,0,81,125,82,36.8,97.8,17,17.6,109,227,0.001,0.2,1.25,0,0,0,0.1005,Low,0
SYN-09319,64,0,84,145,73,37.3,98.3,19,32.8,211,259,0.013,2.3,0.93,1,1,0,0.5956,Moderate,1
SYN-05138,61,1,77,113,63,36.8,97.1,12,25.1,86,255,0.006,0.9,1.41,0,0,0,0.0348,Low,0
SYN-09445,75,0,72,114,68,36.8,97.7,19,19.9,97,196,0.004,0.7,1.01,0,0,0,0.0362,Low,0
SYN-04393,37,0,77,126,79,36.3,97.5,15,32.9,147,224,0.181,2.2,1.19,0,1,0,0.9443,High,1
SYN-03326,59,0,88,112,70,36.6,96.9,16,31.2,156,241,0.007,1.1,1.17,0,1,0,0.1188,Low,0
SYN-05788,39,0,76,117,75,37.0,99.3,17,33.7,97,263,0.005,2.2,1.16,0,0,0,0.0168,Low,0
SYN-09761,71,0,74,125,64,37.1,96.1,17,29.1,86,215,0.011,0.8,1.15,0,0,0,0.0859,Low,0
SYN-04712,45,1,84,127,85,36.9,97.0,15,29.1,82,229,0.023,0.9,1.27,0,0,0,0.0604,Low,0
SYN-06184,48,0,79,117,69,36.5,98.5,16,27.0,104,221,0.014,0.2,1.21,0,0,0,0.0268,Low,0
SYN-05311,38,0,85,114,63,36.9,95.8,19,24.2,92,236,4.624,1.3,0.97,0,0,1,1.0,High,1
SYN-01277,44,1,74,135,84,36.6,96.8,16,32.8,98,209,0.008,0.7,1.51,1,0,0,0.0839,Low,0
SYN-00056,44,1,51,124,68,35.9,100.0,16,22.2,96,270,0.005,1.7,1.52,0,0,0,0.0158,Low,0
SYN-02854,58,1,79,157,83,36.3,95.5,14,39.1,125,219,0.015,2.3,1.22,1,1,1,0.8574,High,1
SYN-00450,60,0,81,183,104,36.7,99.0,13,32.5,102,240,0.001,1.1,1.01,1,0,0,0.2207,Low,0
SYN-00692,50,1,70,139,88,37.1,97.3,14,21.9,101,194,0.015,0.2,1.41,1,0,0,0.0812,Low,0
SYN-06443,74,0,75,142,97,36.4,99.0,16,27.5,102,229,0.008,3.5,1.37,1,0,0,0.2181,Low,0
SYN-05168,36,1,73,131,75,36.5,98.3,15,27.6,82,224,0.016,1.3,1.19,1,0,0,0.0404,Low,0
SYN-03329,43,0,94,114,65,38.7,97.7,20,32.0,103,196,0.016,38.7,1.15,0,0,0,0.1411,Low,0
SYN-08217,36,1,66,136,74,36.2,97.5,16,29.4,104,206,0.018,2.7,1.52,0,0,0,0.0459,Low,0
SYN-08029,57,0,81,126,70,36.7,98.5,18,27.6,119,199,0.001,0.3,1.09,0,0,0,0.0324,Low,0
SYN-07658,47,1,70,125,67,36.2,97.4,22,20.7,82,182,0.002,0.2,1.49,0,0,0,0.0211,Low,0
SYN-07141,32,1,71,156,89,36.3,98.8,11,34.9,190,250,3.089,1.6,1.2,1,1,0,1.0,High,1
SYN-08443,77,0,73,144,77,36.6,96.7,17,29.1,98,230,0.006,0.2,0.9,0,0,1,0.2433,Low,0
SYN-02421,24,1,86,140,81,37.1,97.6,18,30.6,112,168,0.002,1.1,1.2,1,0,0,0.0286,Low,0
SYN-02163,75,1,78,136,68,36.9,97.4,16,30.2,150,240,0.005,1.0,1.26,0,1,0,0.3204,Moderate,0
SYN-03290,38,1,90,128,84,37.0,94.9,15,25.5,101,199,0.005,0.4,1.11,0,0,1,0.0488,Low,0
SYN-00180,59,1,81,152,92,36.9,97.6,22,34.4,85,251,0.255,3.1,1.52,1,0,1,0.9996,High,1
SYN-08829,25,1,84,119,71,39.2,96.1,19,34.4,91,239,0.003,25.9,1.03,0,0,0,0.0348,Low,0
SYN-01527,73,1,93,157,99,36.8,98.0,13,28.6,192,198,0.018,0.2,1.59,1,1,0,0.7605,High,1
SYN-03629,74,1,99,130,79,38.8,89.7,22,30.4,109,210,0.002,36.6,1.48,0,0,0,0.6742,High,1
SYN-06553,50,1,104,123,76,38.5,94.8,16,26.9,139,168,0.004,13.9,1.26,0,1,0,0.161,Low,0
SYN-07771,74,0,76,124,79,36.8,96.3,19,19.3,97,172,0.007,2.0,1.04,0,0,1,0.1176,Low,0
SYN-01958,35,1,71,133,88,36.7,97.2,15,37.7,195,211,0.004,2.5,1.2,0,1,1,0.1753,Low,0
SYN-05288,42,0,81,142,72,36.8,98.9,16,32.7,178,167,0.004,1.5,0.97,1,1,0,0.12,Low,0
SYN-01553,45,0,93,131,88,36.6,96.2,15,22.6,104,206,0.001,1.0,1.11,0,0,1,0.0456,Low,0
SYN-09982,74,1,62,123,67,37.9,96.6,14,26.6,87,213,0.002,22.0,1.24,0,0,0,0.1065,Low,0
SYN-01770,90,0,70,172,98,36.7,98.2,13,34.2,204,233,0.014,0.7,1.16,1,1,0,0.8585,High,1
SYN-09787,58,0,88,145,79,37.1,97.6,13,29.9,109,213,0.001,0.8,0.95,1,0,0,0.0854,Low,0
SYN-01246,55,0,86,129,69,38.3,97.7,20,28.2,90,223,0.003,48.0,0.9,0,0,0,0.1862,Low,0
SYN-09205,47,1,77,143,84,36.8,98.8,14,20.0,108,197,0.005,0.2,1.3,1,0,0,0.0477,Low,0
SYN-09403,45,0,70,125,83,37.3,100.0,15,24.2,102,184,0.006,0.3,0.88,0,0,0,0.0094,Low,0
SYN-01502,44,0,63,117,65,36.5,98.6,13,20.8,86,176,0.004,0.7,0.86,0,0,0,0.0046,Low,0
SYN-00329,35,0,66,118,73,36.6,98.9,15,19.1,75,197,0.009,0.3,1.17,0,0,0,0.0051,Low,0
SYN-05842,50,1,83,98,71,37.7,98.8,20,25.0,106,172,0.004,0.3,0.89,0,0,0,0.011,Low,0
SYN-07137,42,1,61,110,71,37.1,99.0,14,38.7,79,223,0.001,4.2,1.22,0,0,0,0.0109,Low,0
SYN-03522,55,0,89,144,74,36.6,97.7,14,34.1,157,298,0.018,1.4,1.28,1,1,0,0.4954,Moderate,0
SYN-09766,34,1,65,119,86,36.8,97.4,14,22.1,98,222,0.006,2.4,1.35,0,0,1,0.021,Low,0
SYN-06832,57,1,73,132,81,36.9,98.6,17,24.7,120,188,0.008,0.5,1.32,0,1,0,0.0917,Low,0
SYN-01777,32,0,70,118,67,36.6,97.9,13,29.9,106,209,0.007,2.8,0.82,0,0,0,0.0073,Low,0
SYN-04221,80,0,73,121,63,36.8,98.2,21,34.8,89,229,0.014,1.8,1.41,0,0,0,0.1898,Low,0
SYN-04907,67,0,79,145,85,36.7,97.8,19,33.9,102,259,0.016,1.3,1.11,1,0,0,0.3243,Moderate,0
SYN-05621,90,0,78,153,93,36.6,97.5,13,22.2,93,251,0.012,3.0,1.56,1,0,0,0.4709,Moderate,0
SYN-05536,36,0,81,101,67,36.8,96.6,16,19.1,77,224,0.004,2.2,1.32,0,0,0,0.0058,Low,0
SYN-02226,58,1,67,140,73,36.8,99.0,15,30.3,96,218,0.001,2.6,1.59,1,0,0,0.095,Low,0
SYN-00009,54,1,68,131,82,37.2,97.9,18,34.4,98,235,0.001,1.3,1.27,0,0,0,0.0483,Low,0
SYN-04524,55,0,86,126,78,36.6,97.8,15,32.4,72,213,0.006,0.8,0.96,0,0,0,0.0294,Low,0
SYN-08513,49,1,100,136,77,36.9,98.7,19,32.5,92,248,0.026,1.5,1.28,1,0,0,0.2603,Low,0
SYN-03939,55,0,95,128,77,36.7,97.9,13,23.3,117,192,0.004,0.5,1.18,0,0,1,0.0643,Low,0
SYN-01054,90,0,83,167,88,36.7,98.3,14,36.3,104,206,0.004,1.4,1.76,1,0,0,0.6093,Moderate,1
SYN-02754,56,1,87,134,87,36.4,98.3,10,28.0,81,205,0.001,2.2,1.9,0,0,1,0.0922,Low,0
SYN-09204,83,0,84,164,85,36.6,95.4,15,31.4,74,204,0.014,0.8,1.29,1,0,1,0.8434,High,1
SYN-04640,44,0,76,127,73,37.6,97.5,19,31.4,80,196,0.006,3.1,1.3,0,0,0,0.0267,Low,0
SYN-06462,70,1,83,116,72,37.2,99.3,15,26.4,88,214,0.003,1.0,1.47,0,0,0,0.0481,Low,0
SYN-08088,64,0,80,134,78,36.2,100.0,10,33.7,119,191,0.003,0.9,1.07,1,0,0,0.0678,Low,0
SYN-09420,61,0,69,135,72,36.1,98.4,14,28.6,79,211,0.01,1.0,1.15,0,0,1,0.0856,Low,0
SYN-09407,50,1,78,111,68,36.7,97.0,22,15.6,115,173,0.009,1.0,1.01,0,0,1,0.0431,Low,0
SYN-05829,48,0,70,105,73,36.7,96.4,18,31.9,200,246,0.008,2.8,1.09,0,1,1,0.1675,Low,0
SYN-08653,54,0,58,129,73,37.2,98.1,19,27.8,99,213,0.016,1.7,1.1,0,0,0,0.0442,Low,0
SYN-03950,53,1,89,159,89,36.8,99.5,13,32.8,164,230,0.003,2.2,1.46,1,1,0,0.3773,Moderate,0
SYN-03414,48,0,80,142,78,38.9,97.4,17,27.3,81,257,0.002,20.1,1.27,1,0,1,0.4167,Moderate,0
SYN-06897,55,0,55,138,81,36.4,98.5,18,38.6,167,268,0.002,0.9,1.11,1,1,1,0.5833,Moderate,1
SYN-02747,71,1,70,128,76,37.6,97.4,16,21.6,79,205,0.014,6.5,1.25,0,0,0,0.0922,Low,0
SYN-04821,46,0,81,134,69,37.2,94.8,17,32.5,88,255,0.009,1.2,1.08,0,0,1,0.1109,Low,0
SYN-01641,30,1,53,115,63,36.6,100.0,16,29.7,91,170,1.11,0.6,1.26,0,0,0,0.9994,High,1
SYN-09572,23,0,79,117,74,36.7,96.3,15,21.7,94,233,0.009,0.9,1.0,0,0,1,0.0127,Low,0
SYN-02582,69,1,70,160,78,36.8,98.8,14,28.7,80,266,0.412,0.7,1.67,1,0,0,0.9995,High,1
SYN-09708,51,0,97,116,68,36.2,95.6,14,33.2,142,225,0.496,1.4,0.9,0,1,1,0.9996,High,1
SYN-02699,60,1,92,151,85,36.7,98.2,19,21.5,86,264,0.003,2.4,1.42,1,0,0,0.1957,Low,0
SYN-09699,53,1,84,136,69,37.2,99.6,15,31.6,92,193,0.002,2.7,1.77,1,0,0,0.0901,Low,0
SYN-07407,24,0,63,97,62,36.9,99.3,10,26.0,152,179,0.992,1.7,0.53,0,1,0,0.9984,High,1
SYN-04063,44,1,66,112,56,36.8,96.7,13,30.9,78,228,0.012,0.9,1.21,0,0,0,0.0176,Low,0
SYN-00262,50,0,66,141,83,36.7,97.8,19,29.3,111,190,0.006,1.0,1.08,1,0,0,0.0669,Low,0
SYN-01144,45,1,66,115,74,36.9,99.4,18,29.2,104,222,0.019,0.9,1.4,0,0,0,0.0343,Low,0
SYN-08408,27,1,58,103,66,38.4,96.2,18,23.4,88,213,0.001,13.4,1.18,0,0,0,0.0059,Low,0
SYN-06421,53,1,74,153,79,36.3,98.8,16,30.4,147,251,0.008,3.5,1.69,1,1,1,0.7735,High,1
SYN-04386,48,1,91,131,78,37.7,98.3,13,21.1,98,179,0.005,0.2,1.34,0,0,0,0.0237,Low,0
SYN-04779,53,0,79,154,86,37.1,98.5,12,28.7,103,201,0.018,2.4,1.32,1,0,0,0.1533,Low,0
SYN-08445,65,0,65,101,61,36.7,98.2,15,23.9,93,210,0.011,0.2,0.9,0,0,0,0.0166,Low,0
SYN-06951,81,0,72,165,98,35.9,97.0,12,35.8,83,259,0.004,2.4,1.42,1,0,0,0.4196,Moderate,0
SYN-03262,37,1,83,93,66,39.7,98.8,19,15.0,83,207,0.008,18.9,1.06,0,0,0,0.0093,Low,0
SYN-01846,21,1,77,103,71,37.5,97.3,16,22.1,94,132,0.004,0.3,1.02,0,0,1,0.0047,Low,0
SYN-08181,58,1,65,161,93,36.3,98.3,15,33.9,88,218,0.029,3.4,1.67,1,0,0,0.4229,Moderate,0
SYN-03828,58,1,70,140,76,36.2,92.5,20,21.2,68,204,0.018,0.2,1.3,1,0,1,0.5378,Moderate,1
SYN-05072,53,0,63,150,77,36.6,99.1,15,29.0,153,240,0.009,1.7,1.34,1,1,0,0.2348,Low,0
SYN-03898,83,0,78,154,92,37.3,98.1,13,28.3,184,189,0.028,0.6,1.01,1,1,0,0.736,High,1
SYN-05841,45,0,57,159,86,37.2,97.2,15,32.7,90,236,0.008,0.7,1.01,1,0,1,0.2919,Low,0
SYN-03245,62,0,69,124,73,36.4,98.0,16,24.6,84,237,0.002,0.9,1.33,0,0,0,0.0299,Low,0
SYN-00338,59,1,84,130,75,37.2,95.0,17,30.0,180,181,0.035,2.8,1.28,0,1,1,0.6831,High,1
SYN-07528,61,1,90,128,80,36.7,96.9,19,24.2,118,182,0.006,4.5,1.24,0,0,1,0.1686,Low,0
SYN-06291,45,1,71,119,70,36.7,98.0,19,28.7,101,213,0.001,0.3,1.16,0,0,0,0.0179,Low,0
SYN-02863,41,1,83,134,89,36.9,97.9,16,31.6,96,196,0.001,1.7,1.35,1,0,0,0.0465,Low,0
SYN-05252,77,0,70,168,91,36.7,97.2,18,33.0,87,216,0.011,2.0,1.39,1,0,0,0.4751,Moderate,0
SYN-06104,82,0,97,160,82,37.5,96.7,20,31.1,168,231,0.022,1.7,1.68,1,1,0,0.9118,High,1
SYN-08144,70,1,96,153,92,36.4,97.8,15,29.6,82,267,0.001,1.8,1.63,1,0,0,0.3216,Moderate,0
SYN-01207,43,1,77,114,76,36.7,98.3,14,28.1,66,268,0.001,0.7,1.35,0,0,0,0.0122,Low,0
SYN-04181,73,1,74,142,82,37.0,98.3,19,32.5,173,253,0.021,1.0,1.46,0,1,0,0.6161,Moderate,1
SYN-02207,47,0,79,139,78,36.9,99.6,11,32.7,175,233,0.006,1.8,1.16,0,1,0,0.0906,Low,0
SYN-02513,57,0,82,115,66,36.9,96.8,17,28.2,89,232,0.014,0.2,0.98,0,0,0,0.0405,Low,0
SYN-03023,60,1,76,112,65,36.9,96.7,15,28.9,126,217,0.006,0.2,1.49,0,1,0,0.0926,Low,0
SYN-00510,61,0,52,118,69,36.4,97.9,13,27.4,81,258,0.001,4.4,1.1,0,0,0,0.0179,Low,0
SYN-01464,61,0,88,111,56,36.9,98.6,17,21.3,102,254,0.008,0.2,1.33,0,0,1,0.0752,Low,0
SYN-08857,36,0,82,143,83,36.8,99.6,14,29.9,91,191,0.016,0.5,1.09,1,0,0,0.0419,Low,0
SYN-04954,25,0,80,125,73,36.3,96.8,18,29.1,81,182,0.006,0.6,1.21,0,0,0,0.0089,Low,0
SYN-08842,37,1,72,116,70,36.8,98.5,22,24.1,112,202,0.013,4.2,1.29,0,0,0,0.025,Low,0
SYN-09491,66,1,79,166,86,36.5,96.1,17,40.4,157,218,0.015,1.3,1.45,1,1,1,0.949,High,1
SYN-07403,30,1,93,118,69,36.4,98.9,17,22.0,136,210,0.015,1.6,1.5,0,1,0,0.0454,Low,0
SYN-08299,46,1,45,109,60,36.5,98.9,22,27.4,105,208,0.007,1.4,1.28,0,0,0,0.015,Low,0
SYN-01215,18,0,88,116,67,37.1,97.8,19,24.5,118,188,0.003,0.4,0.95,0,0,0,0.0047,Low,0
SYN-06425,53,0,83,135,73,36.5,99.3,19,36.4,80,213,1.673,0.6,1.2,1,0,1,1.0,High,1
SYN-08647,52,1,88,139,85,37.6,97.7,16,22.7,92,225,0.002,1.4,1.29,0,0,1,0.0893,Low,0
SYN-08475,57,0,73,123,84,36.1,98.0,14,27.6,106,284,0.018,4.5,1.53,0,0,0,0.0874,Low,0
SYN-05384,60,1,89,151,94,36.6,97.9,16,36.2,89,214,0.383,5.5,1.58,1,0,0,0.9994,High,1
SYN-08690,63,1,104,138,76,37.3,98.6,17,26.4,86,212,0.005,4.6,1.26,0,0,0,0.1067,Low,0
SYN-00928,61,0,90,150,81,38.8,93.9,25,34.2,77,244,0.008,6.6,1.11,0,0,0,0.2809,Low,0
SYN-01934,75,0,90,133,85,36.6,96.8,20,24.5,97,221,0.007,1.0,1.02,0,0,0,0.1274,Low,0
SYN-00613,31,0,51,96,60,37.1,98.2,13,23.8,76,186,0.004,2.2,0.76,0,0,0,0.0013,Low,0
SYN-04593,58,0,63,115,72,36.6,97.6,17,28.9,100,202,0.008,0.3,1.14,0,0,0,0.0256,Low,0
SYN-01996,60,0,75,147,88,36.8,97.0,17,28.6,103,253,0.011,0.3,1.24,1,0,1,0.5365,Moderate,1
SYN-01788,29,1,75,107,65,36.8,98.8,18,21.2,68,139,0.008,0.2,0.96,0,0,0,0.0031,Low,0
SYN-05847,69,1,68,142,68,36.4,99.2,18,29.2,156,225,0.013,0.3,1.75,1,1,0,0.5206,Moderate,1
SYN-09726,26,0,88,146,81,37.2,98.4,19,31.5,79,225,0.018,4.8,0.94,1,0,0,0.0588,Low,0
SYN-02012,82,0,76,142,87,37.2,97.3,16,29.7,149,194,0.002,2.4,1.52,1,1,1,0.8255,High,1
SYN-01295,58,0,96,136,74,36.4,97.9,18,35.2,94,228,0.014,0.8,1.48,1,0,1,0.5974,Moderate,1
SYN-07280,72,1,69,125,76,36.0,97.9,16,29.6,78,268,0.005,0.3,0.86,0,0,0,0.0601,Low,0
SYN-07327,65,1,72,159,85,36.8,98.5,20,26.9,90,190,0.001,0.4,1.9,1,0,0,0.2367,Low,0
SYN-01498,36,1,80,155,92,36.6,94.7,19,30.9,209,197,0.001,1.6,1.52,1,1,1,0.7224,High,1
SYN-00192,51,1,54,124,68,37.3,99.4,12,22.2,65,216,0.004,0.8,0.99,1,0,0,0.0138,Low,0
SYN-06912,45,0,51,111,73,36.6,98.0,19,25.2,99,261,0.008,0.2,1.12,0,0,0,0.0126,Low,0
SYN-06708,49,0,60,113,69,37.8,97.5,20,18.9,91,228,0.016,0.9,1.06,0,0,0,0.0184,Low,0
SYN-04909,46,1,99,141,82,37.4,98.0,15,39.8,187,191,0.007,3.3,1.47,1,1,1,0.7661,High,1
SYN-06128,62,1,59,134,70,36.4,98.1,17,25.4,185,240,0.006,0.4,1.43,0,1,0,0.1909,Low,0
SYN-02366,78,1,75,144,79,36.8,97.7,15,26.0,123,277,0.003,3.1,1.43,0,1,0,0.3456,Moderate,0
SYN-02164,64,1,58,110,65,36.9,97.1,14,23.8,114,240,0.01,2.5,1.55,0,0,0,0.0474,Low,0
SYN-08479,33,1,92,119,70,38.4,95.9,21,20.7,56,200,0.007,31.9,1.3,0,0,0,0.0455,Low,0
SYN-05924,35,0,64,135,76,36.3,99.8,15,34.5,224,122,0.018,1.1,1.15,1,1,0,0.1257,Low,0
SYN-04499,58,1,82,109,69,36.5,97.0,14,27.5,83,203,4.8,0.9,1.08,0,0,1,1.0,High,1
SYN-06284,36,0,98,113,74,36.9,97.7,15,20.4,102,198,0.001,2.7,0.99,0,0,1,0.0154,Low,0
SYN-06007,38,0,77,103,63,36.9,99.0,14,26.2,90,224,0.004,4.8,0.92,0,0,0,0.0055,Low,0
SYN-06950,66,1,59,133,77,36.5,99.3,15,27.9,85,200,0.001,2.6,1.3,0,0,1,0.0779,Low,0
SYN-00283,69,1,83,162,97,35.8,97.9,17,33.1,145,226,0.003,0.5,1.59,1,1,0,0.61,Moderate,1
SYN-04426,66,1,83,137,79,36.8,96.6,16,27.1,84,210,0.005,2.3,1.58,1,0,1,0.5183,Moderate,1
SYN-01730,55,1,102,121,65,37.0,98.8,13,29.0,92,232,0.01,1.2,1.38,0,0,0,0.0553,Low,0
SYN-01298,43,1,91,144,85,36.1,99.2,13,27.5,82,182,0.002,2.0,1.24,0,0,0,0.0243,Low,0
SYN-05807,39,0,68,117,62,36.6,98.1,10,34.0,94,208,0.007,1.0,1.26,0,0,0,0.0101,Low,0
SYN-03554,27,1,78,133,74,36.3,98.4,18,27.6,94,210,0.721,1.8,1.42,1,0,0,0.9994,High,1
SYN-05516,48,1,107,130,85,36.7,99.9,17,32.8,84,234,0.003,1.8,1.42,0,0,0,0.0521,Low,0
SYN-02893,52,0,57,98,71,36.8,97.8,16,24.2,207,228,0.01,0.2,1.15,0,1,0,0.0446,Low,0
SYN-00857,59,0,88,148,91,36.2,98.1,19,27.8,93,225,0.004,0.4,1.02,1,0,0,0.1254,Low,0
SYN-04637,18,0,69,118,61,36.8,93.0,19,34.0,171,184,0.001,2.8,0.82,0,1,1,0.0419,Low,0
SYN-04551,70,1,72,123,72,37.2,98.2,15,28.7,93,222,0.017,0.2,1.26,0,0,1,0.1819,Low,0
SYN-09062,74,1,76,144,94,36.8,95.0,18,34.1,189,244,1.518,0.9,1.98,1,1,1,1.0,High,1
SYN-09195,24,1,87,166,95,37.4,98.5,12,32.4,83,174,0.002,0.5,1.45,1,0,0,0.039,Low,0
SYN-07955,48,0,58,171,88,36.8,96.2,16,28.3,127,223,0.003,0.3,1.02,1,0,1,0.4022,Moderate,0
SYN-09014,64,0,74,131,83,36.8,100.0,15,27.4,91,186,0.015,0.6,1.66,1,0,0,0.1107,Low,0
SYN-04612,86,1,85,163,90,36.4,97.4,16,38.0,159,270,0.015,1.2,1.59,1,1,1,0.9797,High,1
SYN-08115,66,1,74,138,76,37.0,97.9,22,20.9,179,225,0.001,5.6,1.43,1,1,0,0.4054,Moderate,0
SYN-06766,44,0,69,164,84,36.9,98.5,16,29.1,82,222,0.008,0.9,0.82,1,0,0,0.0665,Low,0
SYN-01354,60,1,88,138,68,36.9,99.5,18,32.6,90,207,0.002,4.4,1.57,0,0,0,0.0956,Low,0
SYN-08423,58,0,54,153,86,36.7,98.0,17,23.8,205,219,0.012,0.5,1.11,1,1,1,0.7094,High,1
SYN-01294,20,0,59,127,73,36.6,97.9,13,34.0,85,222,0.004,2.0,1.17,1,0,0,0.0087,Low,0
SYN-03210,45,0,49,106,76,35.9,99.3,16,23.6,96,241,0.005,0.4,0.69,0,0,0,0.0045,Low,0
SYN-04666,68,0,98,121,57,36.8,99.3,16,21.6,106,235,0.007,1.0,1.52,0,0,1,0.1405,Low,0
SYN-00517,65,1,81,130,67,36.6,98.7,13,25.0,78,213,0.008,0.2,1.27,0,0,0,0.0489,Low,0
SYN-02972,53,1,92,151,85,36.4,94.8,17,18.0,81,167,0.002,1.4,1.53,1,0,1,0.3824,Moderate,0
SYN-07445,52,0,88,120,75,36.1,97.8,12,43.1,97,221,0.019,4.2,1.07,0,0,0,0.0709,Low,0
SYN-06790,44,0,80,131,76,38.8,99.1,21,28.2,87,216,0.001,27.8,1.06,1,0,1,0.3227,Moderate,0
SYN-02485,52,1,94,114,71,36.8,98.9,14,25.8,92,269,1.49,0.7,1.62,0,0,1,1.0,High,1
SYN-03334,48,1,102,115,60,38.5,97.6,18,34.9,94,193,0.002,15.3,1.18,0,0,0,0.0561,Low,0
SYN-06153,35,1,76,149,70,37.1,99.0,16,32.5,116,240,0.002,2.3,1.62,1,0,0,0.0782,Low,0
SYN-04287,43,1,90,122,84,37.1,96.9,15,22.5,105,220,0.008,1.7,1.63,0,0,1,0.0712,Low,0
SYN-09650,63,1,68,139,72,37.1,98.8,20,24.8,106,237,0.016,0.3,1.2,0,0,1,0.2208,Low,0
SYN-07160,34,1,82,146,87,36.6,98.4,16,31.6,95,178,0.004,3.0,1.22,1,0,1,0.1921,Low,0
SYN-02668,50,0,84,123,72,37.2,98.9,18,29.2,95,205,0.028,7.5,0.59,0,0,0,0.0565,Low,0
SYN-04175,37,1,89,152,94,37.0,99.6,17,26.8,182,171,0.021,0.7,1.63,1,1,0,0.3358,Moderate,0
SYN-05382,43,0,80,129,68,37.0,97.8,18,29.9,103,226,0.003,1.4,1.0,1,0,0,0.039,Low,0
SYN-06547,54,0,70,146,77,36.8,98.3,16,22.5,110,215,0.011,3.6,1.14,0,0,0,0.0571,Low,0
SYN-00661,27,0,80,100,66,36.4,97.7,18,20.8,58,216,0.684,1.3,1.09,0,0,0,0.9926,High,1
SYN-02891,41,0,81,142,74,37.3,98.9,18,32.0,111,219,0.002,2.8,1.18,1,0,0,0.058,Low,0
SYN-06576,53,1,86,166,94,36.1,98.0,18,35.7,133,328,0.014,2.6,1.39,1,1,0,0.6835,High,1
SYN-09223,57,1,89,131,71,36.3,92.6,12,22.6,79,180,0.012,1.0,1.27,0,0,1,0.1291,Low,0
SYN-02709,59,0,77,114,72,37.3,99.0,17,34.2,76,218,0.004,1.5,1.07,0,0,0,0.0248,Low,0
SYN-04145,77,0,91,164,100,36.6,88.3,18,33.8,94,282,0.002,0.6,1.32,1,0,1,0.9162,High,1
SYN-09823,40,0,78,138,87,36.1,97.9,17,21.7,115,269,0.003,1.6,1.33,1,0,0,0.0484,Low,0
SYN-03957,42,1,65,147,92,36.3,94.7,22,34.3,72,187,0.033,0.9,1.36,1,0,1,0.6262,Moderate,1
SYN-07669,69,0,90,122,61,36.9,98.8,16,35.3,74,257,0.015,2.5,1.35,0,0,0,0.1239,Low,0
SYN-03119,41,0,57,99,66,36.3,96.2,14,22.8,91,183,0.001,1.1,1.18,0,0,1,0.0077,Low,0
SYN-00454,87,0,84,174,86,36.1,98.1,18,30.2,148,189,0.004,0.8,1.53,1,1,0,0.7786,High,1
SYN-00763,66,1,68,136,80,36.9,98.7,14,25.1,90,238,0.035,1.5,1.3,0,0,0,0.1743,Low,0
SYN-07689,58,0,58,144,89,36.8,98.1,15,39.2,187,302,0.006,1.6,1.6,1,1,0,0.4512,Moderate,0
SYN-08845,75,1,82,157,84,37.0,97.0,12,34.1,143,264,0.003,2.0,1.42,1,1,0,0.6202,Moderate,1
SYN-08972,33,0,76,116,68,37.6,92.0,16,16.4,87,276,0.002,23.8,0.97,0,0,1,0.0451,Low,0
SYN-05282,60,1,65,115,83,36.9,98.7,13,18.4,113,176,0.002,0.2,1.56,0,0,0,0.0173,Low,0
SYN-01984,50,1,75,128,70,36.3,98.9,16,30.8,98,270,0.011,0.6,1.16,0,0,1,0.0974,Low,0
SYN-05803,65,1,63,167,91,36.6,98.5,18,29.8,106,231,0.001,1.3,1.57,1,0,1,0.6505,High,1
SYN-07482,52,0,60,151,75,36.9,97.8,16,31.9,67,265,0.002,0.6,1.41,1,0,0,0.0783,Low,0
SYN-00937,36,1,71,117,72,36.9,97.2,24,30.3,96,232,0.02,2.8,1.21,0,0,1,0.0896,Low,0
SYN-00363,70,1,79,132,68,37.0,98.9,23,26.1,92,255,0.001,2.6,1.51,0,0,0,0.1254,Low,0
SYN-09579,48,0,87,147,80,36.9,98.5,17,30.4,261,223,0.002,0.8,1.39,1,1,0,0.3921,Moderate,0
SYN-06107,50,0,87,164,92,36.4,99.0,16,19.7,85,211,0.002,1.4,1.24,1,0,0,0.0773,Low,0
SYN-05127,62,0,88,166,76,37.5,96.9,17,33.0,83,219,0.002,2.0,1.3,1,0,1,0.6291,Moderate,1
SYN-03413,56,0,86,120,62,36.6,97.6,18,28.6,89,219,0.002,1.1,1.43,0,0,0,0.0364,Low,0
SYN-06809,66,1,95,158,89,36.2,97.7,17,27.0,121,252,0.002,0.7,1.55,1,0,0,0.3618,Moderate,0
SYN-00823,35,1,90,158,90,36.9,93.2,18,30.4,91,228,0.004,0.9,1.37,1,0,1,0.4531,Moderate,0
SYN-06859,90,0,71,144,84,36.5,97.5,15,34.9,96,288,0.002,0.9,1.02,0,0,0,0.2356,Low,0
SYN-08868,68,1,99,156,92,36.7,99.6,16,30.1,191,233,0.01,2.9,1.62,1,1,0,0.7262,High,1
SYN-02877,33,1,80,109,62,36.8,99.4,17,24.4,232,242,0.004,1.9,1.12,0,1,0,0.0413,Low,0
SYN-08560,46,0,77,160,80,36.4,97.4,20,37.4,59,221,0.005,1.3,1.47,1,0,1,0.4467,Moderate,0
SYN-02232,37,0,74,143,73,37.4,98.1,16,23.4,104,225,0.001,0.8,1.37,1,0,1,0.1405,Low,0
SYN-06549,18,1,86,124,65,37.2,98.3,18,22.7,79,256,0.006,4.5,1.06,0,0,0,0.008,Low,0
SYN-03390,46,0,95,136,80,36.7,98.5,17,35.0,104,194,0.004,1.5,1.3,0,0,1,0.094,Low,0
SYN-08040,80,1,61,123,74,36.7,97.9,18,35.5,193,274,0.007,2.6,1.63,0,1,0,0.4935,Moderate,0
SYN-09415,87,1,61,140,74,36.8,96.2,17,29.7,221,214,0.004,1.4,1.52,1,1,1,0.9275,High,1
SYN-08958,71,0,79,139,80,36.5,98.0,13,25.8,155,246,0.005,0.3,1.25,1,1,0,0.3083,Moderate,0
SYN-04006,49,1,62,109,78,36.9,99.1,12,22.7,99,225,0.002,0.2,1.18,0,0,1,0.0163,Low,0
SYN-06895,53,1,74,163,90,36.8,98.0,18,35.2,236,219,0.002,3.2,1.4,1,1,1,0.8778,High,1
SYN-00103,48,0,50,131,80,36.9,99.5,13,34.1,173,182,0.01,5.9,1.27,0,1,1,0.1398,Low,0
SYN-07596,33,1,78,137,70,36.9,96.6,13,22.9,74,216,0.004,0.7,1.46,1,0,0,0.0256,Low,0
SYN-01365,48,0,76,122,65,36.9,99.5,14,27.4,78,251,0.015,0.7,1.0,0,0,0,0.0208,Low,0
SYN-08287,38,1,59,146,82,37.1,98.9,14,37.7,84,162,0.006,0.6,1.35,1,0,0,0.0387,Low,0
SYN-09355,38,1,73,124,77,36.9,100.0,12,26.9,90,226,2.311,1.1,1.32,0,0,0,1.0,High,1
SYN-03040,53,1,85,140,83,37.0,97.9,14,30.2,72,165,0.572,1.7,1.38,1,0,1,0.9999,High,1
SYN-06655,61,1,92,132,70,37.7,97.1,15,31.1,68,242,0.006,28.3,1.38,0,0,0,0.2033,Low,0
SYN-01619,59,1,87,127,73,37.2,99.8,13,24.2,81,185,0.003,0.4,1.07,0,0,0,0.0218,Low,0
SYN-05356,68,0,75,158,86,36.3,99.5,19,40.9,218,253,1.753,0.7,1.3,1,1,0,1.0,High,1
SYN-00506,45,1,71,113,77,37.5,98.0,22,26.4,101,144,0.01,5.6,1.3,0,0,0,0.025,Low,0
SYN-04586,61,1,64,146,84,36.3,94.1,18,24.6,91,251,0.004,1.9,1.65,1,0,1,0.5694,Moderate,1
SYN-09813,27,0,68,89,47,36.8,99.5,17,15.0,87,176,0.007,3.2,0.92,0,0,0,0.0013,Low,0
SYN-06926,38,0,103,125,75,38.6,97.6,17,22.3,224,163,0.007,7.4,1.08,0,1,0,0.0937,Low,0
SYN-03800,53,1,65,121,72,36.5,96.6,16,25.0,84,243,0.015,0.5,1.21,0,0,0,0.0394,Low,0
SYN-07465,56,0,76,162,91,36.9,98.8,19,29.2,107,165,0.007,1.2,1.42,1,0,0,0.1703,Low,0
SYN-05558,62,0,93,159,95,39.2,97.9,18,30.0,171,255,0.001,6.4,1.51,1,1,0,0.5907,Moderate,1
SYN-03789,82,0,78,165,82,37.2,98.0,17,31.3,187,231,0.003,1.5,1.45,1,1,0,0.7487,High,1
SYN-06455,54,1,72,121,80,36.4,98.6,18,26.5,163,214,0.002,0.2,1.37,0,1,0,0.0803,Low,0
SYN-06527,69,0,57,125,70,37.0,98.2,17,25.5,86,265,0.008,0.4,1.59,0,0,0,0.0632,Low,0
SYN-03149,82,1,85,164,84,37.1,96.3,18,28.3,112,229,0.011,2.6,1.7,1,0,1,0.918,High,1
SYN-03082,36,1,54,105,61,36.8,99.3,15,28.0,79,219,0.029,2.6,1.24,0,0,0,0.0139,Low,0
SYN-07624,59,0,68,116,62,37.1,98.6,17,27.6,99,223,0.009,1.2,0.8,0,0,0,0.0241,Low,0
SYN-01563,41,1,80,150,73,36.6,98.5,17,39.2,77,247,0.165,1.6,1.47,1,0,0,0.9708,High,1
SYN-00798,71,1,56,140,79,36.7,96.9,19,40.1,202,220,0.662,0.8,1.52,0,1,1,1.0,High,1
SYN-07062,43,0,80,125,79,36.6,97.6,17,23.7,69,209,0.012,1.5,1.3,0,0,1,0.0428,Low,0
SYN-01148,48,1,69,123,69,36.8,99.2,18,26.8,207,200,0.002,2.2,1.48,0,1,0,0.0911,Low,0
SYN-00479,54,1,73,116,74,37.4,97.1,12,19.8,86,245,0.005,0.5,1.54,0,0,0,0.0215,Low,0
SYN-04722,39,1,75,118,60,38.3,94.7,22,22.4,86,229,0.023,17.6,1.3,0,0,0,0.0873,Low,0
SYN-07163,47,1,77,151,89,36.2,97.2,15,29.3,104,262,0.033,0.2,1.17,1,0,1,0.6551,High,1
SYN-06202,41,0,76,119,67,36.7,100.0,14,18.1,91,249,0.003,0.2,1.31,0,0,0,0.0076,Low,0
SYN-02445,67,1,76,133,87,37.1,98.3,12,24.6,104,221,0.013,0.2,1.75,0,0,0,0.1061,Low,0
SYN-00579,50,1,68,121,78,36.3,98.0,21,26.2,77,180,1.256,0.3,1.11,0,0,0,0.9999,High,1
SYN-09507,49,1,95,144,78,36.5,99.3,14,38.5,243,241,0.014,1.2,1.05,1,1,0,0.5302,Moderate,1
SYN-05626,74,0,53,129,81,37.1,97.4,16,25.0,260,231,0.002,0.3,1.33,0,1,0,0.2678,Low,0
SYN-02947,80,1,93,155,83,38.5,98.3,15,30.5,84,207,0.006,37.1,1.72,1,0,0,0.7515,High,1
SYN-00689,47,0,91,133,84,36.3,98.8,20,35.2,164,263,0.039,0.6,1.3,0,1,0,0.436,Moderate,0
SYN-05707,70,1,90,114,68,35.9,99.6,14,37.8,110,256,0.019,3.0,1.19,0,0,0,0.1557,Low,0
SYN-05998,80,0,65,161,81,36.3,97.2,15,39.9,198,308,0.002,0.6,1.49,1,1,0,0.7863,High,1
SYN-08591,42,1,58,155,80,37.1,98.3,16,29.3,73,205,0.001,1.2,1.66,1,0,0,0.0549,Low,0
SYN-09967,62,1,87,171,88,36.9,99.6,15,37.4,107,243,0.004,0.9,1.38,1,0,0,0.3572,Moderate,0
SYN-04378,52,1,91,144,89,36.7,93.9,11,27.0,89,233,0.016,1.3,1.47,1,0,1,0.5592,Moderate,1
SYN-03380,50,0,72,154,92,37.0,94.4,23,39.6,225,260,0.001,0.6,1.38,1,1,1,0.8872,High,1
SYN-02914,18,1,74,107,55,36.8,98.5,17,22.0,107,141,0.014,1.4,0.99,0,0,0,0.0036,Low,0
SYN-09521,45,1,74,128,68,36.2,97.7,15,28.6,73,207,0.007,3.0,1.22,0,0,1,0.0482,Low,0
SYN-06021,52,1,67,132,75,37.0,98.9,17,33.0,169,212,0.003,0.6,1.39,1,1,1,0.5284,Moderate,1
SYN-09300,63,0,63,98,59,36.2,99.1,19,28.5,184,211,0.004,3.1,1.06,0,1,0,0.0597,Low,0
SYN-07259,76,0,52,149,85,36.0,97.4,19,23.0,79,225,0.012,0.5,1.46,1,0,0,0.2215,Low,0
SYN-05318,75,1,88,167,101,37.2,98.0,14,22.9,154,242,0.019,0.3,1.78,1,1,1,0.9501,High,1
SYN-08632,78,1,80,133,78,36.8,98.8,15,25.0,97,264,0.009,0.8,1.39,0,0,0,0.1528,Low,0
SYN-08916,51,1,46,138,80,37.0,98.0,14,30.6,104,189,0.009,0.8,1.13,0,0,1,0.0605,Low,0
SYN-05630,85,0,80,134,78,36.7,97.9,14,29.7,151,240,0.011,1.7,1.4,1,1,1,0.8652,High,1
SYN-02417,42,1,82,134,91,36.5,98.9,14,25.6,90,179,0.001,1.0,1.36,1,0,0,0.0281,Low,0
SYN-02661,38,0,73,129,68,37.3,98.8,17,31.4,94,261,0.024,6.1,0.91,0,0,0,0.043,Low,0
SYN-01849,48,1,71,155,81,36.9,97.2,15,25.9,87,182,0.003,0.4,1.33,1,0,1,0.2725,Low,0
SYN-09716,67,0,72,131,73,36.9,98.5,13,29.2,75,241,0.008,5.6,1.14,0,0,0,0.0579,Low,0
SYN-04163,63,0,77,136,67,36.8,97.8,14,24.5,93,240,0.012,0.2,1.23,0,0,1,0.1323,Low,0
SYN-08851,74,0,82,150,77,35.5,98.1,21,41.5,95,239,0.018,3.9,1.41,1,0,0,0.5874,Moderate,1
SYN-00720,38,0,69,130,89,36.8,97.6,15,28.1,172,208,0.001,0.8,0.94,0,1,1,0.0659,Low,0
SYN-03456,40,1,72,125,75,36.5,97.8,16,25.3,86,256,0.011,0.2,1.17,0,0,0,0.0218,Low,0
SYN-05744,64,0,72,102,50,37.7,98.9,18,25.3,98,222,0.023,1.8,1.1,0,0,0,0.0442,Low,0
SYN-02860,40,0,114,118,68,39.6,97.3,23,32.1,164,237,0.003,7.0,0.93,0,1,0,0.1204,Low,0
SYN-05741,66,0,79,153,82,36.7,97.8,18,28.4,107,219,0.014,2.1,0.98,1,0,0,0.2573,Low,0
SYN-05963,80,0,70,124,72,37.1,97.9,16,27.4,127,222,0.001,0.2,1.0,0,1,0,0.1245,Low,0
SYN-08390,75,0,81,164,93,36.6,98.8,14,34.1,152,220,0.002,1.9,1.25,1,1,0,0.5412,Moderate,1
SYN-04609,36,1,76,113,73,37.1,97.6,16,27.7,92,234,0.017,0.4,1.07,0,0,1,0.0372,Low,0
SYN-08516,24,1,56,120,69,37.1,99.5,14,30.0,207,261,0.005,0.2,1.16,0,1,0,0.0242,Low,0
SYN-00066,67,0,89,162,98,37.0,97.9,14,32.3,91,230,0.006,1.9,1.41,1,0,0,0.2958,Low,0
SYN-07518,51,1,61,124,73,36.8,98.4,16,30.6,88,218,0.01,2.2,1.5,0,0,0,0.0369,Low,0
SYN-05210,33,1,61,131,68,36.5,96.6,17,34.8,67,203,0.014,5.0,1.12,0,0,1,0.0497,Low,0
SYN-08626,66,0,86,146,77,36.5,97.8,15,37.9,93,278,0.005,0.5,1.19,0,0,0,0.1507,Low,0
SYN-02190,63,1,108,139,80,38.3,97.4,16,29.1,81,188,0.003,14.9,1.29,1,0,0,0.2403,Low,0
SYN-02710,52,0,75,110,74,37.7,91.3,19,17.8,81,201,0.037,1.3,1.06,0,0,1,0.1384,Low,0
SYN-05503,37,1,100,102,77,38.4,94.6,15,22.8,92,193,0.636,24.9,1.33,0,0,0,0.9991,High,1
SYN-03224,24,0,88,119,74,36.5,99.2,14,24.8,83,204,0.007,1.1,0.94,0,0,0,0.0044,Low,0
SYN-04288,43,1,63,111,64,36.5,98.8,10,36.2,203,283,0.003,0.6,1.26,0,1,0,0.0531,Low,0
SYN-01699,26,1,92,110,57,35.8,99.0,17,20.3,102,210,0.002,1.0,1.36,0,0,0,0.0061,Low,0
SYN-06404,32,0,98,143,85,38.9,98.0,22,29.7,233,207,0.006,10.9,1.38,1,1,0,0.3697,Moderate,0
SYN-08272,61,0,55,133,78,36.6,97.1,20,24.9,86,219,0.001,1.3,1.31,1,1,0,0.1075,Low,0
SYN-06502,77,0,85,149,92,37.2,94.3,18,30.3,85,256,0.008,0.7,1.35,0,0,1,0.4779,Moderate,0
SYN-06466,34,0,67,125,69,37.2,98.7,15,32.7,99,166,0.005,4.1,1.57,1,0,0,0.0224,Low,0
SYN-07879,41,0,86,126,83,38.7,95.6,16,33.0,101,220,0.004,12.9,1.17,0,0,1,0.0889,Low,0
SYN-00949,60,0,76,161,86,37.2,95.6,18,32.8,159,228,0.01,0.7,1.16,1,1,1,0.8527,High,1
SYN-04673,63,0,82,135,78,37.2,97.3,10,28.1,100,215,0.007,0.3,1.2,0,0,1,0.1035,Low,0
SYN-04455,63,0,71,152,87,36.3,98.8,11,26.5,92,214,0.003,2.1,1.44,1,0,0,0.0982,Low,0
SYN-06134,30,1,70,101,69,37.2,98.7,17,23.2,89,201,0.001,7.1,1.4,0,0,0,0.005,Low,0
SYN-08449,33,1,78,134,93,36.6,98.8,16,24.7,97,234,0.243,1.3,1.22,0,0,0,0.9368,High,1
SYN-06551,54,1,73,120,69,37.1,98.8,14,25.4,213,247,0.009,0.7,1.75,0,1,0,0.1663,Low,0
SYN-00775,54,1,85,121,69,37.8,99.4,11,29.5,230,197,0.002,0.2,1.43,0,1,0,0.1098,Low,0
SYN-08140,78,1,77,138,81,36.8,98.0,14,22.7,85,196,0.007,3.5,1.35,0,0,0,0.1133,Low,0
SYN-08512,48,0,68,135,87,36.6,98.4,16,35.1,108,178,0.008,3.6,1.29,0,0,0,0.04,Low,0
SYN-08710,45,0,90,118,59,36.7,99.1,18,22.5,91,199,0.002,2.3,0.92,0,0,0,0.0113,Low,0
SYN-08503,42,1,67,124,67,37.1,97.8,15,29.3,118,269,0.002,0.8,0.99,0,0,0,0.0194,Low,0
SYN-00100,40,1,63,84,51,37.1,97.7,16,15.7,78,204,0.003,7.3,1.13,0,0,1,0.0064,Low,0
SYN-09433,47,0,64,146,83,36.9,98.4,18,23.1,107,278,0.231,0.2,1.11,1,0,0,0.9799,High,1
SYN-01123,42,1,87,145,85,36.9,97.4,11,28.8,111,239,0.001,1.3,1.54,1,0,1,0.2823,Low,0
SYN-05682,84,1,67,141,75,36.3,97.6,18,28.4,102,250,0.003,1.2,1.58,1,0,1,0.7282,High,1
SYN-05959,31,0,50,111,68,37.1,98.6,13,24.2,95,253,0.005,0.8,0.7,0,0,0,0.0028,Low,0
SYN-00758,68,0,54,122,59,36.7,98.3,16,24.0,87,184,0.003,1.9,1.45,0,0,0,0.0275,Low,0
SYN-04139,38,0,84,99,60,36.5,100.0,14,26.4,123,243,0.023,0.3,0.86,0,0,0,0.0126,Low,0
SYN-07125,53,0,94,126,84,37.5,98.5,15,35.1,78,205,0.002,3.3,1.11,0,0,0,0.0318,Low,0
SYN-06876,66,0,84,150,83,37.2,97.6,17,29.5,90,201,0.015,0.2,1.26,1,0,1,0.617,Moderate,1
SYN-08486,74,1,82,135,81,36.7,97.3,17,31.6,127,195,0.002,2.9,1.71,1,1,0,0.4403,Moderate,0
SYN-07963,87,1,79,176,86,36.3,96.3,13,31.9,208,235,0.001,2.1,1.37,1,1,0,0.8633,High,1
SYN-01749,46,1,78,166,95,37.1,98.3,13,26.6,79,236,0.01,2.9,1.6,1,0,0,0.1531,Low,0
SYN-09784,44,1,83,124,75,36.7,97.9,14,25.0,79,254,0.005,0.3,1.1,0,0,0,0.0182,Low,0
SYN-06464,66,1,85,137,88,37.9,94.0,24,31.1,93,253,0.013,1.2,1.17,0,0,1,0.4547,Moderate,0
SYN-00829,73,1,94,163,90,36.8,99.8,16,24.0,140,196,0.016,2.9,1.57,1,1,0,0.6803,High,1
SYN-02882,68,0,86,144,84,37.4,98.9,18,34.0,85,230,2.28,1.0,1.04,0,0,0,1.0,High,1
SYN-08876,37,1,74,107,84,36.7,98.9,18,20.8,115,195,0.007,1.1,1.22,0,0,0,0.0091,Low,0
SYN-06470,77,0,85,168,89,36.9,96.4,19,33.3,232,220,0.003,4.8,1.07,1,1,0,0.8295,High,1
SYN-06308,48,1,89,137,79,36.6,98.6,15,34.1,157,257,0.016,0.7,1.57,1,1,0,0.386,Moderate,0
SYN-02268,51,1,71,119,76,36.6,98.2,16,34.4,231,211,0.001,2.0,1.44,0,1,0,0.1369,Low,0
SYN-00371,54,1,80,114,65,36.5,98.1,15,22.0,156,192,0.013,0.4,1.48,0,1,0,0.0861,Low,0
SYN-06310,31,0,92,110,62,37.3,98.0,15,32.3,85,224,0.004,1.0,0.85,0,0,0,0.0069,Low,0
SYN-08020,42,1,93,123,76,38.9,96.9,19,27.1,86,204,0.953,12.5,1.33,0,0,0,0.9999,High,1
SYN-08259,57,1,74,120,69,36.9,97.0,18,27.3,156,196,0.006,0.3,1.49,0,1,0,0.121,Low,0
SYN-01853,49,0,94,107,58,39.0,95.7,22,21.3,99,198,0.026,11.0,1.27,0,0,0,0.0826,Low,0
SYN-06256,69,1,86,139,73,37.0,99.0,14,30.3,109,208,0.01,1.7,1.59,1,1,0,0.3733,Moderate,0
SYN-09929,54,1,104,118,71,39.2,98.6,19,26.1,109,189,0.001,19.3,1.17,0,0,0,0.0701,Low,0
SYN-01112,50,1,64,117,65,36.7,99.0,14,31.3,91,174,0.001,1.0,0.72,0,0,0,0.0089,Low,0
SYN-05440,62,0,73,149,93,36.7,98.9,15,27.1,121,245,0.005,3.6,1.39,1,0,0,0.1662,Low,0
SYN-02362,38,0,70,127,69,36.1,100.0,16,24.5,178,253,0.006,1.8,1.05,0,1,0,0.0392,Low,0
SYN-07981,37,0,82,130,75,36.7,99.6,16,25.2,84,231,0.007,2.7,1.06,0,0,0,0.0138,Low,0
SYN-06493,36,0,68,123,72,35.9,99.5,13,19.8,87,215,0.001,0.5,0.98,0,0,0,0.004,Low,0
SYN-01634,54,0,83,145,86,37.5,99.2,17,27.5,134,241,0.001,0.2,1.19,1,1,0,0.1685,Low,0
SYN-06070,39,1,59,113,63,37.0,98.3,16,34.7,91,216,0.001,2.1,1.11,0,0,0,0.0096,Low,0
SYN-05078,55,0,66,129,64,36.7,97.0,18,28.5,97,165,0.008,0.3,1.34,1,0,1,0.2437,Low,0
SYN-06170,87,0,71,158,75,37.4,97.4,18,25.1,99,255,0.001,0.9,1.41,1,0,0,0.3917,Moderate,0
SYN-03632,73,1,85,141,78,37.1,96.8,17,24.1,88,240,0.003,0.3,1.24,0,0,0,0.1272,Low,0
SYN-06770,32,0,65,104,66,37.1,98.7,17,29.9,87,224,0.003,0.9,1.08,0,0,1,0.0093,Low,0
SYN-03769,69,0,63,149,80,37.5,95.4,18,27.9,114,218,0.035,6.6,1.72,1,0,0,0.6104,Moderate,1
SYN-09055,61,1,75,140,89,37.0,98.1,21,40.9,196,229,0.001,1.3,1.37,0,1,0,0.3749,Moderate,0
SYN-03551,42,0,73,123,83,36.3,98.6,19,24.5,96,237,0.015,0.9,1.1,0,0,0,0.0237,Low,0
SYN-04477,58,1,82,148,87,36.7,94.4,16,27.4,200,196,0.006,0.5,1.55,1,1,1,0.8396,High,1
SYN-04998,66,0,61,155,86,36.3,98.6,10,32.3,176,249,0.006,1.2,1.13,1,1,1,0.7175,High,1
SYN-04531,69,1,116,149,86,39.1,96.8,19,21.6,77,239,0.024,15.1,1.62,1,0,0,0.6821,High,1
SYN-05762,63,0,71,123,77,36.9,98.1,16,27.6,101,167,0.015,2.8,1.23,0,0,0,0.0523,Low,0
SYN-06045,66,0,94,122,84,36.7,97.3,18,33.4,128,242,0.006,1.5,0.9,0,1,0,0.1687,Low,0
SYN-07703,18,1,103,106,64,36.9,99.1,15,22.1,83,185,0.003,0.2,0.93,0,0,0,0.0025,Low,0
SYN-03665,51,1,60,123,67,36.4,98.3,15,27.9,122,217,0.012,0.8,1.4,0,0,0,0.0388,Low,0
SYN-09009,18,0,55,105,60,36.6,98.8,17,24.4,105,222,0.012,4.6,0.45,0,0,0,0.0022,Low,0
SYN-00630,18,1,79,135,78,37.0,99.0,10,35.3,89,194,0.001,0.6,0.93,0,0,0,0.0049,Low,0
SYN-06772,87,1,72,171,76,36.8,98.3,16,29.6,80,239,0.008,0.2,1.49,1,0,0,0.5528,Moderate,1
SYN-08153,42,0,77,117,68,36.5,99.9,15,21.7,83,242,0.002,0.4,1.02,0,0,0,0.0067,Low,0
SYN-06295,36,1,74,125,86,36.4,99.6,15,25.2,79,215,0.001,0.2,1.54,0,0,0,0.0098,Low,0
SYN-03809,52,0,71,130,62,36.9,98.6,13,28.2,99,210,0.005,0.2,1.14,1,0,1,0.1577,Low,0
SYN-08396,48,0,67,127,75,36.7,97.7,12,33.3,102,209,0.001,0.7,1.3,1,0,0,0.0313,Low,0
SYN-09968,50,1,55,114,66,36.7,98.1,15,23.9,95,199,0.021,4.1,1.4,0,0,1,0.0604,Low,0
SYN-09495,27,1,45,119,69,36.1,96.9,15,26.6,118,230,0.011,2.1,1.19,0,1,1,0.0356,Low,0
SYN-06601,68,0,72,162,95,36.1,96.2,17,32.6,233,235,0.002,1.5,1.48,1,1,1,0.9214,High,1
SYN-07356,37,1,67,142,78,36.9,99.1,14,28.4,92,218,0.002,2.2,1.08,0,0,0,0.0154,Low,0
SYN-09140,24,0,82,108,62,38.6,96.8,17,19.9,84,262,0.004,14.6,0.92,0,0,1,0.0142,Low,0
SYN-08809,60,0,80,135,72,37.1,97.3,19,28.6,88,196,0.009,0.2,1.44,1,0,0,0.1254,Low,0
SYN-02874,24,1,68,123,76,36.4,98.8,16,30.0,78,198,0.009,0.9,1.2,0,0,0,0.0073,Low,0
SYN-07505,58,1,101,152,96,37.2,99.3,17,42.7,189,243,0.597,1.2,1.41,1,1,0,1.0,High,1
SYN-03656,60,1,53,137,73,36.6,97.8,15,31.0,109,218,0.004,2.0,1.38,0,0,0,0.0582,Low,0
SYN-05670,62,0,63,109,69,36.9,96.4,15,31.0,88,248,0.02,2.8,0.98,0,0,1,0.0983,Low,0
SYN-02500,74,0,77,157,96,36.6,97.1,16,29.9,87,257,0.007,1.7,1.5,1,0,0,0.3547,Moderate,0
SYN-09134,64,0,73,153,90,36.7,98.9,13,35.6,82,270,0.007,1.5,1.2,1,0,0,0.1754,Low,0
SYN-03243,58,1,63,120,86,37.5,97.9,16,30.6,92,213,0.009,0.6,1.06,0,0,0,0.0335,Low,0
SYN-00168,60,1,68,150,90,36.6,97.7,20,30.7,205,175,0.001,0.8,1.42,1,1,0,0.4168,Moderate,0
SYN-08927,54,0,77,130,89,36.8,98.7,15,27.0,152,256,0.002,2.9,1.09,0,1,0,0.0796,Low,0
SYN-01725,72,0,88,156,91,37.0,91.2,19,23.4,110,237,0.003,0.4,0.94,1,0,1,0.7416,High,1
SYN-00430,60,0,69,133,74,37.0,98.5,13,25.9,98,197,0.002,1.8,1.15,0,0,0,0.0262,Low,0
SYN-04301,47,0,74,150,92,36.7,100.0,18,31.2,145,300,0.004,1.5,0.75,0,1,0,0.1071,Low,0
SYN-05750,52,1,87,114,64,36.7,96.6,21,30.2,94,239,0.036,0.7,1.58,0,0,1,0.3142,Moderate,0
SYN-08345,25,0,62,98,66,36.8,97.5,14,20.3,98,202,0.029,4.9,1.08,0,0,0,0.0061,Low,0
SYN-06145,69,1,64,132,80,37.1,99.0,15,31.8,99,236,0.003,0.7,1.76,0,0,0,0.0913,Low,0
SYN-07622,50,1,66,131,85,36.6,96.7,13,31.8,176,244,0.001,0.9,1.17,0,1,1,0.1803,Low,0
SYN-05594,60,0,76,176,86,36.8,97.6,20,36.0,187,178,0.002,1.1,1.64,1,1,0,0.6449,Moderate,1
SYN-07382,41,0,64,91,55,36.5,98.8,13,20.1,101,182,0.008,0.7,1.25,0,0,0,0.0034,Low,0
SYN-01561,48,0,88,125,78,36.8,96.2,19,29.7,85,242,0.004,0.5,1.15,0,0,0,0.0359,Low,0
SYN-07527,47,0,63,126,65,37.6,99.6,21,26.1,181,202,0.014,40.9,0.84,0,1,0,0.2611,Low,0
SYN-04367,61,0,86,124,73,37.3,99.3,24,21.2,87,223,0.002,0.2,0.99,0,0,0,0.0339,Low,0
SYN-02034,48,1,97,126,76,39.1,93.9,18,31.2,85,225,0.008,38.2,1.01,0,0,1,0.371,Moderate,0
SYN-06410,44,0,77,120,78,36.6,97.7,21,29.8,95,205,0.005,0.3,1.2,0,0,0,0.0218,Low,0
SYN-03268,53,1,90,135,81,37.3,98.2,16,30.7,109,237,0.001,3.7,1.32,0,0,1,0.132,Low,0
SYN-04788,54,0,66,126,79,36.8,98.5,19,23.1,71,248,0.001,1.8,1.22,0,0,1,0.0408,Low,0
SYN-01079,45,0,86,156,83,36.9,98.0,20,23.5,89,220,0.004,2.9,1.1,1,0,0,0.0856,Low,0
SYN-05899,61,1,75,148,81,36.2,97.6,17,29.4,175,212,0.014,2.3,1.52,1,1,1,0.8543,High,1
SYN-00993,83,1,79,142,87,37.0,98.1,16,30.3,83,214,0.002,2.7,1.48,1,0,0,0.2904,Low,0
SYN-00641,30,0,72,130,87,36.2,99.4,16,28.2,92,177,0.012,0.6,0.93,0,0,0,0.0089,Low,0
SYN-01423,60,1,79,126,70,37.0,97.7,17,21.4,96,198,0.002,0.9,1.1,0,0,0,0.0317,Low,0
SYN-01653,63,0,65,135,91,36.8,97.6,14,15.0,80,154,2.27,0.2,1.29,1,0,0,1.0,High,1
SYN-05925,34,0,63,125,72,36.5,97.8,11,23.3,111,177,0.004,1.0,1.17,0,0,0,0.0059,Low,0
SYN-01932,48,1,74,125,70,36.9,97.8,15,30.8,75,180,0.002,1.4,1.45,0,0,1,0.0432,Low,0
SYN-02556,48,1,57,128,81,36.3,98.6,14,32.8,157,230,0.003,1.6,1.25,0,1,0,0.063,Low,0
SYN-04391,57,0,80,130,72,36.4,97.7,17,27.8,84,202,0.001,5.2,0.99,0,0,0,0.0317,Low,0
SYN-01865,59,0,77,161,98,36.4,97.2,20,30.5,89,225,0.006,1.4,1.33,1,0,0,0.2299,Low,0
SYN-01751,42,1,65,134,68,36.6,99.9,14,21.2,107,195,0.017,1.8,1.25,0,0,0,0.0234,Low,0
SYN-07201,68,1,86,139,63,36.5,98.2,17,25.4,96,238,0.014,1.6,1.64,1,0,0,0.2937,Low,0
SYN-04916,56,0,85,124,75,36.8,99.1,19,29.5,92,216,0.001,0.4,1.03,0,0,0,0.0277,Low,0
SYN-06838,46,1,80,123,82,36.4,98.0,14,27.0,87,208,0.004,2.8,1.62,1,0,0,0.0433,Low,0
SYN-09962,50,0,73,145,83,37.1,100.0,18,34.3,100,198,0.024,2.0,1.37,1,0,0,0.1703,Low,0
SYN-06989,43,1,71,121,72,37.0,99.0,14,32.6,101,213,0.001,3.2,1.38,0,0,0,0.0176,Low,0
SYN-05988,46,1,66,133,71,36.8,97.8,17,36.3,68,232,0.001,1.8,1.41,0,0,0,0.0312,Low,0
SYN-06925,54,0,68,146,78,37.0,97.4,17,26.8,111,222,0.009,1.3,1.29,1,0,0,0.1156,Low,0
SYN-05087,38,0,74,137,74,36.7,99.3,16,30.6,98,202,0.003,1.8,1.42,1,0,0,0.0332,Low,0
SYN-02900,67,1,81,141,79,37.0,97.6,17,30.3,170,258,0.02,0.9,1.16,0,1,0,0.4792,Moderate,0
SYN-04485,55,1,71,135,80,37.1,96.5,14,29.7,104,206,0.407,0.3,1.22,0,0,1,0.9984,High,1
SYN-07322,36,1,66,111,73,36.8,100.0,14,17.9,87,226,0.002,0.5,1.29,0,0,0,0.0042,Low,0
SYN-01437,47,1,75,134,77,38.5,97.1,20,20.9,108,188,0.005,8.2,1.55,0,0,0,0.0536,Low,0
SYN-09304,53,1,73,117,70,37.1,98.4,16,32.4,80,223,0.001,3.8,1.28,0,0,1,0.0516,Low,0
SYN-04778,33,1,74,97,60,37.5,97.4,17,21.6,88,239,0.008,7.5,1.22,0,0,1,0.0174,Low,0
SYN-07719,52,1,76,156,79,36.5,98.1,13,32.9,236,210,0.011,3.7,1.43,1,1,0,0.5508,Moderate,1
SYN-06100,53,0,75,158,98,36.9,98.6,14,32.4,99,169,0.025,1.0,1.45,1,0,0,0.2177,Low,0
SYN-06253,70,0,83,147,79,36.7,98.6,14,27.8,76,234,0.009,2.7,1.16,0,0,0,0.1073,Low,0
SYN-04381,85,0,72,118,80,36.6,97.5,14,31.1,90,233,1.245,3.8,1.52,0,0,0,1.0,High,1
SYN-03578,57,0,112,165,88,39.4,96.1,22,34.1,147,191,0.004,28.4,1.39,1,1,0,0.8292,High,1
SYN-09532,29,0,56,120,71,36.8,99.4,14,32.8,110,197,0.006,3.3,1.01,0,0,0,0.006,Low,0
SYN-07254,52,1,65,138,94,36.5,100.0,16,32.4,176,184,0.029,0.6,1.39,1,1,0,0.3765,Moderate,0
SYN-09533,38,1,72,138,71,37.1,97.9,13,28.5,94,232,0.029,1.3,0.93,0,0,0,0.0466,Low,0
SYN-07267,45,1,70,116,68,37.0,99.2,13,19.3,89,201,0.015,4.1,1.26,0,0,0,0.0149,Low,0
SYN-01795,24,1,64,123,64,37.2,100.0,14,29.3,96,201,0.008,0.2,1.02,0,0,0,0.0052,Low,0
SYN-00061,27,1,75,112,55,37.1,99.7,10,28.8,206,269,0.001,2.8,1.1,0,1,0,0.0201,Low,0
SYN-02531,72,1,73,154,72,36.7,96.1,18,29.9,113,213,0.012,0.2,1.41,1,0,1,0.7838,High,1
SYN-05790,76,0,67,143,76,37.1,99.5,16,26.0,100,292,0.005,0.2,1.13,1,0,0,0.1738,Low,0
SYN-07235,60,0,95,130,72,37.1,97.4,13,26.6,71,167,0.015,0.9,1.26,0,0,0,0.0521,Low,0
SYN-06227,54,1,49,131,76,36.6,97.6,16,23.9,185,217,0.036,1.3,1.49,0,1,0,0.2848,Low,0
SYN-00259,52,0,74,130,72,36.6,97.7,18,29.1,198,257,0.004,0.2,1.06,0,1,0,0.1294,Low,0
SYN-01220,75,1,72,157,80,36.3,95.6,20,36.2,199,248,0.005,1.0,1.56,1,1,0,0.82,High,1
SYN-07989,53,1,83,159,91,36.7,95.6,15,30.0,99,255,0.017,2.7,1.28,1,0,1,0.7079,High,1
SYN-02636,73,1,78,137,71,36.4,97.4,17,25.7,203,210,0.02,0.5,1.13,0,1,0,0.4813,Moderate,0
SYN-05713,60,1,46,143,89,36.8,97.2,14,30.2,91,196,0.016,0.8,1.37,0,0,0,0.0753,Low,0
SYN-04740,53,0,69,132,74,36.3,98.7,19,26.7,98,139,0.013,0.2,1.15,0,0,0,0.0317,Low,0
SYN-06653,41,0,82,132,70,36.9,97.9,18,30.9,185,203,0.012,1.3,0.82,0,1,0,0.0945,Low,0
SYN-01153,58,1,80,145,85,36.7,97.3,15,30.6,175,227,0.001,1.3,1.47,1,1,1,0.7297,High,1
SYN-01612,50,1,92,164,80,37.3,97.1,16,25.2,98,216,0.018,2.4,1.65,1,0,1,0.7059,High,1
SYN-06807,71,1,65,128,76,36.6,96.9,16,24.9,88,236,0.015,1.0,1.79,0,0,1,0.2555,Low,0
SYN-04891,63,1,66,153,94,37.1,99.1,17,26.1,84,231,0.01,2.8,1.4,1,0,0,0.1859,Low,0
SYN-09246,46,1,90,150,93,36.6,97.8,16,30.7,97,161,0.001,1.4,1.2,1,0,0,0.0755,Low,0
SYN-00209,40,0,106,106,62,38.5,97.4,17,17.2,101,183,0.663,37.2,1.0,0,0,0,0.9993,High,1
SYN-07495,37,0,74,146,81,36.8,97.9,15,29.3,64,234,0.03,4.0,1.36,1,0,1,0.3743,Moderate,0
SYN-02435,50,1,65,138,96,36.9,97.4,19,27.7,117,197,0.003,2.7,1.27,0,0,1,0.0957,Low,0
SYN-00362,60,1,81,126,83,37.1,98.3,20,22.0,103,226,0.009,4.0,1.53,1,0,0,0.1386,Low,0
SYN-08266,58,0,94,169,95,36.5,98.7,20,31.9,149,217,0.001,0.8,1.29,1,1,0,0.4747,Moderate,0
SYN-07063,64,1,61,118,73,36.7,95.7,22,24.4,106,216,0.001,2.0,1.58,0,0,1,0.1239,Low,0
SYN-06454,59,1,83,140,74,37.1,98.5,13,27.3,113,229,0.005,1.3,1.47,1,0,0,0.1303,Low,0
SYN-08200,55,0,75,161,99,36.7,100.0,13,25.8,96,190,0.013,1.0,1.01,1,0,0,0.0967,Low,0
SYN-03225,58,0,68,123,77,37.0,99.2,16,27.9,100,220,0.004,1.8,0.99,0,0,0,0.0234,Low,0
SYN-01733,51,0,67,139,80,36.0,96.1,16,30.3,114,234,0.011,6.0,1.17,1,1,1,0.5672,Moderate,1
SYN-09658,68,0,66,134,77,36.4,97.4,17,31.8,145,209,0.01,2.3,1.42,0,1,0,0.2388,Low,0
SYN-01276,54,1,76,145,78,36.7,98.1,19,30.7,89,228,0.004,0.8,1.16,1,0,0,0.1127,Low,0
SYN-03509,63,0,79,119,84,36.3,98.7,18,25.4,94,214,0.007,0.7,1.25,0,0,0,0.0394,Low,0
SYN-02130,71,0,84,117,73,37.0,97.6,19,19.1,178,243,0.002,0.8,1.15,0,1,0,0.1445,Low,0
SYN-01824,64,0,83,129,76,36.8,99.4,13,29.8,76,224,0.001,1.0,1.06,0,0,0,0.0296,Low,0
SYN-02379,55,1,94,140,79,36.4,98.4,19,31.1,92,248,0.015,1.4,1.06,0,0,0,0.1292,Low,0
SYN-05948,40,0,67,115,68,36.8,98.5,13,31.5,167,223,0.004,1.0,0.79,0,1,0,0.0226,Low,0
SYN-01931,26,1,76,120,69,36.5,99.2,15,36.4,93,228,0.001,2.6,1.5,0,0,0,0.0108,Low,0
SYN-04270,51,0,78,136,76,36.3,99.4,18,30.0,77,224,0.02,1.4,1.24,1,0,0,0.104,Low,0
SYN-01760,55,1,69,116,61,36.0,99.2,20,23.2,96,265,0.008,3.8,1.33,0,0,0,0.0396,Low,0
SYN-03839,49,1,72,158,94,37.1,98.5,15,33.9,86,267,0.003,0.6,1.08,0,0,0,0.0657,Low,0
SYN-05726,57,1,51,111,65,36.6,99.0,15,24.8,99,217,0.007,0.3,1.4,0,0,1,0.037,Low,0
SYN-07462,52,0,91,143,76,36.3,97.4,15,31.0,113,240,0.011,4.8,1.1,1,0,0,0.1622,Low,0
SYN-09739,46,0,50,111,65,37.0,99.0,17,26.7,62,217,0.005,0.8,1.0,0,0,0,0.0058,Low,0
SYN-08608,33,1,83,122,76,36.1,99.2,13,30.4,95,226,0.016,1.1,1.17,0,0,0,0.0187,Low,0
SYN-07179,64,1,68,138,74,36.8,97.7,13,33.4,159,276,0.011,5.3,1.11,0,1,0,0.2945,Low,0
SYN-03219,90,1,93,152,73,36.6,97.3,15,32.2,116,241,0.832,3.1,1.92,1,0,0,1.0,High,1
SYN-07262,73,1,85,165,88,36.7,98.0,20,31.6,162,191,0.009,1.2,1.24,1,1,0,0.7133,High,1
SYN-04860,50,0,82,119,71,36.1,98.3,16,25.2,104,173,0.009,0.5,1.15,0,0,0,0.0202,Low,0
SYN-08454,62,0,90,146,104,37.7,98.7,15,26.4,75,305,0.158,2.2,1.37,1,0,0,0.9776,High,1
SYN-05098,90,0,87,165,90,36.4,95.2,23,26.7,211,241,0.001,3.1,1.47,1,1,0,0.9032,High,1
SYN-07424,57,1,56,135,78,36.8,99.5,15,23.9,87,179,0.021,0.5,1.32,0,0,0,0.0456,Low,0
SYN-07217,29,1,78,114,67,36.5,97.4,17,20.2,87,222,0.165,0.8,1.1,0,0,0,0.6279,Moderate,1
SYN-01283,22,0,65,117,75,37.2,98.8,14,25.7,89,243,0.008,0.7,0.82,0,0,0,0.0034,Low,0
SYN-08138,65,1,82,126,80,37.0,97.2,17,37.7,173,259,0.017,0.7,1.46,0,1,0,0.4533,Moderate,0
SYN-07240,49,0,63,103,60,36.9,99.5,13,31.2,85,218,0.007,2.2,1.26,0,0,0,0.0095,Low,0
SYN-02412,79,0,90,136,96,36.8,98.1,23,30.2,260,211,0.002,0.6,1.1,0,1,0,0.5628,Moderate,1
SYN-08997,28,0,79,115,77,37.1,98.3,14,29.7,139,229,0.002,2.4,1.01,0,1,0,0.0146,Low,0
SYN-05514,44,0,72,144,84,37.4,98.0,18,23.3,143,146,0.002,0.6,1.15,1,1,1,0.2913,Low,0
SYN-03626,86,0,79,130,76,38.1,93.0,19,21.0,103,214,0.014,12.3,1.3,0,0,0,0.3639,Moderate,0
SYN-05753,72,0,91,160,95,36.5,98.9,14,34.7,117,207,0.003,2.6,1.65,1,0,0,0.3731,Moderate,0
SYN-09863,55,0,74,137,79,36.8,99.2,10,31.6,79,220,0.002,4.7,1.0,0,0,0,0.0234,Low,0
SYN-04967,47,1,87,131,80,36.9,97.7,17,26.7,93,190,0.018,0.4,1.47,0,0,0,0.0633,Low,0
SYN-00885,37,1,75,115,64,37.0,98.2,14,26.2,100,192,0.009,2.0,1.39,0,0,0,0.0132,Low,0
SYN-01330,66,1,74,144,82,36.8,98.8,16,32.2,80,199,0.021,2.1,1.81,1,0,0,0.3209,Moderate,0
SYN-09504,83,0,71,160,71,37.3,99.5,14,25.6,76,272,0.003,1.8,1.51,1,0,0,0.2914,Low,0
SYN-08371,61,1,69,122,79,36.8,98.8,17,29.8,158,237,0.018,0.5,1.49,0,1,0,0.2213,Low,0
SYN-04038,54,0,45,119,76,36.7,97.9,15,28.9,242,235,0.001,2.6,1.25,0,1,1,0.1595,Low,0
SYN-01907,55,1,66,126,70,37.0,98.5,17,25.6,106,244,0.005,0.7,1.46,0,0,0,0.0415,Low,0
SYN-07805,32,0,65,133,77,36.4,93.9,16,23.9,80,215,0.013,3.5,1.29,1,0,1,0.1575,Low,0
SYN-01650,43,0,103,152,88,38.7,96.0,23,29.2,95,274,0.001,11.4,1.45,1,0,1,0.6254,Moderate,1
SYN-07677,51,0,76,118,73,36.4,98.6,19,33.6,147,228,0.015,0.9,0.87,0,1,0,0.0938,Low,0
SYN-06717,47,0,88,132,84,36.2,96.2,16,19.5,61,213,0.001,3.1,1.23,1,0,1,0.1406,Low,0
SYN-06350,54,0,74,143,81,37.3,98.3,22,30.6,98,223,0.001,1.6,1.24,0,0,0,0.0605,Low,0
SYN-08732,54,0,79,150,93,36.9,98.6,16,28.5,106,252,0.006,1.5,1.26,1,0,1,0.4176,Moderate,0
SYN-08703,54,1,78,108,60,36.4,99.0,16,23.1,99,234,0.004,1.5,1.15,0,0,0,0.0178,Low,0
SYN-02474,63,1,76,107,62,36.8,96.3,17,22.2,101,212,0.004,3.3,1.12,0,0,1,0.0655,Low,0
SYN-09816,61,0,78,143,85,36.8,97.8,18,28.6,90,244,0.01,0.4,1.12,1,0,0,0.1475,Low,0
SYN-03721,55,0,45,117,80,37.2,98.9,13,21.0,116,155,0.013,3.8,1.16,0,0,0,0.0133,Low,0
SYN-06333,50,1,60,108,63,36.3,98.1,14,19.7,101,239,0.001,3.6,1.26,0,0,0,0.0104,Low,0
SYN-04312,55,0,89,135,68,36.5,99.1,13,28.2,154,236,0.006,1.5,1.23,1,1,0,0.1854,Low,0
SYN-00266,70,0,69,154,81,36.8,97.9,12,26.3,98,208,0.031,0.3,1.25,1,0,0,0.3193,Moderate,0
SYN-02214,82,0,53,132,76,36.9,97.9,16,23.8,85,303,0.001,1.0,1.38,0,0,1,0.1677,Low,0
SYN-06885,50,0,80,164,89,36.6,98.6,15,23.2,100,214,0.014,0.2,1.21,1,0,1,0.4307,Moderate,0
SYN-03770,66,1,58,160,103,36.6,98.7,14,23.8,186,189,0.007,0.2,1.29,1,1,0,0.3708,Moderate,0
SYN-07881,45,1,70,135,78,36.5,98.3,18,31.7,83,209,0.019,4.4,1.65,0,0,0,0.0795,Low,0
SYN-08967,49,0,64,116,63,37.4,97.1,14,26.6,94,229,0.001,1.0,1.39,0,0,0,0.0137,Low,0
SYN-08269,49,0,62,129,70,36.9,99.5,19,30.2,92,240,0.018,1.6,1.09,1,0,0,0.0683,Low,0
SYN-08919,51,1,64,128,66,36.9,98.0,12,30.0,85,281,0.016,4.1,1.56,0,0,0,0.0621,Low,0
SYN-05588,67,1,86,145,79,37.7,92.0,18,24.8,129,240,0.001,13.2,1.48,1,1,1,0.8905,High,1
SYN-05672,60,1,58,162,83,36.7,96.6,17,34.0,94,227,0.006,0.7,1.35,1,0,1,0.6006,Moderate,1
SYN-07789,49,1,75,112,80,36.2,98.0,18,22.2,98,150,0.012,1.2,1.15,0,0,0,0.0181,Low,0
SYN-04723,53,1,69,122,69,36.6,99.3,13,25.6,101,216,0.002,0.3,1.18,0,0,0,0.0166,Low,0
SYN-08910,24,0,98,106,61,37.1,97.0,14,29.6,213,223,0.003,0.5,0.87,0,1,1,0.0457,Low,0
SYN-08004,47,0,71,138,81,36.2,93.0,19,25.9,107,149,0.002,6.2,1.15,1,0,1,0.273,Low,0
SYN-09796,51,1,73,153,87,36.5,98.6,13,30.6,184,235,0.006,1.9,1.26,1,1,0,0.307,Moderate,0
SYN-07354,55,1,88,142,85,37.6,100.0,15,26.3,202,228,0.002,1.9,1.36,0,1,0,0.1909,Low,0
SYN-03503,64,1,74,132,75,36.7,98.4,15,32.7,98,243,0.004,0.7,1.51,0,0,0,0.0847,Low,0
SYN-07695,67,0,95,148,87,36.5,98.2,18,31.2,113,222,0.001,3.1,1.14,1,0,0,0.2254,Low,0
SYN-00729,36,0,82,131,71,36.5,99.4,18,32.5,92,248,0.001,1.5,1.12,0,0,0,0.017,Low,0
SYN-04855,50,1,61,106,65,37.0,97.6,19,24.0,79,222,0.015,1.4,1.34,0,0,1,0.0461,Low,0
SYN-01896,45,0,68,142,86,36.2,97.3,13,21.8,114,199,0.018,1.0,1.1,1,0,0,0.0596,Low,0
SYN-04417,74,0,88,112,67,36.5,99.1,12,29.2,153,261,1.587,1.0,1.06,0,1,0,1.0,High,1
SYN-05985,18,0,74,143,79,36.5,97.9,20,34.4,102,173,0.007,0.7,1.25,1,0,1,0.112,Low,0
SYN-01480,81,1,63,158,83,36.9,98.6,19,21.1,93,260,2.762,0.5,1.82,1,0,0,1.0,High,1
SYN-03638,75,1,82,130,71,37.0,98.4,18,27.7,94,208,0.011,0.2,1.5,0,0,0,0.1524,Low,0
SYN-05455,42,1,73,128,74,36.9,98.9,17,25.3,93,170,0.002,3.6,1.37,0,0,0,0.0163,Low,0
SYN-06901,37,1,73,127,73,37.1,99.3,18,27.6,113,216,0.005,0.5,1.23,0,0,0,0.0183,Low,0
SYN-05064,51,1,73,110,66,36.0,97.8,18,24.5,97,193,0.001,3.1,1.75,0,0,0,0.0227,Low,0
SYN-07113,73,0,93,132,81,36.1,97.5,18,27.5,77,221,0.001,0.3,1.3,0,0,0,0.0871,Low,0
SYN-08656,56,0,75,120,73,36.6,98.7,17,30.1,157,255,0.001,2.4,1.19,0,1,0,0.0821,Low,0
SYN-08859,47,1,69,130,73,36.7,99.5,20,23.6,82,199,0.006,2.5,1.23,0,0,0,0.023,Low,0
SYN-08092,90,0,64,171,96,36.5,96.0,18,28.9,109,217,0.03,1.4,1.47,1,0,0,0.805,High,1
SYN-01178,56,1,80,151,89,36.9,97.7,19,19.8,86,187,0.003,0.9,1.83,1,0,0,0.1319,Low,0
SYN-03137,74,1,90,138,83,36.5,99.5,18,20.6,94,233,0.003,2.7,1.59,1,0,0,0.2099,Low,0
SYN-06215,66,1,76,150,94,35.5,98.9,17,29.0,81,207,0.003,0.2,1.5,1,0,0,0.1645,Low,0
SYN-05398,73,0,69,148,76,36.8,91.4,22,40.2,76,220,0.018,0.8,1.36,0,1,1,0.7549,High,1
SYN-04597,48,1,72,116,75,36.7,98.3,16,33.6,100,243,2.181,1.6,1.41,0,0,0,1.0,High,1
SYN-07035,47,0,75,140,92,36.8,98.4,12,28.0,175,222,0.005,0.3,1.24,1,1,0,0.1326,Low,0
SYN-07751,43,0,54,118,71,37.3,97.9,24,26.5,81,203,0.007,1.0,1.15,0,0,0,0.014,Low,0
SYN-02814,45,0,83,123,77,38.5,97.8,17,21.4,88,205,0.018,11.5,1.06,0,0,1,0.0746,Low,0
SYN-09659,49,0,69,133,73,37.1,98.6,12,24.9,81,206,0.004,1.4,1.28,1,0,1,0.1196,Low,0
SYN-07850,63,0,61,146,81,37.1,98.7,17,31.8,175,193,0.001,2.0,1.21,1,1,0,0.2538,Low,0
SYN-00686,46,1,79,114,65,36.7,99.0,12,18.7,207,167,0.039,0.2,1.23,0,1,0,0.1222,Low,0
SYN-05545,53,0,65,144,82,36.4,98.2,18,19.7,86,203,0.001,0.8,1.04,1,0,0,0.0365,Low,0
SYN-08811,46,1,69,129,80,36.4,98.8,17,33.3,94,205,0.004,2.4,1.36,0,0,0,0.0301,Low,0
SYN-06330,58,1,67,113,71,36.0,98.5,17,22.4,72,197,0.003,1.3,1.07,0,0,0,0.0141,Low,0
SYN-07783,51,0,88,117,64,36.2,99.0,13,23.8,103,227,0.002,1.4,1.1,0,0,0,0.0149,Low,0
SYN-08366,54,1,96,121,77,37.0,99.4,12,25.7,92,199,0.008,2.3,1.54,0,0,0,0.0364,Low,0
SYN-09231,61,1,75,142,84,35.9,100.0,15,30.8,86,188,0.002,2.2,1.13,1,0,0,0.0767,Low,0
SYN-07013,48,1,88,120,75,36.3,98.7,17,33.8,81,209,0.001,3.1,1.34,0,0,1,0.058,Low,0
SYN-08079,64,0,75,147,91,36.9,98.6,18,36.7,117,210,0.006,1.2,1.32,1,1,0,0.3358,Moderate,0
SYN-05436,43,1,65,129,78,36.1,97.7,12,26.1,91,162,0.006,0.2,1.38,0,0,0,0.0138,Low,0
SYN-08935,80,0,77,134,68,36.5,96.0,20,21.0,98,227,0.017,4.3,1.15,0,0,0,0.2242,Low,0
SYN-03004,29,0,72,108,75,36.7,94.8,14,25.6,89,186,0.001,0.2,1.3,0,0,1,0.0095,Low,0
SYN-02448,47,1,75,110,73,36.3,98.4,14,32.8,131,234,0.005,0.8,1.28,0,1,0,0.0444,Low,0
SYN-01191,79,1,76,173,95,37.0,98.0,17,34.6,165,231,0.001,2.8,1.59,1,1,0,0.7886,High,1
SYN-07486,59,1,86,151,92,36.2,99.1,17,27.6,239,223,0.003,2.9,1.54,1,1,0,0.5564,Moderate,1
SYN-06041,88,1,84,145,78,37.8,91.7,20,36.0,104,208,0.024,24.0,1.47,0,0,1,0.931,High,1
SYN-00332,64,1,73,144,92,36.6,98.9,16,32.2,83,215,0.027,2.7,1.64,1,0,0,0.3471,Moderate,0
SYN-02233,33,1,91,131,63,37.2,96.4,17,31.9,114,198,0.001,0.7,1.19,1,0,0,0.042,Low,0
SYN-08078,77,1,70,150,86,36.7,98.2,19,29.7,183,247,0.005,0.2,1.25,0,1,0,0.4842,Moderate,0
SYN-00225,55,1,63,147,75,36.9,97.2,14,30.8,107,201,0.013,0.9,1.47,1,0,1,0.4741,Moderate,0
SYN-03315,71,1,55,127,77,36.4,99.0,14,34.4,86,263,0.001,0.7,1.41,0,0,0,0.0593,Low,0
SYN-08282,51,0,81,139,85,37.9,89.7,15,31.6,122,229,0.004,10.3,1.54,1,1,1,0.771,High,1
SYN-02440,52,0,79,138,86,36.8,98.9,17,30.6,110,264,0.001,1.3,1.13,1,0,0,0.0757,Low,0
SYN-06017,70,1,79,138,83,36.6,98.9,13,26.0,185,214,0.001,2.2,1.63,1,1,0,0.3694,Moderate,0
SYN-02067,69,1,79,132,70,36.9,97.5,21,17.6,100,191,1.053,0.3,1.11,0,0,0,1.0,High,1
SYN-00071,34,0,84,124,79,36.4,97.1,18,26.2,115,210,1.521,0.8,1.13,0,0,1,1.0,High,1
SYN-08491,58,1,81,127,66,37.2,99.8,13,25.7,79,235,0.007,0.2,1.25,0,0,0,0.032,Low,0
SYN-03443,55,1,75,149,91,37.0,98.7,16,28.9,179,214,0.005,0.6,1.66,1,1,1,0.7352,High,1
SYN-02408,48,1,65,118,69,36.6,97.7,20,29.4,144,204,0.001,0.2,0.89,0,1,0,0.041,Low,0
SYN-05297,42,0,84,129,62,37.4,100.0,17,28.1,207,142,0.002,0.6,0.76,0,1,0,0.039,Low,0
SYN-06478,20,1,79,112,62,36.9,99.5,13,36.0,94,208,0.003,1.3,1.13,0,0,0,0.0046,Low,0
SYN-02829,27,0,74,151,87,36.9,98.5,17,34.0,95,182,0.004,0.6,1.43,1,0,0,0.0349,Low,0
SYN-00426,48,1,106,157,86,37.1,98.5,20,26.7,109,193,0.01,1.2,1.76,1,0,0,0.2737,Low,0
SYN-07510,42,0,69,159,88,37.1,98.6,11,26.1,82,224,0.007,1.2,1.54,1,0,0,0.0564,Low,0
SYN-00288,55,0,82,150,83,36.5,97.1,18,38.4,174,233,0.013,0.8,1.01,0,1,0,0.3525,Moderate,0
SYN-09036,82,1,70,135,79,36.8,98.9,14,25.1,96,234,0.015,0.8,1.16,0,0,0,0.1535,Low,0
SYN-01378,57,0,90,133,76,36.8,98.0,19,27.3,99,250,0.001,0.2,1.1,0,0,0,0.0508,Low,0
SYN-06979,86,1,67,147,84,36.9,98.2,17,18.2,206,209,0.005,0.2,1.75,1,1,0,0.6473,Moderate,1
SYN-04119,43,0,60,126,83,37.1,96.6,22,26.0,85,235,0.01,1.0,1.03,0,0,1,0.0484,Low,0
SYN-08391,48,1,75,106,63,36.8,99.1,16,27.1,95,245,0.002,0.2,1.18,0,0,0,0.0126,Low,0
SYN-09855,62,1,62,136,85,36.3,93.8,18,19.4,91,213,0.011,0.7,1.31,0,0,1,0.1618,Low,0
SYN-00165,67,0,88,144,76,36.8,97.3,16,35.2,69,227,0.001,3.3,1.32,1,0,1,0.5142,Moderate,1
SYN-06088,65,0,65,142,83,36.3,97.8,15,26.8,161,221,0.017,0.2,1.42,1,1,0,0.3856,Moderate,0
SYN-04179,20,1,78,125,80,36.3,92.3,22,21.5,84,228,0.003,0.3,1.33,0,0,1,0.0286,Low,0
SYN-03213,65,0,65,140,78,36.7,99.3,18,25.1,102,177,0.019,0.3,1.2,1,0,0,0.1342,Low,0
SYN-00780,33,1,88,121,69,37.1,99.3,19,25.2,87,173,0.006,2.4,1.29,0,0,0,0.0127,Low,0
SYN-03304,70,0,74,145,82,36.5,100.0,13,26.2,102,146,0.005,1.6,1.53,1,0,0,0.1064,Low,0
SYN-05721,56,1,77,120,73,36.6,99.2,18,20.7,93,213,0.005,0.2,1.79,0,0,1,0.0715,Low,0
SYN-05883,53,1,76,141,77,37.1,99.6,19,29.7,212,261,0.006,1.4,1.55,1,1,0,0.4221,Moderate,0
SYN-01889,29,1,62,137,78,36.5,94.8,19,27.8,182,162,0.007,0.2,1.28,1,1,1,0.3685,Moderate,0
SYN-00611,37,1,73,136,75,36.6,98.4,18,33.4,261,195,0.002,1.9,1.16,0,1,0,0.1333,Low,0
SYN-08963,53,1,88,125,80,38.4,96.8,15,27.5,107,247,0.001,25.0,1.44,0,0,0,0.1125,Low,0
SYN-08178,51,0,80,138,74,36.7,99.9,16,20.1,88,212,0.012,0.2,1.27,0,0,0,0.0311,Low,0
SYN-03450,53,0,74,123,72,36.8,96.8,19,27.3,110,296,0.019,0.4,1.13,0,0,1,0.1574,Low,0
SYN-00463,29,1,61,120,70,37.0,98.4,16,34.3,161,235,0.005,1.2,1.34,0,1,0,0.0339,Low,0
SYN-03923,36,0,76,135,75,36.9,96.1,12,30.3,270,226,0.003,2.6,1.29,1,1,1,0.5509,Moderate,1
SYN-09676,45,1,85,148,83,37.0,99.2,17,24.0,125,289,0.004,0.6,1.42,1,1,0,0.197,Low,0
SYN-09155,62,1,75,162,79,36.5,97.4,16,28.6,106,247,0.004,1.5,1.43,1,0,1,0.6456,Moderate,1
SYN-09721,76,0,65,118,71,36.3,97.9,10,27.8,131,190,0.008,5.0,1.07,0,1,0,0.0966,Low,0
SYN-07124,60,0,72,160,86,36.6,97.5,18,25.3,95,228,0.012,3.6,1.25,1,0,0,0.2259,Low,0
SYN-04172,64,0,89,151,99,39.0,97.9,18,31.5,152,242,0.018,48.0,1.29,1,1,0,0.9008,High,1
SYN-05238,59,1,98,148,85,38.7,98.1,19,32.8,79,219,0.006,8.6,1.25,0,0,0,0.1721,Low,0
SYN-08757,55,0,71,125,82,36.9,96.3,16,31.8,96,244,0.001,1.3,1.04,0,0,0,0.0317,Low,0
SYN-02649,59,1,59,112,79,36.5,98.4,18,15.0,71,242,0.001,0.4,1.72,0,0,0,0.0166,Low,0
SYN-01077,75,1,73,127,74,36.9,95.6,20,25.0,98,264,0.004,0.7,1.48,0,0,0,0.1539,Low,0
SYN-08438,36,0,73,109,64,37.2,94.9,16,21.3,162,159,0.006,0.2,1.01,0,1,1,0.0385,Low,0
SYN-04696,60,1,69,136,77,37.1,98.3,16,22.2,108,172,0.019,0.3,1.41,0,0,0,0.0784,Low,0
SYN-08587,64,1,91,144,75,36.7,98.3,16,29.0,189,235,0.001,0.8,1.62,1,1,0,0.4817,Moderate,0
SYN-02237,53,0,63,112,72,36.6,97.6,16,28.9,187,215,0.001,1.7,1.19,0,1,0,0.0525,Low,0
SYN-08431,55,1,63,127,78,37.2,98.3,15,34.0,90,227,0.01,3.3,1.53,1,0,0,0.0969,Low,0
SYN-00813,58,0,88,125,67,37.7,99.6,17,29.5,95,214,0.006,13.7,1.12,0,0,0,0.0606,Low,0
SYN-00771,82,0,83,129,71,36.5,98.5,17,33.3,124,221,0.002,0.7,1.34,0,1,0,0.2571,Low,0
SYN-08548,89,0,85,152,80,36.6,98.7,15,29.7,186,266,0.022,0.5,1.07,1,1,1,0.9599,High,1
SYN-04533,83,1,80,160,96,36.6,98.5,16,19.2,99,227,0.004,0.2,1.8,1,0,0,0.3978,Moderate,0
SYN-05710,41,0,61,107,69,37.0,96.9,16,16.1,77,171,0.002,0.2,0.99,0,0,1,0.0065,Low,0
SYN-08131,41,1,61,153,88,36.5,97.8,18,37.8,71,249,0.002,0.8,1.22,1,0,1,0.2806,Low,0
SYN-09595,47,1,81,161,94,36.1,98.9,15,26.0,88,231,0.015,0.7,1.35,1,0,0,0.1532,Low,0
SYN-06585,52,0,71,124,64,36.4,99.9,16,28.4,94,227,0.001,0.2,1.28,0,0,0,0.0178,Low,0
SYN-03031,52,1,57,126,66,36.9,95.3,19,25.4,84,218,0.014,1.9,1.27,0,0,1,0.0983,Low,0
SYN-07054,85,0,85,166,81,36.5,98.1,12,33.4,167,231,0.01,1.3,1.51,1,1,0,0.7918,High,1
SYN-08427,55,0,72,136,78,36.4,98.9,15,15.0,98,223,0.003,2.4,1.19,1,0,0,0.0366,Low,0
SYN-06073,67,1,89,125,88,36.3,98.1,12,31.1,148,229,0.014,1.4,1.19,0,1,0,0.2305,Low,0
SYN-03486,71,1,73,147,84,36.9,97.5,14,30.6,92,209,0.005,1.1,1.52,1,0,1,0.5819,Moderate,1
SYN-08240,57,1,71,139,87,37.0,97.6,13,30.9,96,174,0.003,0.6,1.35,0,0,1,0.0881,Low,0
SYN-02667,48,1,62,132,76,37.0,95.3,13,30.7,90,258,0.01,1.0,1.1,0,0,1,0.0828,Low,0
SYN-09330,57,1,64,139,74,36.2,99.4,17,32.2,98,230,0.002,3.5,1.54,0,0,0,0.0647,Low,0
SYN-03282,66,0,97,148,79,36.6,97.3,13,25.2,97,188,0.002,0.4,1.5,1,0,0,0.15,Low,0
SYN-07941,53,1,92,132,77,35.6,99.7,13,29.1,95,208,0.007,2.4,1.01,0,0,0,0.0372,Low,0
SYN-06278,80,1,91,140,86,39.4,96.8,16,27.6,107,291,0.002,18.3,1.8,1,0,0,0.6048,Moderate,1
SYN-08860,35,0,84,118,72,36.5,96.9,23,22.0,160,193,0.005,0.2,1.25,0,1,0,0.0413,Low,0
SYN-01447,90,1,94,178,102,37.6,98.2,18,38.8,167,254,0.001,1.1,1.41,1,1,0,0.9114,High,1
SYN-07156,68,0,95,144,92,37.3,100.0,14,30.7,192,254,0.003,2.1,1.34,1,1,0,0.4591,Moderate,0
SYN-07448,74,1,93,146,87,36.3,98.8,12,30.7,200,242,0.007,2.2,1.52,1,1,0,0.6538,High,1
SYN-06665,42,0,78,138,79,37.3,96.9,16,28.8,213,185,0.006,0.9,0.87,1,1,1,0.465,Moderate,0
SYN-09981,34,0,72,142,83,36.8,98.1,20,25.5,90,215,0.006,1.3,0.97,1,0,0,0.0301,Low,0
SYN-06191,51,0,56,117,64,37.3,99.5,17,23.1,90,170,0.004,0.2,1.21,0,0,0,0.0087,Low,0
SYN-02410,45,1,93,140,81,36.5,96.9,16,32.3,115,200,0.014,1.3,1.26,1,0,0,0.1509,Low,0
SYN-06023,52,0,55,165,96,36.7,100.0,19,33.3,90,288,0.007,0.7,1.14,1,0,0,0.1406,Low,0
SYN-03332,53,0,54,109,58,36.2,98.7,19,25.9,208,238,0.005,0.5,1.38,0,1,0,0.0671,Low,0
SYN-03706,50,0,73,134,78,36.9,99.1,18,28.5,208,219,0.002,1.7,1.22,0,1,0,0.1133,Low,0
SYN-06152,41,1,102,143,89,37.2,98.9,15,29.0,90,170,0.034,0.5,1.51,1,0,0,0.1883,Low,0
SYN-09247,50,0,72,126,72,36.3,98.4,16,36.8,168,236,0.003,0.9,0.94,0,1,0,0.0782,Low,0
SYN-04737,42,0,87,141,83,36.4,99.6,17,33.5,148,224,0.007,2.0,0.81,0,1,0,0.0813,Low,0
SYN-06731,69,0,65,126,75,36.2,98.4,19,29.8,90,211,0.007,3.4,0.86,0,0,0,0.0524,Low,0
SYN-04986,61,1,91,132,72,36.6,99.4,14,27.4,114,252,0.001,0.6,1.38,0,0,0,0.0653,Low,0
SYN-02476,55,1,83,115,67,37.0,98.2,15,25.4,77,221,0.001,0.9,1.4,0,0,0,0.0214,Low,0
SYN-06211,44,1,53,95,60,36.6,98.8,13,23.4,77,139,0.009,1.2,1.3,0,0,0,0.0038,Low,0
SYN-08461,45,1,88,143,76,37.1,96.8,21,35.9,178,210,0.005,3.8,1.22,1,1,1,0.7521,High,1
SYN-07310,50,1,59,136,72,36.0,98.7,17,30.7,186,210,0.003,0.9,1.5,1,1,0,0.1923,Low,0
SYN-06946,73,1,104,163,105,38.2,87.1,20,29.8,99,229,0.005,6.5,1.62,1,0,1,0.9539,High,1
SYN-09472,37,0,57,134,72,37.4,97.1,17,25.7,85,224,0.008,1.7,1.16,0,0,1,0.0316,Low,0
SYN-00490,65,1,83,143,79,36.7,98.0,17,28.3,157,233,0.001,0.2,1.76,1,1,0,0.4223,Moderate,0
SYN-03959,44,0,72,96,61,36.9,98.3,17,26.3,91,240,0.01,3.1,1.14,0,0,0,0.0104,Low,0
SYN-04877,69,1,96,111,70,38.5,91.3,16,29.1,85,217,0.011,11.1,1.33,0,0,1,0.337,Moderate,0
SYN-09801,54,0,68,123,72,36.5,95.3,19,27.7,74,230,0.006,0.7,1.24,0,0,1,0.0697,Low,0
SYN-01458,55,0,70,111,67,37.6,95.8,21,24.5,152,185,0.002,6.8,1.39,0,1,0,0.0785,Low,0
SYN-06156,88,1,84,157,81,37.1,97.7,16,30.3,82,254,0.002,0.9,1.49,0,0,0,0.3554,Moderate,0
SYN-06463,50,1,97,123,68,36.6,98.9,15,28.6,91,235,1.495,0.7,1.39,0,0,0,1.0,High,1
SYN-09717,26,0,54,123,66,36.9,98.7,18,29.4,77,182,0.014,0.2,1.26,0,0,0,0.007,Low,0
SYN-01015,37,1,71,113,73,36.9,98.2,13,32.4,122,243,0.001,3.3,1.36,0,0,1,0.0302,Low,0
SYN-08455,50,1,95,128,77,36.8,99.1,16,34.7,91,182,0.026,1.2,1.42,0,0,0,0.1027,Low,0
SYN-06750,48,1,104,132,74,37.0,99.6,16,32.7,93,262,0.017,2.5,1.18,0,0,0,0.095,Low,0
SYN-08183,61,1,81,141,87,37.3,99.6,19,24.6,119,214,0.001,0.3,1.58,1,0,0,0.1366,Low,0
SYN-02252,53,0,79,129,70,36.6,97.7,16,28.7,82,258,0.001,2.9,1.3,0,0,0,0.0341,Low,0
SYN-04978,63,1,86,137,77,36.8,97.4,16,30.2,203,228,0.013,1.4,1.53,1,1,0,0.5806,Moderate,1
SYN-01416,40,0,66,147,91,36.9,99.9,13,43.6,222,222,0.003,1.3,1.29,1,1,0,0.2109,Low,0
SYN-04573,59,1,102,146,85,37.1,98.0,16,30.0,57,202,0.819,0.2,1.58,1,1,0,1.0,High,1
SYN-05697,58,0,81,131,72,36.9,99.8,15,20.3,103,209,0.009,2.6,1.16,0,0,0,0.034,Low,0
SYN-04414,42,0,66,160,91,37.0,98.6,15,30.3,68,225,0.004,2.3,1.65,1,0,0,0.0692,Low,0
SYN-02437,38,1,52,118,60,36.1,95.8,17,29.2,84,213,0.001,0.7,0.96,0,0,0,0.0084,Low,0
SYN-02426,72,1,74,133,84,36.1,92.7,16,28.9,102,250,0.02,0.9,1.28,0,0,1,0.4567,Moderate,0
SYN-01129,50,0,78,164,94,36.7,98.6,16,39.2,95,240,0.005,3.0,1.34,1,0,0,0.1925,Low,0
SYN-00573,58,1,59,143,76,37.1,99.8,14,29.4,85,259,0.002,2.1,1.6,1,0,0,0.0877,Low,0
SYN-06083,60,0,61,140,80,36.8,97.3,15,32.5,148,182,0.029,1.0,1.31,1,1,1,0.7699,High,1
SYN-03519,54,0,89,156,88,36.8,99.4,18,30.8,192,252,0.013,1.7,1.14,1,1,0,0.5061,Moderate,1
SYN-03981,59,1,83,150,80,36.5,98.8,17,30.9,94,226,0.003,2.0,1.51,1,0,0,0.1818,Low,0
SYN-06724,32,1,81,118,66,37.2,97.5,18,29.6,98,190,0.003,3.4,1.38,0,0,0,0.0147,Low,0
SYN-05081,38,1,79,124,79,36.9,97.9,17,20.0,93,215,0.022,2.9,1.22,0,0,1,0.0614,Low,0
SYN-04570,61,1,66,131,70,36.9,98.4,18,29.8,137,218,0.025,4.5,1.11,0,1,0,0.2649,Low,0
SYN-05480,38,0,82,149,81,36.8,97.8,20,31.9,97,257,0.035,0.7,1.27,1,0,0,0.2431,Low,0
SYN-03588,57,0,78,149,83,37.0,97.7,18,34.0,233,235,0.001,2.8,1.05,0,1,0,0.3156,Moderate,0
SYN-02438,58,0,89,130,69,37.0,97.7,15,28.2,82,215,0.009,1.3,1.15,0,0,0,0.0484,Low,0
SYN-08651,52,1,76,125,79,37.2,99.0,15,30.5,255,273,0.021,0.7,1.39,0,1,0,0.3554,Moderate,0
SYN-01209,90,1,81,182,103,37.0,95.6,20,29.1,68,240,0.002,1.8,1.79,1,0,1,0.9393,High,1
SYN-01991,60,1,76,127,76,37.1,98.3,16,25.5,102,248,0.007,2.2,1.32,0,0,0,0.0609,Low,0
SYN-08821,66,1,78,134,77,36.8,98.5,15,32.3,94,207,0.008,0.6,1.29,0,0,0,0.0879,Low,0
SYN-03198,51,1,70,127,69,36.5,99.3,17,35.4,68,265,0.019,3.7,1.35,0,0,0,0.073,Low,0
SYN-07663,44,0,71,132,74,36.6,98.2,15,29.9,188,183,0.007,0.2,1.07,0,1,0,0.0646,Low,0
SYN-03256,59,0,67,127,80,37.0,98.7,16,31.4,90,218,0.433,1.0,1.33,0,0,0,0.9964,High,1
SYN-03774,63,0,80,149,86,37.2,98.2,15,33.6,100,244,0.01,2.8,1.59,1,0,0,0.2655,Low,0
SYN-08407,56,1,91,147,86,37.1,99.8,15,24.2,94,234,0.018,0.4,1.29,1,0,0,0.1734,Low,0
SYN-03716,40,1,78,129,82,36.7,99.3,15,26.2,134,233,0.013,1.0,1.96,0,1,0,0.0956,Low,0
SYN-08237,47,1,82,123,78,36.5,98.9,23,23.8,110,210,0.001,0.5,1.24,0,0,0,0.0278,Low,0
SYN-04715,45,0,82,153,94,36.7,98.4,19,27.1,91,241,0.014,1.8,0.98,1,0,0,0.1131,Low,0
SYN-02388,65,0,80,148,78,36.4,97.9,16,26.7,96,227,0.007,0.5,1.01,1,0,1,0.4475,Moderate,0
SYN-01766,52,0,78,128,77,36.7,98.1,13,26.5,92,230,0.001,3.5,0.92,0,0,0,0.0186,Low,0
SYN-08072,65,0,62,135,79,36.9,98.3,15,33.2,105,266,0.004,1.1,1.2,0,0,1,0.1333,Low,0
SYN-03830,36,1,54,122,70,36.3,99.5,17,27.6,71,237,0.008,3.0,1.3,0,0,0,0.011,Low,0
SYN-04681,80,1,85,166,94,36.8,97.1,16,33.0,91,251,0.004,0.6,1.33,1,0,0,0.5128,Moderate,1
SYN-08739,45,1,79,152,85,36.4,97.6,15,26.2,78,278,0.01,1.6,1.56,1,0,0,0.1317,Low,0
SYN-08983,20,0,65,127,80,39.7,97.8,17,19.0,144,237,0.005,14.9,1.11,1,1,0,0.0353,Low,0
SYN-04974,18,0,81,115,74,36.7,98.0,19,28.7,86,192,0.007,3.7,0.96,0,0,0,0.005,Low,0
SYN-06293,56,1,85,140,79,36.9,97.2,14,27.6,98,251,0.007,2.1,1.24,0,1,0,0.1389,Low,0
SYN-06923,51,0,68,143,79,36.5,98.3,19,19.7,91,187,0.001,4.4,1.64,1,0,0,0.0574,Low,0
SYN-00320,35,1,83,100,55,36.8,97.8,20,29.3,106,216,0.005,0.2,1.2,0,0,0,0.0115,Low,0
SYN-01345,37,0,87,118,68,37.3,99.7,17,29.0,96,203,0.01,0.7,1.03,0,1,0,0.0233,Low,0
SYN-01052,51,1,63,111,71,36.8,100.0,11,17.7,102,181,0.005,5.2,1.11,0,0,0,0.0076,Low,0
SYN-01136,75,0,47,134,78,36.2,99.4,13,31.4,82,272,0.008,1.4,1.43,0,0,0,0.0744,Low,0
SYN-05920,49,1,86,139,87,36.8,98.8,12,23.1,98,229,0.014,0.4,1.77,1,0,0,0.1066,Low,0
SYN-06987,36,0,77,117,77,36.6,98.6,15,22.1,109,189,0.012,0.2,1.21,0,0,0,0.0102,Low,0
SYN-06244,74,1,82,137,83,36.7,97.8,17,27.5,100,235,0.004,0.3,1.27,0,0,0,0.1333,Low,0
SYN-05754,72,0,73,124,67,36.8,96.6,14,16.6,111,133,0.004,0.4,1.47,0,0,0,0.037,Low,0
SYN-04589,27,1,57,104,65,36.2,98.2,21,27.2,69,179,0.003,1.0,1.27,0,0,0,0.0037,Low,0
SYN-00574,40,1,68,139,87,37.0,98.6,13,22.0,199,209,0.001,0.6,1.16,1,1,0,0.0826,Low,0
SYN-01320,73,1,74,176,90,36.3,98.5,16,28.6,96,274,0.008,1.6,1.45,1,1,1,0.8996,High,1
SYN-04561,64,1,57,105,68,36.1,97.7,14,23.1,105,203,0.001,0.3,1.37,0,0,0,0.0169,Low,0
SYN-04895,40,1,81,120,86,36.5,99.5,16,24.8,108,218,0.011,0.5,1.29,0,0,0,0.0203,Low,0
SYN-09150,58,0,70,101,65,36.2,98.9,17,18.3,97,216,0.021,1.6,1.26,0,0,0,0.0237,Low,0
SYN-00564,42,1,85,120,75,36.7,99.5,16,26.3,198,174,0.02,3.0,1.17,0,1,0,0.1055,Low,0
SYN-01912,62,1,101,139,77,39.1,97.8,21,24.4,94,201,0.007,6.4,1.3,0,0,1,0.2678,Low,0
SYN-03113,80,0,67,152,84,36.5,97.1,16,26.0,83,166,0.012,3.2,1.42,1,0,0,0.2835,Low,0
SYN-09084,84,1,71,174,90,36.5,96.8,16,37.1,87,248,0.002,1.1,1.55,1,0,0,0.6087,Moderate,1
SYN-01198,39,1,74,154,80,36.5,97.8,18,38.0,93,178,0.008,1.0,1.42,1,0,1,0.3781,Moderate,0
SYN-07745,18,0,66,123,79,36.3,99.9,20,34.8,97,220,0.001,3.1,1.07,0,0,0,0.0053,Low,0
SYN-09086,60,1,62,111,62,36.7,96.2,15,17.3,99,192,0.015,2.6,1.39,0,0,1,0.0674,Low,0
SYN-06490,42,1,89,130,73,36.7,97.0,12,34.9,160,234,0.001,3.9,1.59,0,1,1,0.212,Low,0
SYN-08411,67,0,84,150,79,36.5,96.9,20,30.7,79,235,0.001,3.4,1.27,1,0,0,0.2224,Low,0
SYN-04614,43,1,66,121,79,36.5,97.7,18,25.3,104,198,0.033,0.2,1.16,0,0,0,0.0484,Low,0
SYN-03529,29,1,78,109,76,37.0,97.1,19,17.6,74,178,0.023,1.1,1.14,0,0,1,0.0209,Low,0
SYN-04080,46,1,74,117,63,36.9,94.8,18,26.9,95,233,0.006,0.2,1.06,0,0,1,0.0552,Low,0
SYN-04972,31,0,70,114,75,39.0,96.4,21,28.7,97,254,0.005,21.5,1.28,0,0,1,0.0597,Low,0
SYN-02005,32,0,88,104,72,36.8,98.1,12,33.0,84,222,0.003,0.8,0.95,0,0,0,0.005,Low,0
SYN-00095,27,1,73,139,87,36.6,96.9,18,17.1,84,192,0.001,1.3,1.29,1,0,0,0.0158,Low,0
SYN-02079,20,1,53,114,77,36.7,98.8,13,22.5,83,223,0.013,1.0,0.65,0,0,0,0.0024,Low,0
SYN-08526,49,1,67,119,74,36.7,97.9,21,26.5,91,240,0.006,0.3,1.24,0,0,0,0.0284,Low,0
SYN-07058,45,1,74,111,62,36.5,98.4,23,25.9,67,198,0.001,0.5,1.2,0,0,0,0.0121,Low,0
SYN-04188,48,0,93,157,78,39.0,92.7,22,37.5,95,218,0.211,11.9,1.47,1,0,0,0.9975,High,1
SYN-02534,56,1,74,141,71,36.6,97.3,15,27.2,165,221,0.004,1.1,1.49,1,1,1,0.6511,High,1
SYN-05280,86,1,66,174,94,37.0,100.0,13,33.5,115,189,0.008,0.7,1.67,1,1,0,0.6872,High,1
SYN-04736,54,0,66,126,71,36.2,98.4,18,22.7,108,203,0.001,1.9,1.22,0,0,0,0.0209,Low,0
SYN-05822,33,0,71,111,60,36.8,97.9,17,24.3,89,185,0.005,1.9,0.88,0,0,0,0.0047,Low,0
SYN-07009,49,1,74,131,74,36.6,99.9,14,25.2,101,188,0.501,0.9,1.36,0,0,0,0.9966,High,1
SYN-02023,56,0,95,153,82,36.8,98.2,15,25.4,82,201,0.002,1.3,1.17,1,0,0,0.0919,Low,0
SYN-07722,57,1,87,154,86,36.4,97.7,16,26.5,98,232,0.005,1.8,1.28,1,0,1,0.5161,Moderate,1
SYN-09411,37,1,94,129,83,37.1,97.3,17,23.8,122,197,0.003,1.3,0.86,0,0,0,0.0196,Low,0
SYN-09810,28,1,74,102,66,36.8,100.0,12,27.5,71,224,0.001,6.3,0.85,0,0,0,0.0025,Low,0
SYN-05735,49,1,87,114,71,36.8,98.5,15,30.8,98,172,0.018,2.7,1.19,0,0,0,0.0373,Low,0
SYN-09831,48,1,83,151,82,36.0,98.0,15,24.2,151,180,0.013,0.3,1.53,1,1,0,0.274,Low,0
SYN-03856,24,1,100,112,69,37.2,99.3,15,29.3,103,208,0.005,0.7,1.05,0,0,0,0.0073,Low,0
SYN-00996,60,0,59,125,78,37.0,99.4,18,20.1,171,216,0.002,1.4,0.92,0,1,0,0.0518,Low,0
SYN-01915,73,1,75,159,82,36.9,92.3,16,26.8,77,203,0.005,0.9,1.33,1,0,1,0.7276,High,1
SYN-03567,65,1,68,120,71,36.3,98.5,15,24.0,77,222,0.008,2.0,1.09,0,0,0,0.0333,Low,0
SYN-01571,54,0,69,108,59,36.9,98.2,17,21.0,65,189,0.008,1.5,1.08,0,0,0,0.0101,Low,0
SYN-06964,61,1,67,147,87,37.1,92.2,20,26.1,267,228,0.003,2.2,1.56,1,1,1,0.9254,High,1
SYN-08936,71,1,90,151,84,36.9,97.7,16,33.3,97,237,0.001,3.4,1.2,0,0,0,0.1943,Low,0
SYN-07591,39,0,87,135,80,38.4,99.5,17,22.6,192,216,0.003,10.0,1.19,1,1,1,0.4351,Moderate,0
SYN-05989,57,1,85,122,70,37.1,98.2,18,24.6,87,240,0.006,0.6,1.24,0,0,0,0.0432,Low,0
SYN-00757,39,0,79,132,79,37.0,97.6,21,27.9,85,199,0.003,0.7,1.07,0,0,0,0.0183,Low,0
SYN-06545,47,1,80,117,73,38.3,97.6,14,25.3,78,185,0.007,9.9,1.74,0,0,0,0.0302,Low,0
SYN-06075,55,0,58,138,80,37.0,98.5,16,27.3,98,231,0.026,0.7,1.17,0,0,1,0.1445,Low,0
SYN-01767,35,1,90,117,63,37.2,98.6,16,24.5,99,247,0.009,1.4,1.21,0,0,0,0.0174,Low,0
SYN-08654,34,1,69,128,70,36.0,98.8,17,25.8,78,204,0.006,5.3,1.49,0,0,0,0.0155,Low,0
SYN-02802,70,0,90,162,89,36.9,99.1,16,33.2,183,213,0.017,2.2,1.18,1,1,0,0.7138,High,1
SYN-09916,38,0,82,118,67,36.9,97.8,17,28.5,84,244,0.001,1.8,0.96,0,0,0,0.0105,Low,0
SYN-03385,53,1,59,150,71,37.1,98.7,13,27.7,91,189,0.003,1.6,1.38,1,0,0,0.0613,Low,0
SYN-02260,63,0,76,137,78,36.9,98.5,19,33.1,99,249,0.018,0.9,1.31,1,0,0,0.2414,Low,0
SYN-03876,60,0,76,132,75,36.2,99.2,17,25.2,107,245,0.001,0.9,1.1,0,0,0,0.037,Low,0
SYN-05902,49,0,71,113,64,36.7,98.2,17,25.0,81,193,0.019,0.7,1.22,0,0,0,0.0212,Low,0
SYN-07723,63,0,78,122,81,37.2,97.6,12,26.0,203,250,0.008,0.2,1.38,0,1,0,0.1676,Low,0
SYN-05756,58,1,92,117,61,36.8,98.2,15,26.0,81,196,0.004,4.3,1.39,0,0,0,0.0362,Low,0
SYN-00016,40,0,83,134,70,36.6,97.4,19,29.5,78,207,0.005,1.1,1.18,0,0,0,0.024,Low,0
SYN-08895,63,1,73,153,86,37.3,98.0,16,31.1,90,244,0.002,1.1,1.55,1,0,0,0.2015,Low,0
SYN-03070,40,0,52,138,70,36.4,96.4,19,37.7,179,213,0.002,1.4,1.05,0,1,0,0.0791,Low,0
SYN-07773,50,0,87,149,86,37.3,98.8,21,24.1,106,241,0.003,1.4,1.27,1,0,0,0.1093,Low,0
SYN-09633,57,0,67,134,84,36.6,97.8,14,30.9,193,231,0.001,1.2,1.01,0,1,0,0.1072,Low,0
SYN-05781,50,0,79,121,82,36.6,98.0,20,20.8,87,220,0.01,0.4,1.11,0,0,0,0.0239,Low,0
SYN-07070,61,1,59,128,81,36.9,98.8,18,27.2,81,225,0.006,7.1,1.17,0,0,0,0.0469,Low,0
SYN-00513,56,1,79,105,81,37.0,97.9,20,25.9,75,237,0.006,2.0,1.34,0,0,0,0.0289,Low,0
SYN-08045,46,1,64,158,92,37.0,98.1,15,34.8,135,229,0.008,2.4,1.0,1,1,0,0.2304,Low,0
SYN-06157,27,0,86,138,81,36.7,98.7,17,22.9,105,167,0.01,2.6,1.05,1,0,0,0.022,Low,0
SYN-02212,70,1,73,146,80,36.9,97.5,17,26.6,110,236,0.011,0.9,1.8,1,0,1,0.7262,High,1
SYN-04994,43,0,73,147,95,36.9,93.5,15,29.4,113,174,0.012,2.5,1.21,1,0,1,0.3712,Moderate,0
SYN-00119,80,0,97,173,94,37.3,97.9,18,37.2,213,235,0.001,0.8,1.44,1,1,0,0.8675,High,1
SYN-07430,71,0,83,179,94,36.4,98.1,15,31.3,235,205,0.022,2.0,1.06,1,1,1,0.9678,High,1
SYN-02792,52,1,82,120,88,37.3,96.8,20,33.5,95,229,0.001,3.4,1.38,0,0,1,0.1059,Low,0
SYN-05638,72,0,76,159,91,36.2,96.2,14,32.3,185,201,0.002,1.0,1.59,1,1,0,0.5924,Moderate,1
SYN-08220,62,0,59,123,73,36.5,99.0,18,27.4,154,199,0.001,2.3,1.07,0,1,0,0.0631,Low,0
SYN-06417,76,1,73,144,79,36.9,97.1,20,27.3,93,252,0.001,2.6,1.72,1,0,0,0.3328,Moderate,0
SYN-03038,52,0,63,143,83,36.8,99.5,17,36.3,183,258,0.005,1.2,1.19,1,1,0,0.2538,Low,0
SYN-02425,56,0,64,113,67,36.3,98.9,14,41.2,101,244,0.001,2.1,0.99,0,0,0,0.0218,Low,0
SYN-03872,38,1,68,104,61,36.7,94.0,16,24.2,252,227,0.004,3.4,1.16,0,1,1,0.1352,Low,0
SYN-02804,38,0,97,111,66,37.2,99.0,16,24.2,99,197,0.009,1.2,0.6,0,0,0,0.0082,Low,0
SYN-08017,63,1,100,132,78,37.2,99.4,10,37.9,190,226,0.007,1.6,1.45,0,1,0,0.305,Moderate,0
SYN-09927,48,1,79,111,70,36.8,98.5,15,26.9,146,245,0.031,3.0,1.48,0,1,0,0.16,Low,0
SYN-08577,25,0,65,110,64,36.3,97.5,20,30.3,83,224,0.002,1.0,1.08,0,0,1,0.01,Low,0
SYN-08044,21,0,73,138,89,37.0,97.8,11,28.5,61,244,1.622,2.2,1.23,1,0,0,1.0,High,1
SYN-06355,79,0,96,151,88,36.0,97.5,18,25.5,95,212,0.007,3.2,1.12,1,0,0,0.3442,Moderate,0
SYN-07040,33,0,76,118,69,36.9,95.9,18,27.0,106,233,0.01,0.2,1.02,0,0,1,0.032,Low,0
SYN-02064,60,1,90,165,89,36.9,98.6,18,32.2,107,204,0.023,1.4,1.39,1,0,1,0.8253,High,1
SYN-03931,37,1,59,117,75,36.6,98.3,14,33.4,202,180,0.006,1.4,1.1,0,1,0,0.0381,Low,0
SYN-03186,32,0,74,123,78,37.1,99.5,16,31.1,114,238,0.001,1.4,1.1,0,0,0,0.0097,Low,0
SYN-09046,51,0,72,110,74,36.7,99.0,18,30.0,154,247,0.006,0.7,1.22,0,1,0,0.0567,Low,0
SYN-07934,42,0,75,116,73,36.6,98.6,15,26.1,71,252,1.139,3.6,0.58,0,0,0,0.9997,High,1
SYN-03405,30,0,49,113,68,36.9,98.3,18,26.8,87,224,0.001,0.9,0.91,0,0,0,0.0033,Low,0
SYN-06808,42,0,72,117,78,36.3,97.9,13,30.1,76,237,0.02,2.0,0.86,0,0,0,0.0173,Low,0
SYN-09524,64,1,74,155,79,36.5,98.4,19,31.4,92,199,0.019,2.2,1.75,1,0,1,0.7728,High,1
SYN-05809,45,1,75,136,78,37.0,95.9,12,22.7,158,188,0.011,1.4,1.54,1,1,1,0.4958,Moderate,0
SYN-09834,51,0,71,139,85,36.2,97.1,15,21.2,72,269,1.413,0.2,1.11,1,0,0,1.0,High,1
SYN-07319,39,1,70,124,71,38.8,97.5,21,28.4,101,262,0.005,22.4,1.2,0,0,1,0.1187,Low,0
SYN-09003,56,0,75,134,80,36.5,97.4,18,24.0,88,209,0.002,0.2,1.22,0,0,0,0.032,Low,0
SYN-00163,88,1,63,173,95,37.1,97.2,16,31.0,73,229,0.005,1.4,1.55,1,0,0,0.5461,Moderate,1
SYN-04325,39,1,70,143,82,36.8,93.6,18,26.6,89,248,0.008,0.4,1.31,1,0,1,0.3292,Moderate,0
SYN-02908,54,1,112,140,77,38.4,91.9,20,30.2,169,243,0.001,24.1,1.31,1,1,1,0.9374,High,1
SYN-00930,55,0,89,144,75,36.5,96.1,19,22.8,89,223,0.001,0.5,1.04,0,0,1,0.1027,Low,0
SYN-01614,55,1,61,117,78,36.8,96.3,15,21.2,98,195,0.001,4.3,1.38,0,0,1,0.0418,Low,0
SYN-03260,49,1,90,133,72,37.4,99.8,18,28.6,172,180,0.002,0.9,1.31,1,1,1,0.4939,Moderate,0
SYN-02472,47,0,90,134,76,36.7,98.0,16,34.1,168,263,1.309,2.4,1.15,1,1,0,1.0,High,1
SYN-00818,58,1,59,113,68,37.2,98.9,14,28.4,95,211,0.003,0.2,1.07,0,0,0,0.0153,Low,0
SYN-08244,78,0,79,146,77,38.1,96.8,17,20.4,74,190,0.013,15.9,1.38,1,0,0,0.3557,Moderate,0
SYN-04748,34,0,94,109,65,37.4,99.2,14,23.1,87,236,0.019,0.5,1.15,0,0,0,0.0118,Low,0
SYN-09638,46,0,61,143,92,36.8,99.2,16,31.0,76,232,0.004,3.2,1.24,1,0,0,0.0436,Low,0
SYN-02861,31,1,73,124,78,37.0,98.2,14,25.8,87,167,0.006,1.2,1.32,0,0,0,0.0083,Low,0
SYN-03228,53,1,91,153,76,36.5,97.6,18,32.5,112,239,0.008,0.7,1.37,1,0,0,0.2569,Low,0
SYN-06228,68,0,90,157,91,37.1,98.6,19,31.1,87,233,0.001,1.5,1.56,1,0,0,0.2787,Low,0
SYN-02255,71,0,90,123,84,39.5,97.8,19,36.4,84,278,0.009,11.3,1.17,0,0,0,0.1954,Low,0
SYN-03057,47,0,70,124,75,36.6,97.7,17,26.0,93,193,0.003,0.2,1.17,0,0,0,0.0149,Low,0
SYN-01341,41,0,68,140,79,37.1,97.6,13,29.1,85,234,0.009,0.4,1.41,1,0,0,0.0447,Low,0
SYN-08446,66,0,69,163,90,36.4,98.5,16,24.3,78,293,0.01,0.5,0.98,1,0,1,0.5452,Moderate,1
SYN-08026,64,0,76,155,92,37.2,98.9,14,26.0,95,211,0.003,0.8,1.51,1,0,0,0.1338,Low,0
SYN-06722,72,1,73,159,80,37.3,97.3,16,31.3,93,223,0.001,2.1,1.49,0,0,0,0.1996,Low,0
SYN-02562,55,0,77,111,60,36.6,99.4,17,25.6,102,280,0.006,2.3,1.35,0,0,0,0.0289,Low,0
SYN-09990,76,0,61,116,73,36.4,99.0,16,19.9,93,212,0.005,0.7,1.23,0,0,0,0.0319,Low,0
SYN-05212,66,1,81,136,86,36.4,97.6,19,25.7,99,231,0.003,0.6,1.43,0,0,0,0.103,Low,0
SYN-09327,65,1,69,139,83,36.8,97.1,17,28.1,89,193,0.001,0.8,1.36,1,0,0,0.1093,Low,0
SYN-07387,65,1,80,163,88,36.4,99.1,14,28.8,187,243,0.016,0.2,1.43,1,1,0,0.6637,High,1
SYN-00411,30,0,57,126,69,36.6,94.5,19,21.9,82,184,0.001,2.7,1.13,1,0,1,0.0559,Low,0
SYN-04548,74,0,70,138,84,36.7,98.3,19,30.6,140,214,0.002,2.4,1.2,1,1,0,0.3304,Moderate,0
SYN-03779,53,0,70,133,85,36.7,98.2,19,30.2,81,196,0.004,0.7,1.09,1,0,0,0.0482,Low,0
SYN-06795,55,0,71,130,69,37.1,99.1,22,23.7,109,197,1.221,8.4,0.75,0,0,0,1.0,High,1
SYN-03034,60,1,76,144,82,37.2,97.8,16,32.4,95,184,0.007,0.6,1.47,1,0,1,0.476,Moderate,0
SYN-01864,70,1,59,128,66,36.8,97.3,14,25.3,99,216,0.003,1.5,1.16,0,0,0,0.0474,Low,0
SYN-03275,23,1,100,114,77,39.1,94.5,19,27.9,95,229,0.006,25.2,1.47,0,0,0,0.0474,Low,0
SYN-09589,55,1,74,140,99,35.9,99.2,17,25.0,95,225,0.005,0.2,1.11,1,0,0,0.0707,Low,0
SYN-00827,54,1,95,153,91,37.3,99.3,12,30.2,178,179,0.002,0.9,1.11,1,1,0,0.2541,Low,0
SYN-04128,49,1,92,150,75,38.3,95.2,18,28.8,90,264,0.011,7.0,1.55,1,0,1,0.6899,High,1
SYN-05504,42,0,75,102,77,36.5,100.0,15,20.8,83,185,0.013,1.0,1.35,0,0,0,0.0068,Low,0
SYN-05446,43,0,60,119,75,36.3,99.7,17,24.0,116,182,0.001,1.0,1.22,0,0,0,0.008,Low,0
SYN-01263,67,1,76,116,68,37.1,97.5,15,19.9,95,198,0.002,3.1,1.46,0,0,1,0.0749,Low,0
SYN-09738,46,0,80,113,71,36.9,99.0,16,28.5,182,277,0.013,0.7,1.12,0,1,0,0.0825,Low,0
SYN-07241,72,1,76,152,78,36.9,99.0,16,27.9,77,212,0.009,0.5,1.61,1,0,0,0.2574,Low,0
SYN-07345,63,0,89,161,82,38.8,97.9,21,34.9,166,250,0.016,27.9,1.33,1,1,0,0.8859,High,1
SYN-02434,56,0,69,143,80,37.0,99.0,19,34.9,101,226,0.016,1.7,1.37,1,0,0,0.1869,Low,0
SYN-06508,56,0,76,145,81,36.5,99.4,16,24.5,104,254,0.001,0.2,1.2,1,0,0,0.071,Low,0
SYN-04835,28,1,78,130,92,37.2,98.7,19,25.0,107,202,0.006,1.7,1.35,1,0,0,0.0268,Low,0
SYN-01315,63,1,79,130,80,37.0,98.4,20,34.9,94,229,0.011,1.3,1.26,0,0,0,0.1225,Low,0
SYN-02352,64,1,72,120,79,37.2,98.0,18,25.7,94,229,0.003,2.4,1.38,0,0,1,0.1004,Low,0
SYN-09458,64,0,83,143,79,36.8,98.3,21,28.7,87,247,0.003,0.8,1.25,1,0,0,0.1609,Low,0
SYN-02251,37,0,66,128,69,36.5,100.0,15,26.5,73,204,0.001,0.2,1.09,0,0,0,0.0057,Low,0
SYN-06752,52,1,71,131,71,37.2,97.3,19,33.4,133,218,0.01,1.7,1.32,0,1,0,0.157,Low,0
SYN-00872,38,1,86,129,65,36.4,97.9,14,30.2,99,199,0.003,1.6,1.44,0,0,0,0.0224,Low,0
SYN-06503,90,0,94,167,86,37.4,98.9,16,29.5,87,223,0.015,1.8,1.17,1,0,0,0.6156,Moderate,1
SYN-05100,38,0,81,135,78,36.7,96.8,15,34.6,192,186,0.006,7.2,1.25,0,1,1,0.2177,Low,0
SYN-04802,63,1,71,135,86,36.5,99.3,15,22.6,103,239,0.019,0.7,1.27,1,0,0,0.1467,Low,0
SYN-03967,38,0,70,125,61,36.7,99.2,17,27.4,88,211,0.004,1.8,0.91,1,0,0,0.0156,Low,0
SYN-08969,60,1,69,138,80,36.9,98.3,22,27.6,95,177,0.017,0.5,1.62,1,0,0,0.2043,Low,0
SYN-02427,88,0,68,135,73,36.4,98.7,16,30.9,84,194,0.003,4.2,1.23,0,0,0,0.1272,Low,0
SYN-02074,50,0,56,132,71,36.6,98.2,15,22.7,103,209,0.022,1.6,1.3,1,0,1,0.2548,Low,0
SYN-00518,43,1,86,153,75,36.8,94.9,13,22.1,94,194,0.002,0.3,1.19,1,0,1,0.2497,Low,0
SYN-05916,59,1,98,155,84,38.3,93.1,19,25.4,107,172,0.011,20.1,1.69,1,0,1,0.8778,High,1
SYN-07289,44,0,106,136,84,37.5,95.2,20,29.4,103,211,0.004,10.9,1.19,0,0,1,0.1732,Low,0
SYN-08518,54,0,92,164,89,36.0,99.8,15,39.2,160,248,0.013,1.3,1.33,1,1,0,0.5549,Moderate,1
SYN-08881,46,1,83,162,87,37.0,99.7,16,31.6,156,206,0.002,1.5,1.41,1,1,0,0.2721,Low,0
SYN-06220,43,1,67,130,82,36.3,99.4,23,30.2,101,233,0.007,0.9,1.38,0,0,0,0.0397,Low,0
SYN-01124,50,0,68,138,67,36.5,99.2,14,28.5,98,186,0.016,1.6,1.29,1,0,0,0.0658,Low,0
SYN-06372,88,1,88,150,90,36.3,98.2,17,29.1,75,279,0.003,1.0,1.53,0,0,1,0.5262,Moderate,1
SYN-09922,86,0,89,152,80,36.2,98.3,15,26.1,198,238,0.001,1.0,1.3,1,1,0,0.6588,High,1
SYN-07023,44,1,60,133,77,36.9,98.3,10,35.7,83,208,0.002,2.5,1.02,0,0,0,0.0144,Low,0
SYN-03195,52,1,66,106,69,37.0,97.2,16,21.1,78,266,0.02,3.0,1.08,0,0,1,0.0558,Low,0
SYN-09443,36,0,89,127,66,36.9,100.0,18,22.7,86,199,0.013,0.8,1.07,0,0,0,0.0144,Low,0
SYN-08317,62,0,56,125,85,36.7,97.9,17,26.1,80,178,0.018,0.4,1.33,0,0,0,0.0425,Low,0
SYN-02243,32,0,77,119,64,36.9,99.2,20,25.7,91,199,0.006,2.8,1.23,0,0,0,0.0099,Low,0
SYN-00731,61,0,68,156,70,37.1,96.4,16,23.6,156,230,0.644,3.1,1.35,1,1,0,1.0,High,1
SYN-05154,76,1,61,111,66,38.4,98.1,17,23.1,69,215,0.002,48.0,1.44,0,0,0,0.1815,Low,0
SYN-08293,47,1,80,107,75,37.0,98.5,18,33.9,85,195,0.013,2.6,1.09,0,0,0,0.0252,Low,0
SYN-08161,45,1,89,147,82,36.1,98.9,17,28.3,86,181,0.011,2.6,1.42,1,0,0,0.1044,Low,0
SYN-09399,42,1,70,109,73,36.2,95.1,17,24.9,169,211,0.01,0.2,1.32,0,1,1,0.1185,Low,0
SYN-01557,42,0,77,118,73,36.2,97.0,15,29.4,108,223,0.001,1.9,0.91,0,0,1,0.0262,Low,0
SYN-05130,55,0,73,103,58,36.5,98.1,14,19.3,105,215,0.008,2.3,1.5,0,0,1,0.0336,Low,0
SYN-06705,38,0,63,128,73,36.7,98.3,12,27.8,75,229,0.397,0.7,0.99,0,0,0,0.9758,High,1
SYN-07530,81,1,86,147,83,37.2,97.0,10,41.9,175,222,0.001,1.3,1.61,0,1,1,0.7299,High,1
SYN-06606,32,0,59,110,69,36.6,98.8,13,26.4,104,152,0.019,0.9,1.27,0,0,0,0.0065,Low,0
SYN-02060,37,0,83,142,92,36.4,98.6,16,32.9,87,196,2.233,1.9,0.87,0,0,0,1.0,High,1
SYN-01831,66,1,91,132,77,36.7,98.8,15,28.6,81,212,0.002,1.6,1.51,0,0,0,0.0734,Low,0
SYN-01944,19,0,74,112,78,37.1,98.5,18,34.2,103,212,0.001,5.1,1.01,0,0,0,0.0049,Low,0
SYN-06896,40,1,75,113,67,36.6,97.9,13,29.0,63,243,0.002,1.0,1.36,0,0,0,0.0097,Low,0
SYN-06285,59,1,96,159,89,37.1,98.4,14,36.5,98,243,0.006,3.8,1.57,1,0,0,0.3446,Moderate,0
SYN-06899,37,0,108,135,72,37.9,93.9,17,28.6,100,226,0.003,12.3,1.09,1,0,1,0.3618,Moderate,0
SYN-07039,72,1,71,147,73,36.8,97.5,13,25.3,100,220,0.316,2.4,1.92,1,0,0,0.9987,High,1
SYN-01274,60,1,81,162,91,37.1,98.5,16,33.3,97,214,0.014,0.6,1.37,1,0,0,0.315,Moderate,0
SYN-01195,85,1,69,140,78,36.9,96.8,18,35.4,98,264,0.001,1.5,1.85,0,1,1,0.6616,High,1
SYN-08774,30,0,87,125,77,36.8,98.1,12,25.1,100,226,0.01,2.3,1.06,1,0,0,0.0187,Low,0
SYN-08085,51,1,94,130,70,37.1,98.7,17,21.3,99,214,0.001,3.4,1.2,0,0,0,0.0327,Low,0
SYN-06837,60,0,69,126,73,36.2,97.7,18,18.5,90,227,0.003,0.5,1.15,0,0,0,0.025,Low,0
SYN-04060,52,0,81,109,65,36.4,97.9,18,27.1,88,170,0.894,1.7,1.08,0,0,0,0.9995,High,1
SYN-02107,76,1,83,167,101,36.6,99.5,13,29.1,87,181,0.017,2.5,1.78,1,0,0,0.4894,Moderate,0
SYN-02946,58,0,76,157,91,36.9,98.2,13,29.7,114,248,0.016,0.2,1.2,1,0,0,0.2151,Low,0
SYN-00038,41,0,78,146,77,37.0,99.0,15,37.2,84,226,0.003,1.9,1.23,1,1,0,0.0949,Low,0
SYN-00804,60,1,83,137,69,36.9,97.8,18,26.9,86,238,0.001,0.3,1.39,1,0,1,0.3856,Moderate,0
SYN-09206,49,1,68,113,63,36.5,99.1,15,28.7,84,214,0.004,0.6,1.26,0,0,0,0.0137,Low,0
SYN-04920,70,1,56,144,100,36.5,97.8,20,32.0,77,258,0.012,1.8,1.84,1,0,0,0.3357,Moderate,0
SYN-00271,42,0,76,152,88,36.7,99.4,16,35.8,96,249,0.013,2.1,1.47,1,0,0,0.1292,Low,0
SYN-03707,51,0,76,132,66,37.0,98.4,17,25.6,109,192,0.003,3.8,1.15,0,0,0,0.0284,Low,0
SYN-06806,47,0,73,132,81,37.0,98.6,21,22.2,186,227,0.012,0.4,0.92,0,1,0,0.1001,Low,0
SYN-07515,69,0,58,149,81,36.7,98.2,18,34.6,142,311,0.005,1.0,1.46,1,1,0,0.4876,Moderate,0
SYN-07135,48,0,73,121,69,37.0,97.7,17,20.6,73,253,0.009,2.6,0.79,0,0,0,0.0151,Low,0
SYN-06967,77,0,76,117,71,36.8,97.6,19,27.5,95,256,0.019,0.7,1.33,0,0,0,0.1553,Low,0
SYN-01609,51,0,73,132,78,36.8,97.9,14,32.6,115,208,0.006,1.6,1.24,0,0,0,0.0382,Low,0
SYN-02129,61,1,70,123,77,36.8,98.4,17,28.4,87,207,0.004,0.6,1.21,0,0,0,0.0356,Low,0
SYN-09287,53,1,99,137,82,38.6,96.7,19,30.4,92,210,0.202,6.8,1.04,0,0,0,0.9802,High,1
SYN-03673,63,1,67,161,84,36.5,95.7,16,35.5,133,288,0.01,4.0,1.51,1,1,1,0.9085,High,1
SYN-07376,42,1,58,128,77,37.0,99.4,16,28.8,76,224,0.002,1.7,1.09,0,0,0,0.0112,Low,0
SYN-06507,45,0,77,119,68,36.6,97.6,25,26.4,90,222,0.006,0.6,0.86,0,0,0,0.0216,Low,0
SYN-03653,68,0,66,122,71,36.8,100.0,17,26.7,162,235,0.023,2.5,1.35,0,1,0,0.2346,Low,0
SYN-02069,62,0,78,111,63,37.0,97.0,18,27.9,84,244,0.004,0.6,1.04,0,0,1,0.0621,Low,0
SYN-09032,90,0,95,138,82,36.9,97.5,14,29.0,216,225,0.023,5.7,1.47,0,1,1,0.8989,High,1
SYN-07317,35,1,74,95,66,36.4,97.9,13,22.8,95,232,0.001,9.9,1.33,0,0,0,0.006,Low,0
SYN-04055,63,1,80,144,87,36.8,97.9,19,27.2,186,245,0.011,1.3,1.75,1,1,0,0.6057,Moderate,1
SYN-00674,33,1,86,127,56,36.7,98.3,17,26.9,79,219,0.008,5.7,1.37,1,0,0,0.0378,Low,0
SYN-02389,72,0,76,173,93,37.1,97.7,19,28.4,98,202,0.002,0.7,0.98,1,0,0,0.2813,Low,0
SYN-08598,63,0,61,154,82,36.8,98.3,18,20.1,110,205,0.011,0.8,1.32,1,0,0,0.1463,Low,0
SYN-01580,60,0,87,164,96,36.8,98.9,18,45.5,143,239,0.002,5.9,1.4,1,1,0,0.609,Moderate,1
SYN-02791,78,1,104,151,90,36.1,98.9,16,40.7,182,210,0.008,4.7,1.46,1,1,0,0.8191,High,1
SYN-06685,50,1,106,161,82,36.7,96.6,15,25.9,200,248,0.008,1.8,1.25,1,1,1,0.8647,High,1
SYN-04649,57,1,66,146,90,36.3,99.2,16,33.0,66,202,0.001,2.5,1.44,1,0,1,0.3055,Moderate,0
SYN-08951,75,0,92,153,82,37.2,97.8,17,26.2,90,220,0.002,0.4,1.49,0,0,0,0.1764,Low,0
SYN-09596,53,0,91,154,79,37.0,100.0,16,32.8,116,211,0.003,0.8,1.34,1,1,0,0.2202,Low,0
SYN-02805,40,1,71,116,72,36.8,98.3,18,27.3,87,260,0.008,1.1,1.34,0,0,0,0.0198,Low,0
SYN-02931,42,1,82,103,71,38.8,97.7,18,23.2,94,197,0.003,8.2,1.34,0,0,0,0.014,Low,0
SYN-09822,33,1,60,87,64,36.2,99.5,11,23.6,108,207,0.003,3.7,0.87,0,0,0,0.0018,Low,0
SYN-03614,47,1,77,124,85,39.4,79.4,27,32.5,111,188,0.012,28.8,1.04,0,0,1,0.708,High,1
SYN-05607,51,0,88,151,76,38.9,92.1,20,23.9,86,276,0.007,22.7,1.25,1,0,1,0.7599,High,1
SYN-06305,70,1,62,122,76,36.7,97.6,16,29.3,99,230,0.001,1.2,1.49,0,0,0,0.0608,Low,0
SYN-09573,50,1,63,115,68,36.8,92.4,23,38.6,84,234,0.01,2.0,1.25,0,0,1,0.1567,Low,0
SYN-05136,49,1,77,149,84,36.7,96.8,16,29.5,156,184,0.004,0.6,1.35,1,1,0,0.237,Low,0
SYN-06365,46,0,70,120,78,36.8,98.1,18,27.8,75,178,0.006,0.7,1.35,1,0,0,0.0253,Low,0
SYN-07143,39,0,95,128,85,36.6,98.7,13,32.6,99,253,0.005,1.8,0.88,0,0,1,0.0412,Low,0
SYN-06898,35,1,95,116,65,36.3,96.6,19,32.2,98,233,0.001,0.6,1.23,0,0,1,0.0447,Low,0
SYN-07855,48,1,57,127,69,36.9,95.6,13,36.3,122,209,0.001,1.9,1.52,0,1,1,0.1306,Low,0
SYN-04575,71,0,78,146,85,36.8,98.3,10,28.1,85,250,0.006,0.2,1.35,1,0,0,0.1446,Low,0
SYN-09290,54,1,81,119,74,36.9,96.1,19,25.4,72,251,0.007,0.2,1.62,0,0,1,0.105,Low,0
SYN-01652,74,1,84,164,80,36.9,93.8,16,31.6,195,242,0.007,0.8,1.69,1,1,1,0.9661,High,1
SYN-04023,32,1,74,106,61,36.3,98.7,13,23.9,87,195,0.01,8.3,1.4,0,0,1,0.0173,Low,0
SYN-04368,51,0,83,119,72,36.6,97.2,19,25.7,186,201,0.022,0.3,0.77,0,1,1,0.2443,Low,0
SYN-05488,43,1,100,127,81,38.8,96.9,15,21.7,93,207,0.001,10.9,1.66,1,0,0,0.0687,Low,0
SYN-02131,56,0,81,150,87,36.1,97.9,16,24.9,83,257,0.02,2.1,0.84,1,0,0,0.1556,Low,0
SYN-01597,59,1,63,110,65,37.4,97.4,11,28.2,97,182,0.007,0.9,1.56,0,0,0,0.0231,Low,0
SYN-00428,82,0,92,143,81,38.7,95.6,16,24.0,99,245,0.001,14.6,1.39,1,0,0,0.4305,Moderate,0
SYN-06755,53,0,63,138,88,36.3,98.2,18,41.8,196,233,0.011,0.8,0.94,1,1,0,0.3297,Moderate,0
SYN-08874,63,0,68,116,63,36.8,97.5,15,18.3,95,216,0.001,4.9,1.07,0,0,0,0.0187,Low,0
SYN-04392,74,1,97,151,82,36.3,98.5,16,31.1,94,245,0.002,2.2,1.67,1,0,0,0.3847,Moderate,0
SYN-06959,42,1,80,129,74,36.6,99.1,19,26.0,80,235,0.01,0.2,1.63,1,0,0,0.0605,Low,0
SYN-05940,64,1,67,121,77,37.1,98.1,18,25.5,91,211,0.002,1.8,0.91,0,0,0,0.03,Low,0
SYN-04608,75,1,59,154,90,36.5,96.9,13,42.9,190,226,0.016,2.4,1.85,1,1,1,0.9578,High,1
SYN-06374,56,1,67,160,99,36.5,100.0,15,24.5,97,242,0.041,0.9,1.22,1,0,0,0.603,Moderate,1
SYN-00888,47,0,52,117,72,36.9,98.1,15,36.5,103,240,0.016,0.9,1.16,0,1,0,0.0483,Low,0
SYN-03708,64,1,78,115,72,38.2,96.5,19,28.1,80,234,0.003,16.3,1.62,0,0,1,0.2028,Low,0
SYN-05703,64,0,66,163,97,36.7,100.0,21,28.2,161,220,0.349,1.6,1.39,1,1,0,0.9996,High,1
SYN-09048,90,1,92,157,89,38.2,92.0,25,25.6,188,264,0.006,8.7,1.21,1,1,1,0.9882,High,1
SYN-06554,52,1,86,123,82,36.7,99.3,19,31.1,159,236,0.002,1.4,1.21,0,1,0,0.1076,Low,0
SYN-05604,60,0,58,121,78,36.6,99.0,17,27.8,85,247,0.004,2.4,1.0,0,0,0,0.0227,Low,0
SYN-04337,56,0,73,156,94,37.0,99.1,13,28.4,95,275,0.011,1.2,1.45,1,0,0,0.162,Low,0
SYN-01814,54,1,78,124,75,37.1,97.2,15,26.8,95,242,0.002,0.7,1.12,0,0,0,0.0304,Low,0
SYN-01152,69,1,64,151,80,36.4,97.3,21,31.7,186,175,0.001,1.4,1.38,1,1,1,0.8334,High,1
SYN-03016,45,1,80,126,66,37.3,97.3,16,28.8,134,263,0.013,0.2,1.53,1,1,0,0.201,Low,0
SYN-01558,66,0,93,150,78,39.0,98.1,21,35.8,77,245,0.01,30.5,1.39,1,0,0,0.6223,Moderate,1
SYN-09920,83,0,84,147,84,35.9,97.0,16,29.5,110,210,0.008,0.8,1.03,0,0,0,0.2276,Low,0
SYN-00272,59,0,77,161,97,36.7,95.7,17,23.9,92,221,0.001,2.0,1.66,1,0,1,0.5376,Moderate,1
SYN-06161,59,1,75,144,87,36.8,96.8,14,36.8,76,206,0.007,1.4,1.4,1,0,1,0.476,Moderate,0
SYN-04104,84,0,90,153,76,37.3,97.8,12,23.2,109,240,0.001,0.7,1.51,1,0,0,0.3128,Moderate,0
SYN-04701,67,0,91,140,87,38.2,99.0,14,22.7,103,248,0.006,34.2,1.05,0,0,0,0.2171,Low,0
SYN-09493,25,0,85,121,71,36.4,97.5,19,15.7,85,176,0.001,0.9,1.11,0,0,0,0.004,Low,0
SYN-01205,44,0,72,126,72,36.6,98.6,10,28.5,116,173,0.001,1.4,1.15,0,0,0,0.0101,Low,0
SYN-00152,37,1,81,158,86,36.5,99.0,16,36.2,146,255,0.001,4.3,1.84,1,1,0,0.2997,Low,0
SYN-09258,67,0,74,155,91,37.0,98.3,15,33.3,202,208,0.005,0.7,1.42,1,1,0,0.5197,Moderate,1
SYN-00898,40,1,103,129,83,36.6,98.5,13,19.5,81,255,0.007,8.2,0.95,0,0,1,0.0487,Low,0
SYN-04494,38,1,76,121,84,36.9,100.0,14,23.8,97,171,0.002,2.9,1.54,1,0,1,0.0771,Low,0
SYN-03452,65,1,88,156,88,36.6,100.0,14,34.1,152,174,0.003,3.0,1.26,1,1,0,0.3949,Moderate,0
SYN-08315,44,1,69,137,87,37.6,95.8,16,32.8,98,226,0.016,21.0,1.39,1,0,0,0.2297,Low,0
SYN-09690,73,0,74,128,71,36.5,95.0,14,24.1,92,205,0.005,2.2,0.85,0,0,0,0.0559,Low,0
SYN-05131,39,0,71,103,63,36.6,97.7,22,24.3,86,240,0.001,0.6,1.28,0,0,1,0.0174,Low,0
SYN-06182,68,0,66,151,89,36.7,99.1,15,35.4,109,254,0.024,2.0,1.54,0,0,0,0.2901,Low,0
SYN-05572,49,0,75,124,71,36.5,98.4,15,20.9,238,200,0.002,0.5,1.02,0,1,0,0.0613,Low,0
SYN-04389,28,0,60,123,75,37.6,96.1,19,22.7,103,214,0.023,18.0,1.07,0,0,0,0.0307,Low,0
SYN-06940,53,1,74,124,71,36.7,99.3,12,34.4,218,179,0.007,1.1,1.48,0,1,0,0.1354,Low,0
SYN-06437,68,0,71,128,74,36.8,97.6,20,23.5,89,227,0.001,0.6,1.42,0,0,0,0.0548,Low,0
SYN-01949,40,0,72,155,97,36.7,97.7,12,26.2,76,162,0.008,5.1,1.2,1,0,0,0.0409,Low,0
SYN-06669,52,0,80,114,67,36.3,99.7,17,22.5,203,197,0.004,0.2,1.12,0,1,0,0.0521,Low,0
SYN-08400,66,1,67,109,66,36.8,98.1,15,15.9,79,205,0.026,0.4,1.31,0,0,1,0.0853,Low,0
SYN-00111,61,1,66,150,83,36.7,98.9,17,31.1,166,231,0.002,2.0,1.59,1,1,0,0.3845,Moderate,0
SYN-08484,72,1,69,116,76,36.8,98.1,18,26.1,94,223,0.011,6.7,1.25,0,0,0,0.0894,Low,0
SYN-08596,51,1,55,122,63,36.8,97.2,19,31.1,191,220,0.005,6.6,1.42,0,1,1,0.2614,Low,0
SYN-02825,54,1,80,129,77,36.5,96.1,12,22.5,97,237,0.001,0.4,0.95,0,0,1,0.0509,Low,0
SYN-09904,60,1,73,122,72,36.6,98.6,18,20.6,79,205,0.003,1.9,1.0,0,0,0,0.0226,Low,0
SYN-03897,32,0,84,130,78,37.2,99.0,17,26.7,103,276,0.003,1.9,1.14,1,0,0,0.0271,Low,0
SYN-02461,34,1,76,163,83,36.2,98.6,16,35.0,172,212,0.01,3.1,1.66,1,1,0,0.3453,Moderate,0
SYN-09235,62,0,81,146,84,36.3,98.1,18,29.3,108,219,0.001,2.1,1.35,1,0,1,0.4661,Moderate,0
SYN-09332,41,0,65,144,83,37.0,97.7,12,35.4,75,217,0.005,1.8,0.97,1,0,1,0.1419,Low,0
SYN-08458,45,1,70,109,63,36.2,98.2,18,19.0,91,230,0.62,4.7,1.22,0,0,0,0.9975,High,1
SYN-01946,25,1,54,96,76,36.9,98.5,18,28.9,177,218,0.009,0.3,1.26,0,1,0,0.0142,Low,0
SYN-07069,53,0,75,150,77,36.3,98.6,15,25.1,190,202,0.731,0.8,1.25,1,1,0,0.9999,High,1
SYN-03059,43,0,86,149,91,38.5,95.3,19,36.0,100,178,0.005,33.5,0.88,1,0,0,0.263,Low,0
SYN-04090,66,1,83,174,102,36.4,98.0,17,23.0,146,204,0.002,0.4,1.45,1,1,0,0.5159,Moderate,1
SYN-09378,51,0,70,118,70,36.6,97.2,18,27.3,99,204,0.007,6.0,1.13,0,0,1,0.0566,Low,0
SYN-09057,86,1,98,167,86,39.6,96.9,16,32.1,166,211,0.005,8.7,1.24,1,1,0,0.8661,High,1
SYN-02460,23,1,72,111,79,36.5,97.0,18,30.9,100,194,0.001,2.3,1.01,0,0,1,0.0116,Low,0
SYN-02432,70,1,77,119,75,36.9,98.9,18,19.6,237,237,0.002,0.2,1.51,0,1,0,0.2325,Low,0
SYN-06941,41,1,46,106,73,36.7,97.8,18,23.1,196,255,0.008,2.5,1.1,0,1,1,0.075,Low,0
SYN-00539,18,1,61,102,67,36.6,100.0,16,17.8,85,211,0.191,1.5,1.18,0,0,0,0.382,Moderate,0
SYN-00206,53,1,54,120,70,36.3,97.5,13,28.7,189,245,0.013,2.4,1.66,0,1,0,0.1444,Low,0
SYN-09947,20,1,94,104,65,36.1,98.5,17,16.3,90,192,0.009,1.6,1.46,0,0,0,0.0047,Low,0
SYN-08377,25,0,59,115,66,36.8,98.3,18,27.9,92,200,0.012,2.2,1.16,0,0,0,0.0064,Low,0
SYN-04730,49,0,75,133,77,36.6,95.9,15,25.6,74,198,0.017,1.9,1.17,0,0,1,0.0805,Low,0
SYN-00330,46,1,91,159,89,36.7,98.5,15,31.5,98,164,0.001,1.9,1.43,1,0,0,0.1049,Low,0
SYN-02672,77,0,80,158,102,36.3,97.7,18,28.2,87,208,0.001,1.3,1.15,1,0,0,0.2473,Low,0
SYN-00773,58,0,67,131,86,36.9,97.6,13,30.2,168,265,0.012,1.1,1.13,0,1,0,0.1528,Low,0
SYN-00300,59,0,81,113,61,36.6,96.4,16,24.1,93,258,0.006,3.3,1.36,0,0,1,0.0828,Low,0
SYN-08701,32,0,66,138,78,37.3,98.1,18,31.4,86,235,0.003,2.0,1.12,1,0,0,0.0258,Low,0
SYN-07572,64,0,75,131,70,36.8,99.3,17,32.8,101,253,0.004,0.7,1.24,0,0,0,0.0656,Low,0
SYN-00704,53,0,63,140,77,36.5,97.7,14,21.4,68,210,0.002,0.5,1.23,1,0,0,0.0297,Low,0
SYN-00975,38,0,70,153,83,37.0,98.7,14,30.1,90,232,0.002,0.5,1.15,1,0,0,0.0366,Low,0
SYN-02189,86,1,83,172,94,36.5,97.5,16,33.3,173,272,0.005,1.3,1.39,1,1,0,0.868,High,1
SYN-05839,53,1,70,129,84,37.2,97.1,20,28.6,156,218,0.009,5.3,1.23,0,1,1,0.3032,Moderate,0
SYN-06645,45,1,81,120,69,37.1,98.1,14,31.0,80,227,0.007,2.7,1.28,0,0,0,0.0242,Low,0
SYN-03369,59,1,84,152,80,37.0,100.0,16,31.7,100,281,0.012,0.8,1.27,1,0,0,0.2487,Low,0
SYN-03885,42,0,84,131,71,36.5,92.5,15,24.0,101,235,0.003,1.5,0.98,0,0,1,0.0578,Low,0
SYN-08209,39,1,113,130,70,39.4,92.6,20,26.8,89,235,0.006,20.3,1.58,1,0,0,0.2633,Low,0
SYN-01460,60,1,66,150,86,36.5,97.4,18,39.9,76,245,0.004,1.5,1.65,1,0,0,0.2385,Low,0
SYN-02541,62,1,80,158,88,36.2,98.1,17,33.0,80,237,0.315,0.6,1.39,0,0,0,0.9975,High,1
SYN-06141,81,0,77,118,74,35.9,95.4,19,21.6,97,212,0.301,1.5,1.38,0,0,0,0.9953,High,1
SYN-05378,49,1,81,119,68,36.7,96.9,16,24.8,96,182,0.001,1.6,1.66,0,0,0,0.025,Low,0
SYN-02783,62,0,71,112,69,37.2,99.6,12,30.1,142,156,0.001,1.1,0.9,0,1,0,0.0281,Low,0
SYN-03387,54,0,81,125,79,36.7,98.9,15,21.8,96,216,1.673,0.2,1.23,0,0,0,1.0,High,1
SYN-01871,68,0,84,153,93,36.8,98.1,17,27.7,230,237,0.009,1.1,1.15,1,1,0,0.6248,Moderate,1
SYN-06367,81,1,63,137,76,36.8,96.1,15,21.3,89,253,0.024,1.2,1.64,0,0,1,0.4614,Moderate,0
SYN-09616,85,0,78,168,86,37.2,97.9,15,25.6,92,260,0.001,0.3,1.19,1,0,0,0.3678,Moderate,0
SYN-07942,62,1,72,133,80,37.0,99.0,15,29.5,65,216,1.791,0.6,1.31,0,0,0,1.0,High,1
SYN-03295,45,0,71,118,68,36.8,98.8,15,35.3,231,209,0.001,0.9,0.88,0,1,0,0.0566,Low,0
SYN-08489,43,0,86,126,66,36.9,97.6,19,27.7,74,207,0.024,1.1,1.27,0,0,0,0.0472,Low,0
SYN-06186,31,1,66,109,60,36.7,97.7,14,30.6,198,269,0.002,1.2,1.24,0,1,0,0.0312,Low,0
SYN-08413,42,1,62,143,72,36.7,97.8,19,36.3,190,233,0.001,1.1,1.4,0,1,0,0.1493,Low,0
SYN-00194,77,0,73,138,70,37.1,96.1,13,19.8,101,243,0.018,8.0,1.1,0,0,1,0.3156,Moderate,0
SYN-06322,50,1,72,141,82,36.6,98.1,19,32.7,77,210,0.003,1.6,1.25,0,0,0,0.0465,Low,0
SYN-00503,42,1,85,141,84,36.7,99.4,13,30.8,108,193,0.017,0.9,1.53,1,0,0,0.099,Low,0
SYN-09499,71,1,94,140,81,37.1,93.4,16,33.1,153,211,0.011,1.3,1.72,1,1,1,0.9267,High,1
SYN-01546,50,0,82,127,73,38.1,91.4,18,31.5,172,201,0.028,7.1,0.77,0,1,0,0.3454,Moderate,0
SYN-04030,57,1,67,134,78,36.7,98.6,14,29.3,156,174,0.393,0.2,1.19,0,1,0,0.998,High,1
SYN-04818,52,0,89,160,87,36.9,99.2,18,29.1,88,251,0.001,3.1,0.99,1,0,0,0.1178,Low,0
SYN-00153,27,0,69,130,78,36.5,98.3,16,21.1,135,190,0.008,0.5,1.03,1,1,0,0.0265,Low,0
SYN-06101,49,0,73,141,79,36.4,98.2,14,25.9,139,237,0.015,1.2,1.18,1,1,0,0.1778,Low,0
SYN-01101,72,1,94,119,76,38.2,97.1,16,18.5,107,193,0.001,7.3,1.22,0,0,0,0.0686,Low,0
SYN-05077,61,0,97,137,74,36.7,98.8,18,28.6,97,227,0.002,2.6,1.31,1,0,0,0.1301,Low,0
SYN-09346,52,1,75,127,75,37.3,100.0,13,29.9,108,232,0.001,1.3,1.67,0,0,0,0.0328,Low,0
SYN-01779,36,0,80,130,90,36.9,98.1,16,36.8,82,245,0.017,1.2,0.77,0,0,0,0.0272,Low,0
SYN-04027,44,0,76,133,69,36.5,99.4,18,32.4,156,260,0.012,1.1,1.27,1,1,0,0.1907,Low,0
SYN-08677,18,1,75,109,60,36.5,96.8,15,32.6,107,229,0.018,3.6,0.94,0,0,0,0.0103,Low,0
SYN-07351,76,1,65,147,93,36.7,95.9,16,31.0,88,270,0.005,1.8,1.3,0,0,0,0.207,Low,0
SYN-08663,57,0,74,140,86,36.6,97.9,17,18.5,102,217,0.023,4.5,1.54,0,0,0,0.1097,Low,0
SYN-02777,63,1,70,133,79,36.4,98.9,16,36.1,162,213,0.002,3.1,1.52,0,1,0,0.2085,Low,0
SYN-08494,65,1,70,151,87,36.9,98.3,15,37.0,85,260,0.001,0.6,1.08,1,0,1,0.4968,Moderate,0
SYN-06358,66,0,76,137,82,37.7,99.3,15,31.6,100,223,0.003,2.1,1.14,1,0,0,0.1023,Low,0
SYN-09088,45,1,69,146,86,36.7,93.6,14,34.0,92,203,0.004,0.6,1.53,1,0,1,0.3727,Moderate,0
SYN-01154,45,0,76,145,71,38.6,97.1,14,28.9,143,221,1.315,6.8,1.31,1,1,0,1.0,High,1
SYN-00627,47,1,83,124,71,37.2,96.6,13,29.2,93,227,0.002,0.3,1.23,0,0,1,0.0502,Low,0
SYN-04547,18,0,59,89,59,36.4,96.8,20,20.4,101,205,0.01,9.0,0.73,0,0,0,0.0022,Low,0
SYN-00946,48,0,72,142,77,36.8,99.3,16,26.1,102,224,0.012,0.4,1.17,1,0,0,0.0652,Low,0
SYN-03098,43,1,71,139,87,36.5,97.4,17,25.0,79,206,0.002,2.0,1.41,1,0,1,0.1828,Low,0
SYN-04182,55,0,84,138,74,36.9,98.2,16,32.4,79,250,0.001,1.1,1.07,0,0,0,0.0423,Low,0
SYN-09656,18,1,93,134,75,36.2,98.0,17,19.8,102,183,0.002,0.2,1.2,1,0,0,0.0123,Low,0
SYN-01860,32,1,79,123,60,36.4,98.5,12,27.3,100,215,0.005,1.1,1.01,0,0,1,0.0185,Low,0
SYN-01239,64,1,77,158,87,36.9,97.7,17,32.8,75,207,0.005,2.6,1.11,0,0,0,0.1304,Low,0
SYN-08747,77,1,63,153,78,36.4,98.1,17,29.2,81,244,0.026,4.1,1.58,1,0,0,0.5393,Moderate,1
SYN-09788,57,0,69,132,71,36.4,99.0,17,38.0,126,269,0.007,4.4,1.3,0,1,0,0.1621,Low,0
SYN-09457,47,0,81,117,70,36.5,97.6,15,35.4,204,233,0.175,1.4,0.89,0,1,1,0.9834,High,1
SYN-00317,55,0,63,114,71,36.5,98.2,12,30.7,99,241,0.016,3.1,0.67,0,0,0,0.0223,Low,0
SYN-01271,79,0,97,147,91,36.9,96.1,19,20.9,95,200,0.012,0.4,1.77,1,0,0,0.4434,Moderate,0
SYN-04174,42,0,88,136,77,36.9,98.2,21,36.1,92,220,0.01,2.2,1.42,0,0,0,0.0671,Low,0
SYN-03075,74,1,65,145,79,37.0,97.9,11,32.7,215,232,0.003,1.4,1.39,0,1,0,0.3824,Moderate,0
SYN-00698,39,0,65,139,75,37.0,97.9,17,30.9,93,256,0.005,1.3,1.2,1,0,1,0.1824,Low,0
SYN-04714,40,1,87,117,59,37.1,99.9,16,30.3,80,187,0.318,1.9,1.41,0,0,0,0.9716,High,1
SYN-00033,46,1,88,124,73,37.1,97.4,16,35.6,87,221,0.008,5.1,1.02,0,0,1,0.0872,Low,0
SYN-03747,27,0,89,107,72,37.0,98.1,17,19.8,84,166,0.012,0.2,0.9,0,0,1,0.0086,Low,0
SYN-05702,72,1,66,145,92,36.8,97.6,14,23.9,157,194,0.001,0.4,1.23,1,1,1,0.6523,High,1
SYN-08802,67,0,74,148,73,38.0,97.4,17,23.3,78,243,0.003,11.5,1.53,1,0,0,0.2085,Low,0
SYN-08425,53,1,62,150,88,36.8,99.0,15,21.7,151,239,0.011,0.8,1.38,1,1,0,0.2309,Low,0
SYN-03485,68,0,83,131,82,36.5,97.5,16,19.9,238,204,0.006,1.2,1.32,1,1,0,0.3823,Moderate,0
SYN-08870,46,0,67,133,75,36.3,99.3,19,33.2,210,253,0.006,1.9,1.22,0,1,0,0.1406,Low,0
SYN-08813,61,0,94,133,84,36.8,97.6,11,30.1,159,211,0.004,0.7,1.27,0,1,0,0.1421,Low,0
SYN-04636,35,1,88,130,76,36.8,98.2,16,30.7,94,216,0.02,0.9,1.1,0,0,0,0.0377,Low,0
SYN-02962,54,1,87,135,77,36.9,98.6,14,15.2,125,202,0.009,0.4,1.06,0,0,0,0.0368,Low,0
SYN-02297,90,1,93,138,82,36.5,96.5,16,26.2,80,211,0.005,0.2,1.7,0,0,0,0.2951,Low,0
SYN-05007,28,0,52,138,75,36.7,99.6,23,29.1,198,250,0.006,0.2,1.3,1,1,0,0.0972,Low,0
SYN-06193,33,1,76,133,80,36.7,96.9,16,30.4,99,206,0.007,4.1,1.34,0,0,1,0.0555,Low,0
SYN-02974,45,0,88,155,86,36.4,98.3,16,32.8,99,189,0.001,1.1,1.38,1,0,0,0.0862,Low,0
SYN-09824,55,0,78,153,91,37.3,99.9,16,38.6,109,227,0.017,2.5,1.31,1,0,0,0.2459,Low,0
SYN-04263,47,0,74,125,78,36.5,99.2,13,22.9,92,176,0.008,1.2,0.68,0,0,0,0.009,Low,0
SYN-07189,39,1,79,137,80,36.6,97.9,19,32.8,73,206,0.014,0.6,1.3,0,0,0,0.0445,Low,0
SYN-00722,72,0,63,126,77,36.4,98.3,16,28.4,79,237,0.007,3.2,1.07,0,0,0,0.0547,Low,0
SYN-09909,34,0,72,132,76,36.3,99.3,19,27.7,97,154,0.007,1.7,1.02,0,0,0,0.0111,Low,0
SYN-03648,48,1,66,115,64,36.7,97.0,17,29.4,88,178,0.003,6.2,0.97,0,0,0,0.0164,Low,0
SYN-08706,46,0,90,135,79,36.8,98.5,17,33.4,185,234,0.002,3.5,1.21,1,1,0,0.2154,Low,0
SYN-01819,62,1,60,130,76,36.3,98.0,15,27.3,87,226,0.005,0.9,1.19,0,0,1,0.0796,Low,0
SYN-07710,40,1,84,126,79,36.6,96.0,18,26.3,96,216,0.017,0.2,1.45,0,0,1,0.1019,Low,0
SYN-00383,28,1,67,123,68,36.2,94.0,14,32.0,161,218,0.001,1.1,1.1,0,1,1,0.0656,Low,0
SYN-09514,49,1,89,121,71,37.3,98.4,14,28.9,257,220,0.006,4.0,1.35,0,1,0,0.1926,Low,0
SYN-06180,37,0,65,130,88,36.3,97.9,16,22.6,104,174,0.005,1.2,1.05,1,0,0,0.0158,Low,0
SYN-01478,31,1,58,129,80,36.6,99.2,17,29.7,96,209,0.032,3.3,1.61,1,0,0,0.0722,Low,0
SYN-08539,73,1,60,119,64,36.6,93.0,17,24.1,106,214,0.001,0.2,1.41,0,0,1,0.1476,Low,0
SYN-07191,46,0,54,107,72,37.1,98.6,12,27.6,84,190,0.001,5.3,0.99,0,0,0,0.0047,Low,0
SYN-03037,56,1,56,111,66,36.6,98.9,19,26.6,150,222,0.001,1.5,1.69,0,1,0,0.063,Low,0
SYN-05743,63,1,72,154,82,36.7,98.7,20,38.8,95,267,0.008,0.6,1.68,1,1,0,0.5326,Moderate,1
SYN-07593,56,1,48,120,78,36.9,99.5,16,29.2,60,219,0.008,2.5,1.35,0,0,0,0.02,Low,0
SYN-05972,57,0,77,125,75,36.8,97.5,17,29.3,102,175,0.023,0.2,0.56,0,0,0,0.0465,Low,0
SYN-01888,57,0,106,150,75,37.3,86.6,26,36.5,99,203,0.017,12.0,1.24,1,0,0,0.7659,High,1
SYN-04280,39,0,105,144,88,36.7,99.3,15,26.9,176,181,0.004,2.1,1.11,1,1,0,0.1355,Low,0
SYN-04044,31,1,66,122,71,36.9,98.6,15,27.1,86,222,0.013,0.2,0.97,0,0,0,0.0096,Low,0
SYN-01538,27,1,63,121,72,36.9,98.4,15,26.4,103,233,0.009,0.7,1.35,0,0,0,0.0098,Low,0
SYN-05484,77,0,78,162,103,36.3,97.9,14,30.4,200,214,0.001,1.3,1.32,1,1,0,0.6096,Moderate,1
SYN-00826,54,1,102,133,89,38.5,95.0,20,25.8,175,225,0.001,7.1,1.23,0,1,0,0.2767,Low,0
SYN-05250,40,1,86,129,73,36.6,98.5,14,26.6,75,194,0.005,2.6,1.28,0,0,0,0.0171,Low,0
SYN-09007,62,0,71,113,69,37.2,98.7,15,25.9,183,247,0.001,1.9,1.37,0,1,0,0.0844,Low,0
SYN-05155,65,0,74,120,66,36.4,98.1,19,33.7,107,222,0.001,0.7,1.32,0,0,0,0.055,Low,0
SYN-04362,59,0,79,149,84,36.7,97.8,20,23.3,96,233,0.006,0.2,1.02,1,0,0,0.121,Low,0
SYN-00615,41,0,80,106,70,36.9,97.9,19,21.1,103,238,0.006,0.9,1.09,0,0,0,0.0107,Low,0
SYN-02737,39,1,77,147,74,36.4,99.1,17,26.8,230,258,0.003,1.4,1.21,0,1,0,0.1542,Low,0
SYN-00821,46,1,77,114,77,36.6,98.9,19,28.6,110,205,0.001,0.6,1.31,0,0,0,0.0189,Low,0
SYN-01465,70,0,57,129,67,37.0,98.4,15,15.0,92,208,0.007,0.2,1.02,0,0,0,0.0256,Low,0
SYN-07883,55,1,74,120,69,36.7,99.0,15,29.5,200,228,0.01,2.6,1.6,0,1,0,0.1774,Low,0
SYN-03286,70,0,82,136,77,37.0,97.0,17,18.1,106,245,0.002,3.7,1.16,0,0,0,0.0786,Low,0
SYN-05734,55,1,56,122,79,36.1,97.6,14,20.1,101,216,0.009,0.6,1.48,0,0,0,0.0257,Low,0
SYN-07213,57,1,61,116,73,37.5,96.0,21,27.0,97,237,0.005,0.2,1.18,0,0,0,0.0392,Low,0
SYN-05614,77,1,72,143,76,36.0,98.7,15,31.1,86,205,0.001,5.6,1.31,0,0,0,0.1263,Low,0
SYN-02678,62,1,69,129,83,37.1,97.4,15,24.9,106,150,0.004,0.7,1.54,0,0,1,0.0874,Low,0
SYN-08337,73,0,73,120,68,36.2,97.1,19,30.3,94,196,0.002,1.8,1.47,0,0,0,0.0728,Low,0
SYN-08365,58,1,64,108,73,37.2,98.7,17,19.8,96,211,0.006,0.9,1.46,0,0,1,0.0403,Low,0
SYN-09027,62,1,82,129,75,37.1,98.2,18,28.7,95,179,0.002,1.8,1.14,0,0,0,0.0492,Low,0
SYN-01754,45,1,80,111,63,36.8,97.1,17,21.7,104,246,0.008,1.1,0.75,0,0,0,0.0159,Low,0
SYN-06388,30,1,65,134,80,36.7,96.8,17,23.4,107,263,0.003,0.5,1.02,1,0,0,0.0236,Low,0
SYN-03589,41,1,100,134,83,36.9,97.9,17,30.9,151,190,0.002,1.4,1.47,0,1,0,0.1038,Low,0
SYN-07755,59,0,73,163,90,36.4,98.9,15,31.6,169,204,0.004,3.6,1.23,1,1,1,0.745,High,1
SYN-02536,71,1,78,139,80,36.9,91.9,21,21.8,79,165,0.008,2.0,1.16,0,0,1,0.2781,Low,0
SYN-08108,70,0,74,132,90,36.6,97.2,19,24.3,83,223,0.004,2.2,1.09,0,0,0,0.065,Low,0
SYN-01019,49,1,114,150,92,38.9,96.7,21,28.4,115,187,0.008,7.7,1.37,1,0,0,0.3117,Moderate,0
SYN-09843,26,1,70,124,83,36.7,99.1,17,33.4,97,249,0.019,1.0,1.33,0,0,0,0.023,Low,0
SYN-00502,68,1,81,146,86,36.6,96.7,19,20.6,97,190,0.008,0.2,1.42,0,0,1,0.2476,Low,0
SYN-08840,62,0,104,131,82,36.8,97.9,17,26.2,90,200,0.001,1.4,0.77,0,0,0,0.0419,Low,0
SYN-01232,36,0,78,99,65,37.3,99.6,12,18.1,100,174,0.004,0.2,1.15,0,0,0,0.0025,Low,0
SYN-00210,49,0,64,128,77,36.1,98.2,22,25.2,92,217,0.003,3.0,1.17,0,0,0,0.0244,Low,0
SYN-08875,52,0,83,123,76,36.9,96.8,14,26.2,99,214,0.005,2.1,0.94,0,0,0,0.0235,Low,0
SYN-00840,49,1,67,151,87,36.9,98.3,20,26.4,90,278,0.015,1.0,1.51,1,0,1,0.5389,Moderate,1
SYN-02290,29,1,79,119,67,36.4,96.7,16,24.7,60,183,0.003,1.3,1.04,0,0,1,0.0118,Low,0
SYN-02175,59,0,75,125,68,36.3,98.2,10,28.6,87,198,0.018,0.2,1.06,0,0,1,0.0699,Low,0
SYN-08420,61,1,58,136,79,36.6,97.9,14,31.5,152,260,0.002,0.8,1.42,0,1,0,0.1492,Low,0
SYN-03806,18,1,83,97,66,37.3,96.9,18,22.9,94,195,0.009,0.9,0.99,0,0,0,0.0035,Low,0
SYN-01610,48,0,68,162,92,36.9,98.7,15,37.9,189,233,0.037,0.7,1.06,1,1,0,0.6205,Moderate,1
SYN-04141,52,1,83,129,69,36.5,99.5,16,27.9,95,197,0.015,0.2,1.51,1,0,0,0.0927,Low,0
SYN-08013,56,0,80,154,82,36.6,97.5,16,39.3,99,244,0.001,1.2,1.13,1,0,0,0.1612,Low,0
SYN-05135,45,1,49,125,70,36.6,99.2,15,24.0,100,227,0.002,1.2,1.23,0,0,0,0.0111,Low,0
SYN-06052,48,0,66,123,62,36.2,97.6,16,26.3,98,205,0.013,0.3,1.04,0,0,0,0.0215,Low,0
SYN-07234,43,1,82,100,67,36.5,98.5,13,22.3,89,250,0.003,2.6,1.12,0,0,0,0.0077,Low,0
SYN-04129,51,0,91,152,88,36.5,98.4,15,34.3,211,226,0.015,0.7,1.22,1,1,0,0.5015,Moderate,1
SYN-09185,42,1,75,117,83,37.0,98.5,17,28.5,231,216,0.012,0.4,0.98,0,1,0,0.094,Low,0
SYN-01768,67,1,98,152,91,36.8,99.4,13,26.0,87,252,0.006,0.3,1.31,1,0,0,0.2108,Low,0
SYN-09877,37,0,66,112,63,36.3,98.9,11,20.9,100,277,0.283,0.2,1.0,0,0,0,0.8832,High,1
SYN-07255,56,0,88,140,87,37.3,94.4,12,34.1,169,258,0.012,1.7,1.35,0,1,1,0.5114,Moderate,1
SYN-02382,67,0,89,128,76,36.3,98.9,14,29.5,97,226,0.019,0.3,0.94,0,0,1,0.1692,Low,0
SYN-02358,59,0,74,122,72,36.5,98.9,12,25.7,86,259,0.013,1.9,1.28,0,0,0,0.037,Low,0
SYN-01366,60,1,83,141,72,36.4,97.2,17,32.7,196,234,0.021,2.6,1.22,1,1,0,0.6363,Moderate,1
SYN-09103,42,0,76,128,72,36.5,98.9,10,31.7,77,235,0.002,5.9,0.7,0,0,0,0.0098,Low,0
SYN-07333,48,1,104,135,78,38.1,91.8,23,26.5,177,194,0.001,29.4,1.24,1,1,0,0.6558,High,1
SYN-07614,46,1,60,154,80,36.2,97.1,13,31.0,98,254,0.016,2.1,1.5,1,0,0,0.1591,Low,0
SYN-06025,33,0,60,129,74,36.6,94.8,17,17.7,123,188,0.003,3.1,1.23,1,0,1,0.0887,Low,0
SYN-02616,43,0,58,137,88,36.9,97.9,17,23.4,95,192,0.002,2.3,0.88,0,0,0,0.0116,Low,0
SYN-02788,53,1,77,120,70,36.6,98.8,21,24.0,68,182,0.017,1.0,1.41,0,0,0,0.0411,Low,0
SYN-07269,84,1,69,164,92,36.9,96.2,20,21.5,111,229,0.009,2.4,1.63,1,0,0,0.5984,Moderate,1
SYN-02269,24,1,79,128,67,36.9,97.0,15,37.9,161,292,0.001,3.0,0.77,0,1,0,0.0416,Low,0
SYN-02353,53,1,83,149,91,36.2,96.5,17,34.5,98,223,0.003,0.7,1.59,1,0,0,0.1923,Low,0
SYN-02519,63,0,86,120,71,36.8,98.1,20,19.1,90,217,0.004,1.1,1.39,0,0,0,0.0405,Low,0
SYN-09271,53,0,91,120,75,36.9,97.7,19,18.8,94,134,1.776,1.7,0.95,0,1,0,1.0,High,1
SYN-01438,18,0,109,104,65,39.9,98.9,23,23.0,109,181,0.006,14.6,1.03,0,0,0,0.0091,Low,0
SYN-03763,59,1,58,107,70,37.5,99.2,16,18.4,100,215,0.018,1.3,1.23,0,0,0,0.0238,Low,0
SYN-03242,40,0,72,112,74,36.7,99.2,17,25.2,84,217,0.007,1.9,0.93,0,0,0,0.0076,Low,0
SYN-09270,53,0,74,127,79,36.8,98.1,17,20.9,101,152,0.016,1.8,1.22,0,0,0,0.0313,Low,0
SYN-03597,47,1,73,135,79,36.1,96.7,16,35.5,171,220,0.004,2.9,1.15,0,1,1,0.2554,Low,0
SYN-01225,40,0,100,120,75,39.7,94.4,18,22.6,101,215,0.015,11.7,1.26,1,0,0,0.1002,Low,0
SYN-06382,40,0,78,140,77,36.0,98.5,15,28.8,83,188,0.001,1.8,1.17,0,0,0,0.0153,Low,0
SYN-02901,45,1,61,129,80,36.7,99.3,16,30.2,81,233,0.001,0.8,1.07,0,0,0,0.0143,Low,0
SYN-01387,74,0,96,123,65,36.6,99.4,20,17.4,98,252,0.014,0.2,1.3,0,0,0,0.1124,Low,0
SYN-07380,50,0,70,125,74,36.5,98.9,14,23.9,83,245,0.003,0.2,0.94,0,0,0,0.0121,Low,0
SYN-06119,46,1,81,126,82,36.8,96.4,20,24.4,98,222,0.005,0.4,1.58,0,0,0,0.0438,Low,0
SYN-01031,73,1,81,140,83,36.9,98.4,15,31.2,105,237,0.01,1.7,1.58,1,0,1,0.6976,High,1
SYN-05778,57,1,96,123,81,36.7,97.8,17,30.8,83,229,0.005,1.5,1.6,0,0,1,0.1409,Low,0
SYN-04216,76,0,85,148,87,37.1,97.7,13,29.4,109,187,0.003,0.2,1.28,0,0,0,0.1282,Low,0
SYN-07128,41,1,63,116,68,36.9,99.2,15,29.5,215,152,0.003,0.2,0.9,0,1,0,0.0291,Low,0
SYN-07644,41,0,80,144,84,36.8,99.0,16,30.5,87,155,0.002,4.9,1.2,1,0,0,0.0365,Low,0
SYN-05862,73,1,68,125,76,36.2,97.2,16,26.5,108,207,0.008,1.4,1.45,0,0,0,0.0994,Low,0
SYN-01340,51,0,79,112,68,36.8,98.7,16,15.0,91,180,0.004,0.4,1.41,0,0,1,0.0207,Low,0
SYN-08132,51,1,66,136,84,37.2,99.2,21,27.4,83,190,0.008,0.7,1.21,0,0,0,0.0373,Low,0
SYN-08119,32,0,79,116,60,36.3,100.0,16,26.0,185,214,4.8,2.3,0.89,0,1,1,1.0,High,1
SYN-07516,52,1,90,142,78,36.6,98.6,14,30.2,195,193,0.002,1.4,1.39,1,1,0,0.2728,Low,0
SYN-00906,87,1,83,121,83,36.4,98.5,17,18.3,81,271,0.014,2.5,1.52,0,0,1,0.3362,Moderate,0
SYN-09239,51,1,51,133,80,36.8,98.9,14,26.3,191,173,0.019,1.0,1.27,0,1,0,0.1148,Low,0
SYN-09211,53,1,70,135,72,36.3,93.0,22,24.0,75,273,0.008,0.2,1.38,0,0,1,0.1833,Low,0
SYN-07042,72,0,95,160,89,36.9,98.1,19,30.7,67,252,0.003,1.9,0.94,1,0,0,0.2777,Low,0
SYN-00755,83,1,71,163,92,37.2,99.4,19,28.0,75,271,0.002,0.5,1.38,1,0,0,0.3896,Moderate,0
SYN-09591,43,1,66,112,60,36.4,99.0,15,31.1,195,260,0.694,1.6,1.45,0,1,0,0.9997,High,1
SYN-06596,46,0,108,148,77,36.6,98.3,16,30.0,85,211,0.014,4.5,0.93,1,0,0,0.1283,Low,0
SYN-05353,70,1,74,144,87,36.4,99.5,15,21.2,88,240,0.001,3.0,1.79,1,0,0,0.1552,Low,0
SYN-00043,43,0,58,126,76,36.6,96.8,18,24.3,100,208,0.01,0.5,1.11,0,0,1,0.0369,Low,0
SYN-06251,50,0,82,108,62,36.7,99.2,22,22.6,115,240,0.004,0.6,1.28,0,1,0,0.0386,Low,0
SYN-02831,39,1,80,137,80,37.0,98.6,15,31.3,231,262,0.007,1.0,1.46,0,1,0,0.1843,Low,0
SYN-04775,50,1,52,148,76,36.6,91.4,18,35.1,148,243,0.009,1.8,1.26,1,1,1,0.7819,High,1
SYN-02357,56,0,73,126,85,36.5,100.0,16,31.1,78,280,0.015,1.5,1.05,0,0,0,0.045,Low,0
SYN-07273,31,0,72,109,59,37.2,98.4,16,19.7,99,191,0.015,0.2,0.86,0,0,0,0.0051,Low,0
SYN-05522,64,1,62,141,89,36.6,99.3,11,26.4,110,216,2.245,0.8,1.43,0,1,0,1.0,High,1
SYN-09724,67,1,60,121,68,36.7,94.9,14,28.4,190,247,0.011,0.7,1.52,0,1,1,0.4465,Moderate,0
SYN-04390,80,0,61,165,85,36.8,98.2,18,28.2,97,223,0.002,2.7,1.54,1,0,0,0.3497,Moderate,0
SYN-01463,40,0,66,101,59,36.6,97.0,18,32.0,90,246,0.011,3.5,1.34,0,0,1,0.034,Low,0
SYN-07951,31,0,95,101,60,36.8,96.2,20,21.6,86,196,0.019,1.0,1.12,0,0,1,0.0258,Low,0
SYN-09425,35,1,79,121,66,36.5,98.2,19,27.6,203,220,0.001,3.8,0.92,0,1,1,0.1029,Low,0
SYN-03160,43,1,89,127,86,36.7,98.7,21,31.7,104,244,0.007,7.5,1.15,0,0,0,0.0595,Low,0
SYN-01983,54,1,88,152,82,36.6,98.5,14,36.5,176,231,0.004,0.9,1.32,1,1,0,0.4058,Moderate,0
SYN-04266,46,0,74,122,68,36.9,98.8,16,15.5,88,235,0.01,0.9,1.0,0,0,0,0.0121,Low,0
SYN-03223,27,1,68,116,68,36.5,98.0,19,31.8,83,168,0.013,4.3,1.23,0,0,0,0.0119,Low,0
SYN-05175,87,1,83,130,77,36.8,97.4,18,25.2,111,173,0.011,1.4,0.98,0,0,1,0.3318,Moderate,0
SYN-00595,34,0,70,122,77,37.0,97.6,24,29.3,103,233,0.003,0.5,1.12,0,0,0,0.0162,Low,0
SYN-09680,76,0,72,149,71,36.2,98.1,17,37.0,181,270,0.003,2.4,1.58,1,1,0,0.6683,High,1
SYN-02601,45,1,64,150,89,36.8,99.0,20,32.3,90,221,0.015,1.1,1.41,1,0,0,0.1363,Low,0
SYN-06664,52,0,80,139,76,36.8,96.8,17,35.2,91,228,0.003,2.2,1.32,0,0,0,0.0634,Low,0
SYN-02708,18,1,60,114,66,36.9,97.6,15,31.4,199,192,0.008,0.7,0.77,0,1,0,0.0144,Low,0
SYN-00545,50,0,79,127,71,36.9,99.6,15,31.4,104,210,0.002,1.5,0.9,0,0,0,0.0187,Low,0
SYN-03244,58,0,85,132,89,36.7,99.1,16,23.4,75,227,0.006,0.4,0.93,0,0,0,0.028,Low,0
SYN-07928,42,0,80,127,65,37.1,99.4,17,27.5,139,181,0.012,0.9,1.1,0,1,0,0.0479,Low,0
SYN-04517,67,1,95,182,93,36.5,98.0,15,21.3,201,236,0.001,0.7,1.64,1,1,0,0.7308,High,1
SYN-02153,40,1,69,124,81,36.4,98.3,13,23.9,103,267,0.002,3.3,1.08,0,0,0,0.0133,Low,0
SYN-09753,66,0,90,130,75,36.7,98.4,15,24.1,87,184,0.006,0.2,1.49,1,0,0,0.091,Low,0
SYN-01523,50,0,52,125,75,36.6,98.7,15,29.1,78,244,0.002,0.3,1.62,1,0,0,0.0289,Low,0
SYN-01879,77,0,80,148,75,37.0,97.5,15,27.1,92,214,0.004,2.0,1.39,1,0,0,0.2332,Low,0
SYN-08671,66,1,80,108,80,36.8,97.1,16,17.8,96,172,0.006,0.5,0.92,0,0,0,0.0216,Low,0
SYN-02684,43,0,91,132,80,38.5,94.0,22,21.8,90,172,0.011,35.1,1.15,0,0,0,0.143,Low,0
SYN-01875,37,1,82,154,82,36.5,98.2,15,38.8,97,214,0.533,4.8,1.38,1,0,1,0.9999,High,1
SYN-08212,52,1,86,173,85,36.5,98.7,17,30.1,93,192,0.008,1.9,1.48,1,0,0,0.2519,Low,0
SYN-05089,31,1,94,118,76,37.6,98.1,19,34.9,152,231,0.004,1.2,1.24,0,1,0,0.0571,Low,0
SYN-07200,67,1,81,123,71,36.3,97.8,15,22.5,90,269,0.028,1.5,1.02,0,0,1,0.2326,Low,0
SYN-01006,59,1,87,141,87,36.5,99.0,15,30.0,97,227,0.001,0.5,1.52,1,0,0,0.122,Low,0
SYN-00011,68,1,67,120,66,37.2,100.0,14,27.2,108,232,0.007,1.1,1.26,0,1,0,0.082,Low,0
SYN-04572,80,0,65,138,75,35.9,95.3,21,26.6,176,234,0.003,1.4,1.01,0,1,0,0.3652,Moderate,0
SYN-01716,56,1,79,152,81,36.5,98.7,15,26.5,169,238,0.002,1.3,1.3,1,1,0,0.2974,Low,0
SYN-03253,32,1,69,117,76,36.4,97.5,14,21.4,96,149,0.003,0.7,1.23,0,0,0,0.005,Low,0
SYN-05092,62,1,59,155,78,36.5,96.4,16,32.7,92,204,0.016,1.6,1.59,1,0,1,0.6792,High,1
SYN-04587,62,1,106,146,82,36.6,98.4,14,31.3,94,200,0.007,2.3,1.46,1,0,0,0.233,Low,0
SYN-08762,55,0,89,139,80,36.2,98.1,20,30.6,104,246,0.001,2.3,0.9,0,0,0,0.0612,Low,0
SYN-02517,54,0,75,147,92,36.8,97.5,16,21.2,74,237,0.002,1.1,1.24,1,0,1,0.2393,Low,0
SYN-00306,37,0,63,119,74,36.9,96.7,18,26.1,173,204,0.008,0.2,1.24,0,1,1,0.0811,Low,0
SYN-00911,42,1,79,160,72,36.5,96.9,17,34.3,89,236,0.008,1.3,1.28,1,0,0,0.1547,Low,0
SYN-03740,46,1,78,143,84,36.8,99.1,15,36.4,72,202,0.002,4.9,1.36,0,0,0,0.0406,Low,0
SYN-04842,38,0,62,126,68,37.1,95.9,14,28.0,94,244,0.01,3.4,1.12,0,0,1,0.0384,Low,0
SYN-00015,61,1,104,138,80,37.0,98.4,15,23.0,99,208,0.003,5.4,1.58,0,0,0,0.1006,Low,0
SYN-06725,61,0,88,158,95,36.9,99.2,10,27.0,115,262,0.007,0.3,0.98,1,0,0,0.1457,Low,0
SYN-05980,32,1,73,103,66,36.4,99.2,13,22.7,79,170,0.005,2.0,1.08,0,0,0,0.003,Low,0
SYN-05071,46,1,76,119,65,36.2,96.9,17,26.4,78,199,0.003,2.4,1.48,0,0,1,0.044,Low,0
SYN-09792,66,1,87,130,80,36.6,98.3,14,21.8,102,187,0.001,3.0,1.23,0,0,0,0.0472,Low,0
SYN-05890,50,1,61,120,65,36.9,96.9,14,35.1,103,192,0.025,0.5,1.2,0,0,1,0.1081,Low,0
SYN-03572,67,1,107,157,77,36.7,98.0,17,27.3,115,210,0.017,0.2,1.42,1,0,1,0.825,High,1
SYN-09588,53,1,73,126,74,36.5,97.9,13,23.8,90,212,0.013,0.2,1.37,0,0,0,0.0345,Low,0
SYN-07973,50,0,73,144,89,36.5,98.1,13,21.6,99,222,0.012,1.2,1.22,1,0,0,0.0642,Low,0
SYN-03234,68,0,74,110,59,36.7,97.0,10,18.5,86,186,0.001,1.4,1.35,0,0,0,0.0151,Low,0
SYN-04370,66,0,85,143,84,36.3,95.4,20,29.8,97,194,0.001,4.4,1.44,1,0,1,0.5895,Moderate,1
SYN-05374,44,0,71,149,83,36.3,97.7,14,22.8,72,260,0.013,0.5,0.94,1,0,0,0.0505,Low,0
SYN-09099,47,0,83,108,56,36.9,99.3,15,20.8,189,206,0.001,0.6,1.05,0,1,1,0.0533,Low,0
SYN-00879,52,1,77,109,72,37.3,99.2,20,16.4,176,175,0.001,1.6,1.42,0,1,0,0.043,Low,0
SYN-04424,43,1,74,134,71,37.2,97.9,16,26.0,154,179,0.005,2.5,1.47,1,1,1,0.4083,Moderate,0
SYN-04058,65,1,54,157,82,36.8,97.3,16,33.2,103,191,0.015,1.5,1.29,1,0,0,0.2677,Low,0
SYN-02796,65,1,84,153,95,36.8,99.7,14,28.9,148,233,0.001,0.6,1.67,1,1,0,0.392,Moderate,0
SYN-03360,57,1,73,121,74,37.5,98.1,19,34.8,121,239,0.014,2.0,1.64,0,0,0,0.1242,Low,0
SYN-00853,69,0,95,125,81,37.2,100.0,19,31.1,99,201,0.016,2.2,1.07,0,0,0,0.1121,Low,0
SYN-08428,56,1,105,153,89,37.4,97.7,18,30.4,85,227,0.007,2.1,1.33,1,0,1,0.6268,Moderate,1
SYN-02092,64,1,69,125,75,36.5,99.2,14,34.0,226,274,0.002,1.1,1.28,0,1,0,0.2286,Low,0
SYN-02746,73,0,84,164,97,37.1,97.5,18,26.2,77,185,0.003,0.2,0.97,1,0,0,0.2055,Low,0
SYN-04418,59,1,86,143,87,36.5,97.2,17,31.6,84,228,0.006,2.4,1.53,1,0,1,0.5536,Moderate,1
SYN-00559,34,0,98,138,96,36.9,96.8,21,28.7,102,232,0.003,0.2,0.95,1,0,1,0.2089,Low,0
SYN-07918,56,1,68,126,71,36.1,98.3,13,36.9,77,265,0.006,2.1,1.31,0,0,0,0.0467,Low,0
SYN-05231,68,0,86,160,79,37.1,100.0,18,28.8,98,238,0.135,1.9,1.17,1,0,0,0.9787,High,1
SYN-05029,67,1,72,114,64,37.0,99.1,15,18.6,90,237,0.011,0.9,1.59,0,0,0,0.045,Low,0
SYN-01774,81,0,56,140,84,36.6,93.2,17,30.0,107,211,0.005,1.0,1.29,0,0,1,0.3267,Moderate,0
SYN-04999,55,1,64,105,64,36.9,97.7,16,27.2,83,252,0.004,0.5,1.45,0,0,1,0.0414,Low,0
SYN-00354,67,0,74,115,64,36.2,99.4,15,24.4,87,210,0.454,1.1,1.39,0,0,0,0.9962,High,1
SYN-05695,65,1,65,143,88,36.2,95.9,19,15.0,81,211,0.006,1.3,1.43,1,0,1,0.4071,Moderate,0
SYN-05882,48,1,62,120,70,36.0,96.9,17,29.3,187,207,0.001,0.2,1.16,0,1,1,0.1244,Low,0
SYN-09125,38,0,62,167,88,36.5,99.1,15,31.9,89,289,0.006,1.4,1.15,1,0,0,0.0774,Low,0
SYN-03269,49,0,57,132,83,36.9,98.9,18,20.3,84,249,0.038,0.8,0.87,0,0,0,0.0498,Low,0
SYN-02158,41,1,82,149,95,36.8,98.3,18,35.9,110,262,0.007,10.6,1.12,1,0,0,0.1749,Low,0
SYN-02029,57,1,79,168,97,37.0,96.5,17,28.8,204,198,0.003,0.2,1.37,1,1,0,0.5507,Moderate,1
SYN-01656,29,1,78,153,77,36.9,98.3,18,25.4,178,185,0.008,1.8,1.37,1,1,0,0.1547,Low,0
SYN-08846,72,1,93,143,74,36.5,95.2,18,29.8,105,251,0.008,2.7,1.44,0,0,0,0.3186,Moderate,0
SYN-07046,56,1,84,149,91,35.8,99.1,17,26.9,90,191,0.366,0.2,1.43,1,0,0,0.998,High,1
SYN-07174,46,1,76,124,72,38.5,98.9,24,28.9,89,227,0.015,23.0,0.9,0,0,0,0.0935,Low,0
SYN-09607,72,1,68,150,87,36.1,97.4,14,31.9,68,218,0.006,3.1,1.74,1,0,0,0.2588,Low,0
SYN-08702,35,0,73,127,74,36.3,99.4,17,38.0,156,247,0.034,4.9,1.23,0,1,0,0.1757,Low,0
SYN-06657,48,1,72,131,86,36.5,98.2,14,22.2,88,205,0.011,0.9,1.53,0,0,0,0.0305,Low,0
SYN-05230,49,1,83,161,88,37.1,97.7,16,30.5,172,209,0.002,1.0,1.65,1,1,1,0.7598,High,1
SYN-08185,52,0,85,147,80,38.2,97.9,18,31.7,108,198,0.005,10.6,1.35,1,0,0,0.1723,Low,0
SYN-05228,50,0,88,145,78,37.4,98.5,15,28.2,83,231,0.006,0.2,1.27,1,0,0,0.0769,Low,0
SYN-09426,86,1,90,127,70,36.7,98.5,14,16.6,100,249,0.001,0.3,1.57,0,0,1,0.2236,Low,0
SYN-02870,63,0,64,143,83,36.6,97.2,17,22.6,101,169,0.005,0.2,1.29,1,0,0,0.0821,Low,0
SYN-07359,33,1,58,109,67,36.8,94.9,20,24.4,85,252,0.042,0.9,1.23,0,0,1,0.2245,Low,0
SYN-02159,65,0,81,137,84,36.9,98.8,14,39.7,197,236,0.002,3.7,1.31,0,1,0,0.2966,Low,0
SYN-05365,59,0,72,142,82,37.1,94.8,14,33.8,162,245,0.001,1.1,1.46,1,1,1,0.7115,High,1
SYN-04619,90,0,84,184,92,36.6,98.0,11,39.7,215,239,0.002,1.9,0.94,1,1,0,0.8733,High,1
SYN-02647,80,1,88,155,78,36.4,99.3,19,27.0,83,193,0.007,0.6,1.32,1,0,0,0.3471,Moderate,0
SYN-08472,46,1,77,142,76,36.6,96.8,21,27.0,85,210,1.132,0.8,1.56,1,0,1,1.0,High,1
SYN-05031,73,1,84,155,88,37.9,96.7,20,34.7,148,272,0.001,0.7,1.67,1,1,1,0.9279,High,1
SYN-08611,89,1,104,168,82,37.3,99.1,19,40.1,168,270,0.016,1.2,1.57,1,1,0,0.9533,High,1
SYN-02985,33,0,63,134,82,37.0,99.5,16,26.7,94,182,0.007,1.4,0.92,1,0,0,0.0138,Low,0
SYN-00048,58,0,71,131,72,36.6,99.7,17,26.7,101,259,0.005,0.8,0.95,0,0,0,0.0338,Low,0
SYN-07493,34,1,67,156,93,36.4,98.9,11,32.1,93,183,0.004,2.1,1.39,1,0,0,0.0389,Low,0
SYN-02449,66,1,87,150,93,36.3,98.7,16,29.7,100,217,0.007,0.9,1.36,1,0,0,0.2385,Low,0
SYN-00345,80,1,63,158,82,36.7,95.6,15,23.7,98,213,0.001,3.2,1.47,1,0,0,0.3127,Moderate,0
SYN-08709,46,1,82,141,88,36.4,98.6,15,38.3,70,269,0.006,1.2,1.34,0,0,0,0.0595,Low,0
SYN-03341,48,0,65,98,68,36.7,98.5,12,25.8,85,205,0.006,6.0,1.17,0,0,0,0.0069,Low,0
SYN-01099,70,1,58,132,70,36.3,98.1,16,27.5,156,260,2.063,0.3,1.64,0,1,0,1.0,High,1
SYN-09028,42,0,83,126,70,37.0,96.5,15,23.9,87,263,0.006,3.2,1.44,1,0,0,0.0462,Low,0
SYN-09609,79,0,76,135,70,36.7,97.6,18,32.8,203,229,1.783,1.5,1.23,0,1,0,1.0,High,1
SYN-04684,44,1,66,115,75,36.3,99.8,17,31.8,106,226,0.001,0.7,0.97,0,0,0,0.0118,Low,0
SYN-06398,34,1,81,121,71,36.7,98.3,16,33.0,99,216,0.001,3.3,1.06,0,0,0,0.0135,Low,0
SYN-01804,47,0,88,150,78,37.3,97.6,14,32.6,94,200,0.027,3.1,1.3,1,0,1,0.5661,Moderate,1
SYN-02875,56,0,89,126,79,36.8,98.1,14,23.9,64,206,0.026,2.8,1.28,0,0,0,0.0592,Low,0
SYN-08956,27,0,70,122,79,37.3,100.0,19,30.7,103,205,0.017,1.3,1.11,0,0,0,0.0127,Low,0
SYN-07192,37,0,75,113,66,38.0,96.8,20,24.2,109,213,0.006,34.0,1.04,0,0,0,0.0414,Low,0
SYN-04308,87,0,73,171,93,36.8,95.8,17,29.2,62,216,0.006,0.3,1.37,1,0,0,0.4814,Moderate,0
SYN-05085,65,1,68,120,74,36.9,98.1,17,18.9,173,188,0.018,1.6,1.32,0,1,0,0.1668,Low,0
SYN-00231,31,1,83,136,76,36.9,99.1,21,24.7,80,215,0.008,1.7,1.25,0,0,0,0.021,Low,0
SYN-07829,72,0,91,165,97,35.9,97.0,13,28.5,88,176,0.003,0.2,1.36,1,0,0,0.2486,Low,0
SYN-07616,43,0,64,125,82,36.5,98.5,15,27.2,87,249,0.007,1.0,1.06,1,0,0,0.0239,Low,0
SYN-04694,42,0,67,109,72,37.3,97.7,16,28.1,81,230,0.005,0.8,1.08,0,0,0,0.0085,Low,0
SYN-01150,70,0,81,150,91,37.0,98.1,14,29.9,192,239,0.002,2.7,1.34,1,1,0,0.4882,Moderate,0
SYN-08886,83,1,83,135,86,37.0,97.7,19,18.4,94,229,0.001,1.1,1.45,0,0,1,0.2646,Low,0
SYN-00981,61,1,82,134,84,36.1,99.0,12,27.0,89,171,0.008,0.3,1.6,1,0,0,0.0874,Low,0
SYN-03650,55,1,68,139,78,36.5,99.1,17,28.6,75,257,0.006,5.2,1.38,0,0,0,0.0613,Low,0
SYN-00323,73,1,69,134,80,36.0,97.4,15,28.3,102,233,0.008,3.2,1.45,1,0,0,0.2186,Low,0
SYN-08177,43,0,80,139,77,38.8,98.2,18,33.5,130,260,0.001,6.7,1.69,1,1,0,0.2094,Low,0
SYN-09695,45,0,75,116,65,36.6,98.3,17,22.7,101,207,0.004,4.8,1.23,0,0,0,0.0144,Low,0
SYN-01244,46,0,69,125,75,36.7,99.8,18,32.0,72,191,1.686,1.0,1.0,0,0,0,1.0,High,1
SYN-05096,50,1,71,129,82,37.0,97.0,21,27.1,67,231,0.275,2.0,1.57,1,0,1,0.9982,High,1
SYN-05006,29,1,86,124,78,36.6,99.0,14,26.3,92,219,0.41,0.2,1.34,1,0,0,0.9907,High,1
SYN-07604,54,1,92,156,83,36.6,97.5,16,31.3,87,267,0.017,2.0,1.45,1,0,1,0.7185,High,1
SYN-02395,40,1,76,124,80,36.3,98.9,15,29.8,176,234,0.014,1.5,1.01,0,1,0,0.0781,Low,0
SYN-07454,29,1,72,111,72,36.7,98.8,12,27.3,99,218,0.011,1.6,1.12,0,0,0,0.0069,Low,0
SYN-09393,29,0,76,135,83,36.9,99.6,13,26.3,89,228,0.324,1.3,0.9,1,0,0,0.9683,High,1
SYN-05877,46,0,68,115,75,37.1,98.8,17,26.1,109,210,0.014,3.5,1.06,0,0,0,0.0201,Low,0
SYN-01111,78,0,65,134,86,37.5,92.1,16,37.0,112,233,0.008,34.6,1.05,0,0,0,0.5093,Moderate,1
SYN-03796,51,0,72,141,87,36.6,99.8,14,28.8,115,248,0.023,0.6,0.86,0,0,0,0.0622,Low,0
SYN-06561,54,0,55,125,83,36.1,99.1,13,36.5,169,188,0.002,1.4,0.89,0,1,0,0.0449,Low,0
SYN-05843,54,1,70,133,84,37.1,98.4,14,27.5,168,242,0.012,4.6,1.05,0,1,0,0.1495,Low,0
SYN-07736,38,1,82,135,71,36.9,98.2,15,30.8,97,226,0.011,2.2,1.38,0,0,0,0.0398,Low,0
SYN-00547,57,1,93,126,83,38.6,92.8,24,29.2,95,202,0.023,6.8,1.72,1,0,1,0.8118,High,1
SYN-05678,60,0,74,143,89,37.4,98.7,21,42.0,92,221,0.002,1.6,1.58,1,1,0,0.309,Moderate,0
SYN-04408,58,0,64,141,75,36.7,99.3,13,32.7,166,247,0.002,0.5,0.93,1,1,0,0.1556,Low,0
SYN-09520,48,0,100,153,77,36.8,98.8,18,28.2,98,203,0.007,2.0,0.97,1,0,0,0.1083,Low,0
SYN-05794,72,0,70,160,90,37.1,97.1,19,26.9,81,215,0.005,1.4,1.46,1,0,0,0.2702,Low,0
SYN-08047,18,1,80,108,62,36.8,98.2,10,24.6,96,168,0.16,1.2,1.23,0,0,0,0.3653,Moderate,0
SYN-08061,47,0,84,146,85,37.0,97.6,14,26.3,107,181,0.003,1.3,1.22,0,0,1,0.0676,Low,0
SYN-02405,40,0,59,106,67,36.6,97.1,16,26.3,91,289,2.889,0.3,0.98,0,0,0,1.0,High,1
SYN-05680,68,0,94,135,89,38.2,96.1,17,29.9,86,256,0.026,14.1,0.94,0,0,1,0.5,Moderate,1
SYN-08752,54,1,60,133,81,36.6,99.5,13,26.3,90,260,0.002,3.4,1.16,0,0,0,0.025,Low,0
SYN-09889,37,0,79,134,72,36.9,97.4,14,25.0,116,250,0.003,0.7,1.36,1,1,0,0.0632,Low,0
SYN-04914,37,0,99,104,65,38.1,97.2,17,16.7,109,199,0.001,9.1,0.86,0,0,1,0.0163,Low,0
SYN-00515,67,1,89,134,71,36.8,98.8,16,35.7,220,239,0.001,4.9,0.88,0,1,0,0.3379,Moderate,0
SYN-03470,69,0,72,138,78,36.4,99.2,17,28.8,150,244,0.012,0.3,1.27,1,1,0,0.367,Moderate,0
SYN-03009,50,0,91,142,81,36.5,98.5,20,29.0,99,212,0.001,5.1,1.54,1,0,0,0.1152,Low,0
SYN-07459,44,0,79,132,80,36.2,99.0,14,27.3,69,179,0.549,1.1,1.19,0,0,0,0.996,High,1
SYN-01937,53,1,73,154,86,37.2,95.3,18,17.7,90,200,0.008,0.3,1.26,1,0,1,0.396,Moderate,0
SYN-00453,85,0,72,124,72,36.7,98.2,15,15.0,88,216,0.001,0.3,0.78,0,0,0,0.036,Low,0
SYN-07219,53,0,89,158,88,37.3,98.3,19,33.0,109,200,0.003,1.7,1.12,0,0,0,0.099,Low,0
SYN-03396,64,1,75,169,100,36.7,98.1,19,28.2,79,221,0.046,2.9,1.03,1,0,0,0.828,High,1
SYN-08414,39,0,45,134,89,36.5,98.6,14,31.0,94,240,0.007,0.7,0.99,0,0,1,0.0243,Low,0
SYN-07553,56,1,64,126,72,36.0,99.1,16,28.1,137,263,0.001,1.1,1.24,0,1,0,0.0731,Low,0
SYN-02161,46,1,85,139,85,36.0,98.3,16,27.9,171,266,0.009,0.6,1.33,1,1,1,0.6452,Moderate,1
SYN-06013,66,0,67,145,83,37.2,98.1,16,35.5,163,257,0.001,1.0,1.38,1,1,0,0.3735,Moderate,0
SYN-03972,58,1,73,142,86,36.6,97.0,16,28.6,93,164,0.01,1.0,1.44,1,0,1,0.4227,Moderate,0
SYN-09957,64,1,68,127,71,36.8,98.5,14,27.2,98,244,0.002,1.4,1.51,0,0,1,0.1016,Low,0
SYN-05425,65,0,85,153,85,37.3,98.0,17,32.3,223,235,0.005,2.7,1.32,1,1,0,0.6197,Moderate,1
SYN-05562,90,0,72,134,86,35.8,97.5,14,22.3,88,195,0.007,0.4,1.19,0,0,0,0.1138,Low,0
SYN-02298,42,0,102,153,80,39.5,97.9,17,30.7,97,196,0.019,39.1,1.28,1,0,1,0.8109,High,1
SYN-07481,69,0,92,158,89,36.8,99.4,17,25.1,92,166,0.003,0.2,1.07,1,0,0,0.1486,Low,0
SYN-04934,63,0,64,133,85,36.7,99.3,15,24.7,216,236,0.001,1.5,1.18,1,1,0,0.2057,Low,0
SYN-02862,64,0,69,137,93,36.8,99.1,15,29.2,73,253,0.009,2.2,1.49,0,0,0,0.0708,Low,0
SYN-03087,35,1,69,105,66,36.4,98.1,11,30.4,144,240,0.027,1.0,1.29,0,1,0,0.0472,Low,0
SYN-07893,48,1,56,136,77,36.8,99.3,15,36.1,155,221,0.01,1.2,1.56,1,1,0,0.2001,Low,0
SYN-07496,78,1,79,152,77,36.7,97.8,19,26.5,124,210,0.005,0.4,1.47,1,1,0,0.5447,Moderate,1
SYN-02166,74,0,72,156,81,36.3,96.2,17,29.6,72,260,0.005,2.5,1.5,1,0,0,0.323,Moderate,0
SYN-06617,55,0,82,114,69,36.2,98.3,15,22.1,96,218,0.003,1.3,1.27,0,0,0,0.0179,Low,0
SYN-00824,20,1,86,109,55,37.1,99.4,14,31.9,179,239,0.019,2.3,0.95,0,1,0,0.0315,Low,0
SYN-06913,65,0,72,135,80,36.7,98.6,18,28.1,153,228,0.003,1.3,1.05,0,1,0,0.1396,Low,0
SYN-08367,45,0,80,113,69,36.0,99.3,20,29.3,87,241,0.009,4.3,0.95,0,0,0,0.0201,Low,0
SYN-02295,73,0,74,146,84,36.5,99.4,16,20.7,93,217,0.01,0.7,1.69,1,0,0,0.193,Low,0
SYN-00923,56,0,77,95,66,36.9,98.1,14,20.0,96,203,0.005,1.5,1.13,0,0,1,0.0184,Low,0
SYN-01717,45,0,79,119,70,36.4,97.7,20,23.5,85,209,0.002,0.7,1.12,0,0,1,0.0287,Low,0
SYN-04466,63,0,79,141,83,36.8,98.0,11,25.5,88,215,0.003,0.4,1.52,1,0,0,0.0828,Low,0
SYN-06714,41,1,57,113,70,35.9,98.6,14,23.9,82,157,0.006,0.3,1.02,0,0,0,0.005,Low,0
SYN-00174,34,0,73,123,83,36.8,96.9,16,34.9,177,232,0.001,1.1,0.9,0,1,1,0.0768,Low,0
SYN-06690,83,0,94,122,64,38.1,97.6,14,26.7,187,224,0.003,16.8,1.18,0,1,0,0.4287,Moderate,0
SYN-01128,52,1,88,153,89,36.7,100.0,13,37.3,169,202,0.007,1.8,1.42,1,1,0,0.366,Moderate,0
SYN-08379,54,1,81,128,68,36.5,95.9,16,33.3,165,237,0.001,1.1,1.28,0,1,1,0.2816,Low,0
SYN-06628,50,0,72,117,69,36.5,95.9,20,22.4,78,245,0.004,0.2,1.55,1,0,1,0.185,Low,0
SYN-07112,70,1,78,119,79,36.4,98.6,13,27.7,84,236,0.002,0.5,1.2,0,0,0,0.0407,Low,0
SYN-03172,65,1,75,129,82,36.3,99.4,14,28.8,164,243,0.014,0.2,1.44,1,1,0,0.346,Moderate,0
SYN-05864,62,1,78,108,76,36.6,98.6,15,24.6,79,207,0.001,0.7,1.54,0,0,0,0.0218,Low,0
SYN-05942,30,0,76,119,67,35.9,98.6,19,24.5,98,160,0.008,0.8,1.03,0,0,0,0.0069,Low,0
SYN-07110,63,0,81,159,91,36.0,98.6,15,27.8,79,266,1.141,1.2,1.18,1,0,0,1.0,High,1
SYN-06037,49,0,95,125,78,36.7,98.0,18,35.8,135,237,0.001,2.0,0.8,0,1,1,0.1499,Low,0
SYN-07138,45,1,76,112,73,37.0,97.6,15,28.3,97,210,0.027,2.3,1.41,0,0,1,0.0929,Low,0
SYN-04939,65,1,95,149,80,38.7,98.2,17,30.7,151,240,0.001,16.5,1.67,1,1,0,0.6549,High,1
SYN-04798,68,1,70,144,71,36.5,98.0,17,35.3,223,199,0.94,1.8,1.26,1,1,0,1.0,High,1
SYN-05633,18,1,72,123,72,37.0,99.4,19,27.7,99,225,0.016,3.0,1.3,0,0,0,0.0125,Low,0
SYN-02494,42,0,50,129,89,36.7,98.4,15,15.0,91,242,0.52,0.2,1.26,1,0,0,0.9953,High,1
SYN-02936,18,1,51,109,67,36.7,98.4,13,25.2,132,216,0.001,0.8,1.31,0,1,0,0.0049,Low,0
SYN-02957,62,1,77,118,55,36.6,100.0,15,25.3,93,237,0.009,2.6,1.24,0,0,0,0.0403,Low,0
SYN-06349,64,1,74,149,69,37.0,97.0,20,31.8,84,213,0.013,7.4,1.63,1,0,1,0.7542,High,1
SYN-05142,18,1,51,105,66,36.3,98.8,11,23.6,111,174,0.006,1.0,1.29,0,0,0,0.0018,Low,0
SYN-02311,67,1,91,158,81,37.1,96.5,16,28.6,214,157,0.003,2.2,1.12,1,1,1,0.8722,High,1
SYN-06595,44,0,74,118,66,36.3,95.4,17,27.9,228,177,0.01,0.8,1.2,0,1,1,0.1935,Low,0
SYN-00948,18,1,62,106,59,37.1,98.5,19,20.4,95,168,0.02,0.2,1.05,0,0,0,0.0039,Low,0
SYN-08098,45,0,70,137,74,36.1,97.8,14,26.3,77,211,0.003,2.3,0.96,0,0,0,0.0148,Low,0
SYN-09365,21,0,60,109,71,37.6,99.2,16,21.4,104,249,0.002,1.2,1.14,0,0,0,0.0025,Low,0
SYN-03361,53,0,83,159,90,37.1,98.7,21,22.1,92,247,0.006,2.9,1.06,1,0,0,0.1379,Low,0
SYN-03753,51,1,74,141,80,37.0,98.8,19,24.1,124,233,0.001,0.2,1.47,1,1,1,0.4751,Moderate,0
SYN-00401,51,0,80,118,68,37.9,96.3,20,26.6,90,229,0.027,8.7,1.02,0,0,1,0.1664,Low,0
SYN-00090,61,0,93,133,75,37.7,98.4,12,22.4,89,241,0.005,1.6,1.1,0,0,0,0.0402,Low,0
SYN-08362,49,1,87,137,88,36.3,97.1,17,27.8,88,186,0.004,0.3,1.52,1,0,1,0.3047,Moderate,0
SYN-00358,58,0,66,140,90,36.7,98.2,13,32.3,91,210,0.004,1.6,1.19,0,0,0,0.0394,Low,0
SYN-04422,66,1,80,116,70,37.3,95.8,21,24.8,70,194,0.001,1.4,1.05,0,0,0,0.0399,Low,0
SYN-05613,43,1,87,102,71,36.9,95.4,17,31.0,104,288,0.001,1.5,1.1,0,0,1,0.0459,Low,0
SYN-07464,41,0,75,111,66,37.2,99.9,14,40.3,182,219,0.002,1.6,0.7,0,1,1,0.0596,Low,0
SYN-08197,57,0,115,123,77,38.5,98.1,16,26.3,94,217,0.001,21.0,1.17,0,0,0,0.0848,Low,0
SYN-04177,61,1,81,135,93,36.7,98.3,18,29.6,72,223,0.001,1.7,1.6,1,0,0,0.1148,Low,0
SYN-02381,50,1,99,143,89,36.5,98.8,17,34.6,80,218,0.002,3.5,1.54,1,0,0,0.1359,Low,0
SYN-05324,41,1,81,136,83,36.6,98.6,16,26.5,195,208,0.003,1.5,1.26,1,1,0,0.1453,Low,0
SYN-05795,38,0,72,108,58,36.8,93.4,23,24.6,96,257,0.02,0.5,0.8,0,0,1,0.0577,Low,0
SYN-02511,44,0,65,144,83,36.8,97.6,18,24.7,83,239,0.006,1.4,1.0,1,0,1,0.1828,Low,0
SYN-07389,32,0,63,138,80,37.8,94.7,17,25.4,90,216,0.002,26.0,0.96,0,0,0,0.0307,Low,0
SYN-08208,55,1,77,121,71,36.4,99.6,19,23.7,90,213,2.35,0.2,0.99,0,0,0,1.0,High,1
SYN-07585,72,1,80,143,85,37.2,97.5,23,17.5,87,216,0.001,2.3,1.51,1,0,0,0.2052,Low,0
SYN-08783,57,0,79,143,85,36.7,96.3,20,24.8,99,183,0.013,1.8,1.18,1,0,1,0.4625,Moderate,0
SYN-06498,68,0,82,121,57,36.6,98.6,17,27.9,148,208,0.005,2.0,1.06,0,1,0,0.1211,Low,0
SYN-09842,50,0,77,146,83,37.0,96.9,23,26.5,87,226,0.001,0.3,1.23,1,0,1,0.3249,Moderate,0
SYN-07651,18,1,66,107,67,38.3,93.8,18,22.6,90,183,0.008,25.6,0.95,0,0,0,0.0103,Low,0
SYN-06046,53,1,63,139,88,36.8,99.6,14,32.6,97,241,0.002,1.9,1.44,0,0,0,0.0421,Low,0
SYN-06092,33,1,74,120,62,37.3,98.6,15,30.0,68,165,0.006,1.3,0.9,0,0,0,0.0063,Low,0
SYN-09734,55,1,69,157,83,36.4,97.5,15,34.4,100,280,0.039,2.3,1.71,1,0,1,0.8678,High,1
SYN-01838,50,1,78,128,74,36.7,99.1,17,28.5,176,231,0.004,3.4,1.19,0,1,0,0.1096,Low,0
SYN-08239,61,0,68,138,82,36.4,98.9,13,32.5,100,205,0.007,3.2,1.24,1,0,0,0.0902,Low,0
SYN-05837,69,1,100,145,89,36.6,98.3,16,33.5,110,227,0.01,0.5,0.95,0,0,0,0.2012,Low,0
SYN-09397,90,0,112,180,98,38.1,97.6,16,24.8,93,224,0.014,7.8,1.5,1,0,0,0.82,High,1
SYN-09780,25,1,85,124,69,36.7,98.6,15,32.3,95,217,0.017,2.5,1.38,0,0,0,0.0218,Low,0
SYN-05370,83,1,69,137,94,37.2,97.5,17,29.6,92,275,0.033,0.2,1.59,0,0,0,0.4801,Moderate,0
SYN-09168,48,0,72,143,82,36.4,98.2,13,25.5,203,212,0.008,1.0,1.34,0,1,1,0.232,Low,0
SYN-03165,44,0,79,124,81,36.2,96.5,22,26.3,85,178,0.657,2.1,1.1,0,0,1,0.9995,High,1
SYN-01737,32,0,53,126,74,36.2,99.3,14,30.1,89,240,1.577,2.1,1.1,0,0,0,0.9999,High,1
SYN-08724,49,1,101,126,68,36.8,98.7,16,31.8,293,249,0.002,2.4,1.57,0,1,0,0.3478,Moderate,0
SYN-07521,18,1,86,106,58,37.4,98.7,15,24.0,97,171,0.004,0.7,1.07,0,0,0,0.0027,Low,0
SYN-01147,62,0,67,146,83,37.2,98.4,18,31.1,124,201,0.004,2.0,1.37,1,0,1,0.4736,Moderate,0
SYN-00842,55,1,66,122,77,36.5,98.8,14,24.7,93,204,0.004,0.8,1.67,0,0,0,0.0254,Low,0
SYN-06320,70,0,74,166,87,37.1,98.3,15,31.1,207,251,0.013,1.6,1.23,1,1,0,0.715,High,1
SYN-03027,66,1,73,139,80,37.5,96.9,15,36.6,69,258,0.002,0.7,1.47,0,1,1,0.3162,Moderate,0
SYN-00032,47,1,52,153,85,36.2,98.2,15,23.8,99,158,0.014,3.1,1.47,1,0,0,0.079,Low,0
SYN-04103,42,1,77,110,65,36.2,97.6,20,23.1,152,215,0.009,2.5,1.31,0,1,0,0.0551,Low,0
SYN-06086,32,1,83,117,73,39.1,95.7,20,23.4,100,264,0.025,9.1,1.11,0,0,1,0.1084,Low,0
SYN-05515,47,1,57,131,63,36.6,98.9,21,34.0,78,231,0.001,0.9,1.08,0,0,1,0.0488,Low,0
SYN-09095,45,1,93,131,87,37.4,98.3,16,34.3,83,252,0.013,1.8,0.92,0,0,0,0.0529,Low,0
SYN-03802,42,0,71,113,57,37.0,97.5,19,29.1,138,218,0.007,0.3,1.03,0,1,0,0.0349,Low,0
SYN-06612,37,1,71,120,60,36.6,97.8,18,29.1,88,146,0.004,0.2,1.2,0,0,0,0.0103,Low,0
SYN-06883,67,1,94,158,89,36.3,98.8,19,35.5,113,230,0.002,3.1,1.3,1,1,0,0.5355,Moderate,1
SYN-05211,60,0,69,150,86,37.1,98.0,17,24.8,86,189,0.001,0.6,1.23,1,0,0,0.0739,Low,0
SYN-09978,43,0,77,111,63,37.1,95.7,22,29.3,92,239,0.009,1.0,1.32,0,0,1,0.0614,Low,0
SYN-09430,33,1,79,117,70,36.9,99.9,17,22.2,98,240,0.003,1.1,1.21,0,0,1,0.0178,Low,0
SYN-04552,43,1,72,135,83,36.9,98.4,15,31.0,182,249,0.002,0.9,1.86,1,1,1,0.564,Moderate,1
SYN-02700,40,0,82,131,89,36.2,99.2,13,17.5,192,220,0.004,2.6,1.03,0,1,0,0.0375,Low,0
SYN-03294,63,1,87,133,70,37.1,97.2,17,36.7,79,190,0.002,1.3,1.38,0,0,1,0.167,Low,0
SYN-06542,64,0,55,149,81,37.0,98.9,18,26.3,97,263,0.003,1.4,1.21,1,0,0,0.1122,Low,0
SYN-01694,45,0,69,107,68,36.8,98.9,10,19.3,89,251,0.008,5.2,1.17,0,0,0,0.0075,Low,0
SYN-04979,72,0,78,148,75,37.0,97.5,17,29.4,97,211,0.015,0.4,1.29,1,0,0,0.2953,Low,0
SYN-09442,31,1,83,107,66,37.3,99.2,16,22.4,88,192,0.837,1.5,1.08,0,0,0,0.9982,High,1
SYN-00521,38,0,54,111,74,36.9,99.0,22,16.5,88,215,0.001,0.2,1.01,0,0,0,0.0039,Low,0
SYN-07800,40,0,66,144,98,37.1,98.1,14,35.5,103,240,0.009,3.8,1.21,1,0,0,0.0675,Low,0
SYN-00470,39,0,78,125,85,36.2,98.7,14,30.6,105,213,0.003,3.3,1.0,0,0,0,0.0131,Low,0
SYN-00447,71,1,84,129,71,36.9,98.0,18,27.4,102,233,0.565,4.2,1.26,0,0,0,0.9997,High,1
SYN-06015,40,1,75,128,75,36.7,96.1,22,29.1,191,183,0.002,4.4,1.16,0,1,1,0.1969,Low,0
SYN-08716,74,0,72,126,79,36.5,95.9,17,15.0,91,193,0.002,1.6,1.29,0,0,0,0.0457,Low,0
SYN-00382,75,1,83,155,95,36.9,94.9,15,33.4,84,233,0.202,4.4,1.45,1,0,1,0.9995,High,1
SYN-08529,51,0,78,149,75,36.6,98.6,16,18.4,87,199,0.02,1.5,0.96,1,0,0,0.0811,Low,0
SYN-02206,49,1,67,117,76,36.8,97.9,17,25.1,88,245,0.007,1.2,1.5,0,0,1,0.0541,Low,0
SYN-06854,33,1,82,103,59,36.2,98.7,14,19.0,91,187,0.003,3.9,1.04,0,0,0,0.0039,Low,0
SYN-07734,38,0,88,115,62,37.0,97.4,16,38.3,88,272,0.02,1.0,0.86,0,0,0,0.0343,Low,0
SYN-09198,80,0,87,173,95,37.2,96.8,16,21.8,95,221,0.006,0.6,1.49,1,0,0,0.4603,Moderate,0
SYN-07395,33,0,72,116,76,36.4,97.9,18,34.1,155,185,0.001,1.6,0.78,0,1,0,0.0193,Low,0
SYN-09470,28,1,70,120,76,37.0,97.2,18,36.1,82,268,0.013,8.8,1.36,0,0,1,0.0649,Low,0
SYN-06993,50,1,69,136,87,36.7,96.6,15,31.8,81,220,0.004,0.9,1.44,0,0,1,0.0871,Low,0
SYN-03964,47,1,65,146,89,36.5,97.4,18,31.5,85,220,0.005,1.8,1.18,1,0,0,0.08,Low,0
SYN-08527,53,0,69,152,75,37.1,98.1,11,38.4,71,277,0.006,1.8,1.35,1,0,0,0.1128,Low,0
SYN-02099,25,0,45,98,63,36.9,99.1,14,20.5,86,190,0.012,1.9,1.19,0,0,0,0.0017,Low,0
SYN-07026,78,0,79,152,81,37.0,97.4,18,33.2,95,262,0.017,2.5,0.95,0,0,0,0.3327,Moderate,0
SYN-04047,51,1,76,135,90,36.9,98.2,15,37.1,138,266,0.003,2.3,1.47,0,1,0,0.1574,Low,0
SYN-09762,18,0,55,125,88,36.9,95.7,18,25.6,109,200,0.012,1.7,0.77,0,1,1,0.0228,Low,0
SYN-08713,73,0,78,159,93,37.5,98.1,19,29.1,89,261,0.446,0.8,1.23,1,0,0,0.9997,High,1
SYN-06563,61,0,74,111,75,36.5,96.6,21,21.5,85,212,0.003,0.6,1.26,0,0,1,0.0539,Low,0
SYN-04866,55,1,69,141,94,36.6,99.3,18,26.6,193,223,0.004,0.5,1.56,1,1,0,0.2917,Low,0
SYN-00817,48,1,77,142,81,36.9,97.0,19,35.6,100,232,0.007,1.2,1.02,0,0,1,0.1466,Low,0
SYN-03084,46,1,75,127,75,36.5,100.0,18,28.7,164,236,1.058,0.8,0.87,0,1,0,1.0,High,1
SYN-07747,68,0,104,144,78,36.9,99.2,16,31.7,77,233,0.005,0.6,1.36,1,0,0,0.2037,Low,0
SYN-04765,73,1,77,161,97,36.1,100.0,18,30.1,117,243,0.017,1.7,1.68,1,0,0,0.5547,Moderate,1
SYN-06190,50,1,45,109,65,36.1,98.1,18,26.4,189,232,0.006,1.1,1.11,0,1,0,0.0481,Low,0
SYN-07674,44,0,78,137,73,36.1,96.9,15,33.2,94,231,1.778,2.3,1.36,0,0,0,1.0,High,1
SYN-04783,40,1,74,130,80,36.6,98.6,18,23.6,104,214,0.004,8.8,1.66,1,0,0,0.0573,Low,0
SYN-07010,51,0,81,134,78,35.9,98.2,15,24.8,78,195,0.001,1.6,1.12,0,0,0,0.0188,Low,0
SYN-05900,61,1,82,147,83,39.3,94.1,23,36.4,177,167,0.003,11.3,1.63,1,1,0,0.7141,High,1
SYN-07140,61,1,86,143,86,36.6,98.9,20,32.8,220,220,0.006,3.7,1.48,1,1,0,0.6044,Moderate,1
SYN-06390,61,0,82,153,86,36.4,97.2,18,33.9,146,188,0.005,5.0,1.15,1,1,0,0.4069,Moderate,0
SYN-07965,77,0,77,141,76,36.9,98.1,15,27.6,174,201,0.014,0.8,1.11,0,1,0,0.3535,Moderate,0
SYN-03459,50,1,78,110,68,37.0,98.6,14,26.3,107,241,0.003,0.8,1.15,0,0,0,0.0167,Low,0
SYN-04213,63,0,78,148,95,36.8,99.1,12,25.7,155,193,0.024,0.3,1.27,1,1,0,0.3788,Moderate,0
SYN-00610,63,0,95,148,81,37.3,98.4,16,27.6,97,228,0.025,2.9,1.53,1,0,0,0.3766,Moderate,0
SYN-04795,72,0,81,154,86,36.6,96.6,14,26.9,108,189,0.023,0.5,1.61,1,0,0,0.4282,Moderate,0
SYN-09718,53,0,50,122,78,36.5,98.7,13,26.4,161,219,0.003,2.5,0.91,0,1,0,0.0319,Low,0
SYN-04638,37,0,60,118,73,36.1,95.2,16,26.7,95,243,0.027,0.5,1.54,0,0,1,0.0737,Low,0
SYN-04193,63,1,63,120,78,37.0,98.9,20,23.2,94,216,0.993,1.4,1.47,0,0,0,0.9999,High,1
SYN-09517,64,1,69,130,74,36.5,98.1,13,20.7,192,233,0.001,0.6,1.04,0,1,0,0.1043,Low,0
SYN-09665,45,1,87,156,85,36.2,97.5,15,32.1,82,236,0.005,1.0,1.18,1,0,0,0.1124,Low,0
SYN-03568,35,0,58,127,75,36.7,99.8,18,32.4,108,219,0.194,2.2,1.09,0,0,0,0.8365,High,1
SYN-00653,81,0,67,158,94,36.2,95.8,21,38.9,205,254,0.002,1.5,1.41,1,1,1,0.9587,High,1
SYN-08534,57,0,72,125,74,36.6,98.2,16,28.1,133,253,0.013,0.7,1.15,0,1,0,0.1087,Low,0
SYN-03006,47,1,90,141,77,36.6,98.1,17,30.7,102,220,0.034,0.9,1.26,1,0,0,0.2625,Low,0
SYN-03783,39,1,78,141,89,36.9,98.6,11,36.9,178,247,0.01,10.7,1.11,1,1,0,0.2516,Low,0
SYN-01072,36,0,60,108,78,37.1,98.1,22,21.1,105,240,0.022,1.6,0.79,0,0,0,0.0131,Low,0
SYN-06998,37,0,72,108,70,36.6,99.1,11,22.4,111,207,0.011,3.8,1.09,0,0,0,0.0066,Low,0
SYN-03754,66,0,90,167,88,37.5,98.4,15,35.6,113,239,0.028,1.6,1.18,1,0,0,0.5797,Moderate,1
SYN-05849,63,0,74,138,77,36.8,99.0,15,29.6,87,138,0.004,0.4,1.47,0,0,0,0.0412,Low,0
SYN-09890,42,0,84,146,80,37.4,98.8,20,25.5,94,173,0.009,0.6,1.66,1,0,1,0.2961,Low,0
SYN-01579,19,0,63,106,63,36.1,97.7,17,19.6,95,162,0.012,0.2,1.24,0,0,0,0.0026,Low,0
SYN-07504,53,0,90,130,78,37.9,94.8,18,25.0,100,216,0.009,7.9,1.21,0,0,0,0.0815,Low,0
SYN-01700,57,0,81,116,74,37.3,91.7,18,17.3,85,190,0.425,11.6,1.05,0,0,0,0.9967,High,1
SYN-02683,70,1,47,123,69,36.3,98.5,15,24.1,207,200,0.003,0.2,1.26,0,1,0,0.1186,Low,0
SYN-03003,85,1,72,152,97,36.7,95.2,16,26.3,74,197,0.007,1.2,1.74,0,0,1,0.4772,Moderate,0
SYN-08404,64,0,69,135,79,36.8,97.7,13,28.4,193,206,0.002,4.3,1.25,1,1,0,0.2481,Low,0
SYN-09273,41,0,71,116,80,36.8,99.0,20,23.7,108,233,0.005,3.5,1.28,0,0,0,0.0156,Low,0
SYN-08887,51,1,70,146,78,36.7,98.4,14,27.7,78,219,0.001,0.4,1.21,0,0,1,0.062,Low,0
SYN-03030,58,1,71,137,93,36.1,99.1,13,29.9,111,243,0.002,0.2,1.6,0,0,0,0.0585,Low,0
SYN-02321,61,0,84,124,64,37.2,94.0,16,20.3,97,228,0.001,0.2,1.4,0,0,1,0.0929,Low,0
SYN-00481,58,0,71,144,80,37.0,98.3,18,30.2,110,239,0.002,1.2,1.4,1,0,0,0.1226,Low,0
SYN-08641,68,1,88,165,90,36.5,99.0,18,31.6,243,230,0.005,1.5,1.54,1,1,1,0.9506,High,1
SYN-08480,54,0,75,100,61,37.0,99.0,15,24.8,190,200,0.007,0.2,0.89,0,1,0,0.034,Low,0
SYN-08579,80,0,69,164,95,36.4,98.0,21,28.9,84,244,0.018,1.0,1.23,1,0,0,0.5234,Moderate,1
SYN-06160,70,0,64,128,73,36.9,98.1,11,21.9,74,205,0.01,1.8,1.11,1,0,0,0.0539,Low,0
SYN-07386,51,1,98,129,77,36.2,96.2,20,30.2,88,202,0.012,2.0,1.41,0,0,1,0.1905,Low,0
SYN-05694,77,0,70,165,88,36.5,98.4,13,24.8,91,282,0.004,1.5,1.51,1,1,0,0.4459,Moderate,0
SYN-01594,42,1,61,117,65,36.4,99.3,13,30.4,94,226,0.011,2.2,1.07,0,0,0,0.0137,Low,0
SYN-07603,68,1,80,145,76,36.7,98.5,13,32.8,84,238,0.009,3.1,1.57,0,0,0,0.1627,Low,0
SYN-05399,26,1,88,138,83,38.9,95.7,24,31.4,85,237,0.004,24.6,1.1,0,0,0,0.0764,Low,0
SYN-06583,57,0,75,142,86,36.6,99.2,14,37.2,204,282,0.009,0.6,1.15,0,1,0,0.2765,Low,0
SYN-04148,86,1,95,145,84,36.6,97.0,17,25.4,155,238,0.007,1.1,1.89,1,1,1,0.9459,High,1
SYN-04219,82,1,78,155,91,36.6,96.7,10,26.5,93,254,0.019,3.5,1.5,1,0,0,0.526,Moderate,1
SYN-08975,36,1,73,131,75,37.1,97.9,12,24.2,95,167,0.006,1.6,1.37,0,0,0,0.0122,Low,0
SYN-04529,43,0,86,129,73,36.8,98.8,16,33.2,101,255,0.006,2.4,1.16,0,0,0,0.0331,Low,0
SYN-07349,63,1,83,124,74,36.4,98.5,19,22.3,156,238,0.003,1.5,1.79,0,1,1,0.3301,Moderate,0
SYN-02538,28,1,66,115,74,36.1,99.8,17,27.5,86,211,0.001,4.0,1.03,0,0,0,0.0047,Low,0
SYN-03394,37,1,71,133,71,36.8,96.1,16,34.8,223,186,0.008,0.6,1.18,0,1,1,0.235,Low,0
SYN-09623,55,0,63,159,77,37.2,98.8,18,35.0,164,243,0.015,0.7,1.6,1,1,0,0.5131,Moderate,1
SYN-04183,31,0,67,123,69,36.8,92.0,16,15.2,94,203,0.015,0.5,1.4,1,0,1,0.1202,Low,0
SYN-07889,32,1,113,120,76,38.6,97.5,17,28.5,75,255,0.008,7.6,1.04,0,0,1,0.0589,Low,0
SYN-03549,42,0,82,109,60,36.5,95.5,17,30.4,96,253,0.006,1.9,1.0,0,0,1,0.0396,Low,0
SYN-05040,36,0,73,123,79,36.4,98.2,16,28.7,103,208,0.003,1.1,1.11,0,0,0,0.0105,Low,0
SYN-03462,31,1,81,119,68,36.5,97.1,18,31.5,113,221,0.007,1.4,1.04,0,0,0,0.0182,Low,0
SYN-00001,59,0,61,132,73,36.3,98.6,19,28.2,198,240,0.004,0.9,1.06,0,1,0,0.1378,Low,0
SYN-01783,18,0,75,117,76,37.0,98.6,21,30.6,106,252,0.025,1.3,1.18,0,0,1,0.0371,Low,0
SYN-02885,54,0,57,154,85,37.1,98.2,16,31.0,96,217,0.013,1.6,0.85,0,0,0,0.06,Low,0
SYN-04545,63,0,91,159,72,37.4,99.5,18,30.1,90,223,0.016,1.5,1.24,1,0,0,0.3016,Moderate,0
SYN-03155,44,1,101,124,79,37.4,96.9,18,23.6,103,201,0.018,6.2,1.11,0,0,0,0.064,Low,0
SYN-03251,72,1,76,159,82,37.0,98.1,17,29.3,96,204,0.004,0.7,1.46,1,0,0,0.2954,Low,0
SYN-01693,32,1,79,113,64,37.0,98.3,15,24.6,83,195,0.001,1.5,1.04,0,0,1,0.0107,Low,0
SYN-00211,69,0,73,142,76,37.0,96.6,20,24.1,170,225,0.229,1.4,0.9,1,1,1,0.9995,High,1
SYN-03491,35,0,58,140,72,36.7,97.8,13,25.8,75,198,0.023,0.9,1.02,1,0,0,0.0295,Low,0
SYN-04194,38,1,78,117,80,38.1,89.4,21,34.1,92,229,0.006,11.9,1.42,0,0,0,0.0893,Low,0
SYN-05372,59,1,80,141,76,37.3,98.4,13,25.8,149,291,0.007,0.2,1.49,0,1,0,0.2125,Low,0
SYN-01100,74,1,93,146,88,36.6,98.5,14,32.6,106,248,0.018,2.4,1.34,0,0,0,0.337,Moderate,0
SYN-07748,64,0,54,154,80,37.4,98.0,17,24.4,84,235,0.01,0.7,1.3,1,0,1,0.4383,Moderate,0
SYN-03590,45,0,85,106,72,37.0,97.4,15,35.1,81,202,0.001,0.9,1.25,0,0,0,0.0121,Low,0
SYN-05647,30,1,69,143,93,37.0,98.9,17,35.8,102,211,0.007,4.7,1.06,1,0,0,0.045,Low,0
SYN-02986,47,1,78,110,82,36.9,98.3,17,36.2,137,238,0.001,0.7,1.59,0,1,1,0.1295,Low,0
SYN-00965,53,1,78,163,91,37.3,96.6,20,33.8,96,219,0.002,4.7,1.58,1,0,1,0.6637,High,1
SYN-09428,54,0,72,135,76,36.7,98.0,21,26.7,192,216,0.004,1.4,1.3,0,1,0,0.1592,Low,0
SYN-09568,35,0,79,129,87,36.3,99.3,17,29.1,164,205,0.001,0.6,0.88,0,1,0,0.0278,Low,0
SYN-08640,42,0,74,97,61,37.1,97.2,17,26.8,67,265,0.002,0.5,1.15,0,0,0,0.0066,Low,0
SYN-05949,71,1,88,132,78,36.1,98.1,20,24.9,94,218,0.371,0.2,1.3,0,0,0,0.9981,High,1
SYN-02622,43,0,74,128,69,37.3,98.4,20,33.7,195,177,0.015,0.6,0.85,0,1,0,0.1048,Low,0
SYN-05810,38,1,85,146,73,36.3,98.7,15,30.2,106,246,0.004,0.7,1.46,1,0,0,0.0748,Low,0
SYN-04214,52,0,73,143,80,36.3,98.2,13,25.7,100,230,0.006,1.4,1.72,1,0,0,0.0851,Low,0
SYN-01810,69,1,83,141,88,36.4,93.4,19,25.3,165,205,0.013,0.6,1.85,1,1,1,0.9181,High,1
SYN-03823,53,1,75,141,83,37.3,99.0,13,25.0,88,207,0.005,2.8,0.9,0,0,0,0.0282,Low,0
SYN-06727,72,0,84,123,74,37.1,99.1,16,19.0,104,197,0.012,4.4,1.32,0,0,1,0.1411,Low,0
SYN-04908,39,0,82,130,63,37.6,98.2,16,28.1,113,266,0.661,0.7,1.26,0,0,0,0.9991,High,1
SYN-01582,52,0,70,140,82,37.1,97.9,15,21.4,80,198,0.012,1.1,0.99,1,0,0,0.0463,Low,0
SYN-07730,37,0,70,140,81,37.1,98.8,11,26.9,72,224,0.016,2.2,0.9,0,0,0,0.0152,Low,0
SYN-01066,53,0,84,126,78,36.2,97.4,13,33.5,74,224,0.014,0.7,1.05,0,0,1,0.0804,Low,0
SYN-01742,78,1,73,140,81,36.5,98.2,14,27.1,223,264,0.002,1.0,1.27,0,1,0,0.419,Moderate,0
SYN-00404,48,0,54,143,84,36.5,100.0,11,34.2,84,229,0.001,0.8,0.92,0,0,0,0.0137,Low,0
SYN-07051,62,0,90,122,70,36.6,98.5,20,21.5,80,251,0.018,0.4,1.12,0,0,0,0.07,Low,0
SYN-06572,74,0,71,157,84,36.5,98.2,18,25.1,103,241,0.01,1.6,1.07,1,0,1,0.6598,High,1
SYN-06738,70,0,84,124,77,37.1,96.7,14,24.0,110,269,0.539,2.7,1.15,0,0,0,0.9993,High,1
SYN-04792,18,0,69,114,72,36.2,98.8,13,26.5,96,202,0.003,1.2,1.11,0,0,0,0.0024,Low,0
SYN-04767,38,1,69,132,72,37.0,98.4,15,25.7,71,169,0.027,0.2,1.47,1,0,0,0.0513,Low,0
SYN-06845,49,0,77,170,97,36.9,96.6,17,35.8,176,260,0.014,1.0,1.13,1,1,0,0.577,Moderate,1
SYN-07779,53,1,107,125,69,40.7,89.4,24,17.4,77,217,0.004,26.8,1.29,1,0,1,0.7242,High,1
SYN-09349,50,1,95,143,80,36.6,97.3,18,29.1,84,265,0.017,1.0,1.64,1,0,1,0.6327,Moderate,1
SYN-00107,39,0,64,105,68,36.5,92.8,17,23.9,145,203,0.003,1.7,1.1,0,1,1,0.049,Low,0
SYN-07207,75,1,79,130,79,35.9,95.3,21,30.0,55,295,0.02,2.9,1.7,0,0,0,0.3594,Moderate,0
SYN-02907,72,0,86,146,80,36.5,96.5,19,29.8,77,210,0.011,0.9,1.17,0,0,0,0.178,Low,0
SYN-00325,83,0,60,130,82,37.0,98.2,17,26.0,107,239,0.001,0.5,1.36,0,0,0,0.094,Low,0
SYN-07420,34,0,76,110,63,36.8,98.3,14,24.2,107,201,0.011,6.9,0.84,0,0,0,0.008,Low,0
SYN-03630,64,1,79,146,79,36.7,98.6,15,33.8,177,177,0.015,1.1,1.37,0,1,0,0.3731,Moderate,0
SYN-02495,71,1,92,167,91,36.5,96.3,18,29.2,76,238,0.003,0.7,1.46,1,0,0,0.426,Moderate,0
SYN-01876,25,1,65,108,69,36.4,99.6,12,24.2,84,199,0.007,0.2,1.2,0,0,0,0.0028,Low,0
SYN-07020,56,1,79,154,85,36.1,97.5,13,34.8,95,286,0.008,1.0,1.38,1,1,1,0.7322,High,1
SYN-01560,52,1,71,149,85,36.3,97.2,19,29.4,98,230,0.404,0.7,1.24,1,0,1,0.9998,High,1
SYN-03586,87,0,88,155,92,37.3,99.1,13,30.6,171,262,0.005,2.2,1.28,0,1,0,0.5726,Moderate,1
SYN-09289,66,1,85,129,80,36.8,99.2,15,18.8,118,236,0.012,1.6,1.64,0,0,0,0.1029,Low,0
SYN-00999,56,1,96,123,81,36.9,97.8,14,27.8,98,266,0.022,0.3,1.24,0,0,1,0.1956,Low,0
SYN-02980,90,1,97,170,83,37.2,93.2,24,33.6,97,272,0.012,1.1,1.72,1,0,1,0.9817,High,1
SYN-06786,36,1,62,123,71,36.9,96.9,17,35.1,77,189,0.002,0.9,1.2,0,0,0,0.012,Low,0
SYN-04900,47,1,61,113,64,37.4,100.0,17,16.5,97,188,0.001,0.5,1.51,0,0,0,0.0077,Low,0
SYN-07399,42,1,80,115,62,36.9,96.9,20,26.5,105,225,0.023,1.5,1.23,0,0,0,0.0513,Low,0
SYN-01759,38,0,76,122,72,36.6,98.4,14,29.3,119,200,0.003,2.0,0.98,0,0,0,0.011,Low,0
SYN-04306,54,0,97,147,86,38.1,98.0,15,32.4,103,227,0.002,17.0,1.4,1,0,0,0.225,Low,0
SYN-07157,57,0,78,158,86,36.6,98.5,12,35.8,261,197,0.005,0.6,1.06,1,1,0,0.4667,Moderate,0
SYN-02054,90,0,77,159,89,36.8,98.0,16,26.2,163,255,0.002,2.8,1.29,1,1,0,0.698,High,1
SYN-04152,77,0,83,152,88,36.9,97.2,19,31.9,203,205,0.013,2.2,1.2,1,1,0,0.7536,High,1
SYN-09360,46,1,72,156,95,36.5,98.0,14,34.0,152,227,0.009,0.7,1.49,1,1,0,0.3123,Moderate,0
SYN-04450,54,0,81,163,93,36.2,97.2,16,40.2,97,266,0.004,1.6,1.32,1,0,0,0.2571,Low,0
SYN-09884,50,1,89,105,76,38.3,96.9,21,20.8,106,236,0.896,6.9,1.07,0,0,0,0.9998,High,1
SYN-05791,72,0,87,145,92,36.4,96.9,15,33.4,71,254,0.006,2.7,1.15,1,0,1,0.6076,Moderate,1
SYN-06406,67,1,93,153,91,37.1,100.0,14,37.0,185,175,0.003,0.9,1.67,1,1,0,0.5525,Moderate,1
SYN-06847,49,0,74,117,82,36.8,97.0,15,21.4,92,156,0.001,3.1,1.15,0,0,1,0.0209,Low,0
SYN-02787,54,0,100,159,83,39.5,98.9,19,33.2,87,242,0.01,22.2,1.42,1,0,0,0.453,Moderate,0
SYN-00893,47,1,77,152,74,36.8,98.3,18,27.4,98,238,0.048,1.2,1.23,1,0,0,0.6478,Moderate,1
SYN-02253,65,1,82,155,83,37.2,98.3,18,30.4,176,239,0.013,31.5,1.54,1,1,1,0.9698,High,1
SYN-00460,54,1,91,141,76,39.5,97.8,20,28.3,81,222,0.018,30.8,1.36,1,0,1,0.808,High,1
SYN-07769,58,0,72,148,84,36.5,99.2,15,27.5,112,235,2.246,1.9,1.35,1,0,0,1.0,High,1
SYN-05462,51,0,63,127,72,36.7,97.7,13,28.6,198,174,0.005,1.0,0.88,0,1,1,0.1076,Low,0
SYN-08977,55,0,58,134,86,37.3,98.1,13,26.9,79,201,0.002,1.7,1.2,0,0,0,0.0178,Low,0
SYN-08787,80,0,85,147,75,36.6,97.5,18,29.4,191,221,0.004,4.4,1.06,0,1,0,0.496,Moderate,0
SYN-05401,49,0,80,140,83,37.0,93.5,21,30.0,192,197,0.001,0.3,1.39,1,1,1,0.7035,High,1
SYN-09918,58,1,96,123,74,37.0,98.8,15,24.7,92,192,0.011,2.3,1.6,0,0,0,0.0624,Low,0
SYN-09468,32,0,67,94,74,36.9,97.3,17,21.8,101,231,0.004,7.4,0.77,0,0,0,0.0037,Low,0
SYN-07629,51,1,74,163,84,36.5,96.7,16,34.8,95,256,0.004,3.4,1.43,1,0,0,0.2353,Low,0
SYN-08093,65,1,45,121,70,36.2,99.4,14,29.6,85,175,0.014,0.2,1.44,0,0,1,0.07,Low,0
SYN-08233,58,1,67,135,76,36.6,98.4,14,22.0,90,197,0.001,2.5,1.44,0,0,1,0.062,Low,0
SYN-08921,63,0,84,154,81,36.9,99.4,15,16.0,114,233,0.007,1.3,1.64,1,0,0,0.1629,Low,0
SYN-03546,44,0,82,119,70,36.4,99.4,16,25.0,99,204,0.002,0.6,0.7,0,0,0,0.0083,Low,0
SYN-02975,56,0,76,139,89,36.5,99.3,19,33.4,196,249,0.001,1.5,1.24,1,1,0,0.2968,Low,0
SYN-01784,38,0,88,128,79,37.5,98.7,22,30.2,97,214,0.006,2.1,1.11,0,0,0,0.0265,Low,0
SYN-05017,39,0,67,130,82,36.6,98.2,13,25.5,87,178,0.003,0.3,1.02,1,0,0,0.0125,Low,0
SYN-07187,44,0,88,130,77,37.2,98.3,16,20.4,90,194,0.016,0.2,1.08,0,0,0,0.024,Low,0
SYN-09444,34,0,67,119,63,37.1,98.3,15,32.0,116,194,0.004,2.1,0.97,0,1,0,0.0156,Low,0
SYN-01446,59,1,66,121,75,36.5,98.9,13,26.4,101,227,0.004,0.8,1.45,0,0,0,0.0297,Low,0
SYN-06980,29,0,61,101,67,36.6,99.1,18,25.7,63,160,0.044,1.8,1.14,0,0,0,0.0295,Low,0
SYN-08891,51,1,78,135,69,36.3,98.9,17,31.7,137,210,0.017,0.7,1.12,0,1,0,0.1542,Low,0
SYN-00650,48,0,80,120,68,36.7,98.0,15,24.9,113,196,0.147,3.6,0.96,0,0,0,0.7641,High,1
SYN-02856,79,0,88,165,81,37.2,95.9,18,38.4,241,276,0.014,0.8,1.13,1,1,1,0.9833,High,1
SYN-06548,81,0,80,176,90,37.1,98.8,18,42.1,118,277,0.004,1.4,1.16,1,1,0,0.7735,High,1
SYN-00222,58,0,73,149,82,36.5,99.7,17,28.6,115,203,0.018,0.2,1.5,1,0,0,0.1948,Low,0
SYN-07397,63,0,95,143,85,37.1,98.9,14,21.1,152,204,0.004,0.2,1.18,0,1,0,0.1361,Low,0
SYN-00075,56,0,87,144,91,37.4,99.0,16,34.5,86,192,0.002,1.9,1.27,1,0,0,0.0926,Low,0
SYN-03017,44,0,68,109,74,37.1,99.0,14,25.2,94,232,0.01,0.4,0.8,0,0,0,0.0078,Low,0
SYN-01288,54,1,61,157,77,36.8,97.3,20,32.8,96,192,0.002,0.7,1.18,1,0,1,0.4207,Moderate,0
SYN-04876,47,0,78,125,78,36.4,98.4,15,27.3,82,242,0.009,1.2,1.16,0,0,0,0.0226,Low,0
SYN-06048,45,0,70,119,80,36.6,99.2,11,21.9,85,244,0.014,1.9,1.07,0,0,0,0.012,Low,0
SYN-09417,51,1,90,114,63,37.4,97.9,15,18.5,83,170,0.011,0.4,1.33,0,0,0,0.0197,Low,0
SYN-06689,78,0,68,144,74,36.3,97.7,18,23.9,75,217,0.004,1.0,1.18,1,0,0,0.1542,Low,0
SYN-01821,20,0,78,125,75,37.0,98.7,13,19.2,109,187,0.026,0.2,1.12,1,0,0,0.0144,Low,0
SYN-01371,30,1,80,106,61,36.7,97.8,16,21.5,104,153,0.001,1.1,1.34,0,0,1,0.0097,Low,0
SYN-04423,31,0,103,151,79,36.6,98.9,18,28.3,89,195,0.004,0.3,1.16,1,0,0,0.0443,Low,0
SYN-04513,74,1,83,152,89,37.1,96.2,18,31.9,95,185,0.009,2.7,1.43,1,0,0,0.4144,Moderate,0
SYN-07270,62,0,90,158,88,37.7,98.7,21,31.1,219,225,0.002,3.0,1.12,1,1,0,0.5866,Moderate,1
SYN-08634,71,0,79,149,94,36.5,100.0,16,20.0,98,254,0.006,1.4,1.17,1,0,0,0.1487,Low,0
SYN-05550,38,1,101,153,89,36.5,98.9,15,28.1,95,183,0.003,0.5,1.35,1,0,0,0.0668,Low,0
SYN-06623,77,1,89,164,93,39.2,93.3,22,36.7,213,230,0.011,6.5,1.64,1,1,0,0.9512,High,1
SYN-02160,42,1,73,134,79,36.8,97.6,18,32.4,84,248,0.017,1.9,1.34,0,0,0,0.0636,Low,0
SYN-03273,51,1,72,140,80,36.9,98.9,18,31.0,156,242,0.175,1.3,1.6,1,1,0,0.9914,High,1
SYN-07447,57,0,61,126,81,36.7,98.1,15,26.1,112,199,0.006,1.7,1.15,0,0,0,0.0264,Low,0
SYN-09129,64,0,89,162,85,36.6,99.3,14,27.0,194,165,2.251,1.0,1.45,1,1,0,1.0,High,1
SYN-01311,35,1,67,111,56,36.8,99.0,18,22.0,98,217,0.003,5.4,1.26,0,0,0,0.0083,Low,0
SYN-04565,62,0,75,120,65,36.9,97.9,19,15.0,101,217,0.007,1.8,0.98,0,0,0,0.0274,Low,0
SYN-02663,48,1,74,136,81,37.0,98.2,16,24.1,84,228,0.004,0.8,1.21,0,0,0,0.0272,Low,0
SYN-06192,68,1,67,130,73,36.6,98.0,14,25.0,99,263,1.159,6.1,1.49,0,0,0,1.0,High,1
SYN-04134,53,0,63,147,82,36.5,97.3,17,23.2,103,185,0.004,0.8,1.25,1,0,0,0.0615,Low,0
SYN-04791,26,0,93,134,74,36.9,98.2,18,26.5,97,203,0.001,0.3,0.97,0,0,1,0.0201,Low,0
SYN-01481,61,0,69,141,83,37.0,98.3,16,26.6,97,240,0.003,0.7,1.21,1,0,0,0.0848,Low,0
SYN-02515,56,1,87,128,80,36.4,99.1,17,25.9,103,209,0.001,2.0,1.14,0,1,0,0.0642,Low,0
SYN-09370,74,0,78,127,65,37.4,98.6,19,27.8,88,212,0.018,2.8,1.15,0,0,1,0.2382,Low,0
SYN-02965,54,1,70,137,75,36.7,97.0,19,30.1,62,217,0.017,1.2,1.34,1,0,0,0.1351,Low,0
SYN-01870,58,0,87,161,88,36.6,97.9,22,27.9,150,220,0.001,0.5,1.36,1,1,0,0.4182,Moderate,0
SYN-05460,68,0,61,117,65,36.0,98.4,18,26.7,85,227,0.001,0.8,1.24,0,0,0,0.0287,Low,0
SYN-06453,49,0,71,152,85,37.2,97.9,14,28.1,101,211,0.001,0.2,1.52,1,0,0,0.0694,Low,0
SYN-06600,74,0,94,160,91,36.4,97.3,17,21.5,81,200,0.017,4.5,1.45,1,0,1,0.7874,High,1
SYN-03355,48,0,71,125,85,36.5,98.6,16,22.4,99,213,0.051,6.3,1.17,0,1,0,0.3832,Moderate,0
SYN-04478,46,0,64,139,74,36.2,97.3,18,29.4,135,218,0.006,1.3,0.96,1,1,1,0.3852,Moderate,0
SYN-00903,52,0,86,123,97,36.5,97.1,12,23.2,78,233,0.022,0.3,0.77,0,0,0,0.03,Low,0
SYN-09943,33,0,62,142,88,36.3,99.4,16,38.1,123,171,0.01,1.6,1.3,1,1,0,0.0775,Low,0
SYN-04741,50,1,61,128,72,37.0,98.6,15,28.8,91,264,0.005,1.2,1.17,0,0,0,0.0266,Low,0
SYN-03281,82,1,70,147,86,36.6,98.4,17,26.3,86,211,0.003,6.1,1.84,1,0,0,0.3487,Moderate,0
SYN-07874,45,1,76,120,70,36.5,99.3,13,18.7,92,235,0.002,0.6,1.41,0,0,1,0.0237,Low,0
SYN-09102,61,1,84,147,86,36.5,99.6,16,23.3,94,225,0.015,4.4,1.74,1,0,0,0.247,Low,0
SYN-03105,53,0,71,153,91,36.9,98.6,20,28.8,86,126,0.004,0.7,1.2,1,0,0,0.0686,Low,0
SYN-00797,70,1,80,134,83,36.9,97.9,12,31.8,241,240,0.001,1.6,0.86,0,1,0,0.287,Low,0
SYN-01172,23,1,111,105,67,39.7,97.8,20,25.4,91,190,0.005,32.5,1.37,0,0,0,0.0306,Low,0
SYN-06932,67,0,67,142,77,37.1,99.2,14,26.3,100,241,0.003,0.6,1.17,1,0,0,0.0896,Low,0
SYN-08219,67,0,81,149,87,36.5,98.2,20,34.9,107,268,0.008,1.3,1.66,1,0,0,0.3894,Moderate,0
SYN-08557,48,1,86,139,84,37.0,98.3,14,19.1,106,248,0.003,1.4,1.64,1,0,0,0.0726,Low,0
SYN-04218,62,0,49,165,101,36.7,98.3,18,21.5,91,245,0.002,0.2,0.88,1,0,0,0.088,Low,0
SYN-08099,54,1,96,153,94,36.8,97.4,24,33.5,175,263,0.006,1.1,1.48,1,1,0,0.6545,High,1
SYN-06884,48,1,81,147,79,36.9,98.0,17,30.3,93,243,0.002,1.8,1.36,1,0,0,0.1043,Low,0
SYN-09534,22,1,66,115,66,37.0,97.6,12,22.6,73,217,0.009,1.7,1.18,0,0,1,0.0081,Low,0
SYN-04872,57,0,74,143,74,36.6,99.2,18,24.5,92,202,0.025,3.0,1.5,1,0,0,0.1879,Low,0
SYN-09475,43,1,98,129,70,36.7,97.9,18,27.0,111,190,2.236,1.5,0.86,0,0,0,1.0,High,1
SYN-05204,35,1,74,113,67,36.7,98.4,15,29.3,103,235,0.01,0.6,1.27,0,0,0,0.0145,Low,0
SYN-04568,57,0,52,105,61,36.7,97.5,18,25.1,97,198,0.003,0.6,1.2,0,0,0,0.0119,Low,0
SYN-02375,48,1,66,125,75,36.5,98.0,16,34.7,95,239,0.001,1.6,1.32,0,0,0,0.0287,Low,0
SYN-05787,63,1,80,144,77,37.3,98.5,10,29.9,78,235,0.003,2.3,1.72,1,0,1,0.4322,Moderate,0
SYN-00216,70,1,103,140,80,36.3,95.1,15,23.7,188,195,0.003,0.5,1.56,1,1,1,0.8586,High,1
SYN-00480,90,1,83,154,84,37.1,95.6,14,23.7,103,245,0.001,1.0,1.71,1,0,0,0.5089,Moderate,1
SYN-00719,48,1,70,160,83,37.5,98.7,14,36.1,197,231,0.002,1.8,1.71,1,1,0,0.409,Moderate,0
SYN-07057,90,0,73,161,85,36.8,97.8,17,31.2,226,177,0.997,0.6,1.33,1,1,1,1.0,High,1
SYN-06460,68,1,77,138,81,36.4,97.6,14,27.9,139,238,0.012,2.2,1.52,0,1,0,0.3085,Moderate,0
SYN-07363,47,1,62,113,70,36.8,99.5,18,27.7,193,219,0.006,0.6,1.05,0,1,0,0.0512,Low,0
SYN-09098,71,0,70,120,73,36.6,96.3,15,29.9,83,258,0.003,0.4,1.26,0,0,0,0.0563,Low,0
SYN-03619,60,1,66,112,61,36.3,99.6,20,23.9,101,252,0.025,0.6,1.21,0,0,0,0.0664,Low,0
SYN-04789,86,0,89,121,64,36.4,98.5,15,23.1,105,233,0.001,1.0,1.4,0,0,0,0.1013,Low,0
SYN-01395,24,1,72,119,81,36.3,96.1,15,23.3,102,169,0.004,0.7,1.27,0,0,1,0.0127,Low,0
SYN-07979,66,1,73,121,75,37.1,99.0,15,22.8,92,201,0.001,0.9,1.4,1,0,0,0.0528,Low,0
SYN-04975,47,1,83,152,92,36.8,97.6,13,44.6,155,203,0.004,1.0,1.58,1,1,0,0.3625,Moderate,0
SYN-03024,42,0,77,125,76,36.7,96.6,20,20.9,95,229,0.022,0.6,1.15,1,0,0,0.0648,Low,0
SYN-08971,59,1,82,164,86,36.9,95.5,17,20.5,90,229,0.007,0.6,1.66,1,0,1,0.6524,High,1
SYN-06234,83,0,88,159,88,37.0,98.7,17,31.2,189,247,0.919,0.9,1.44,1,1,0,1.0,High,1
SYN-06745,62,0,64,120,61,36.8,98.6,13,19.8,96,165,0.013,0.3,1.24,0,0,0,0.0211,Low,0
SYN-01648,73,0,92,145,79,38.1,97.9,20,34.6,202,247,0.013,18.6,1.57,1,1,0,0.879,High,1
SYN-07309,42,1,75,116,79,36.8,97.8,16,26.5,94,259,0.005,1.2,0.94,0,0,0,0.015,Low,0
SYN-08602,67,0,87,149,82,37.9,97.5,18,20.8,93,210,0.013,1.2,1.49,1,0,0,0.2427,Low,0
SYN-06902,76,0,79,139,78,36.7,94.1,17,19.1,98,244,1.208,0.2,1.45,0,0,1,1.0,High,1
SYN-09296,60,0,104,170,86,38.3,92.9,20,23.8,94,264,0.023,16.2,1.39,1,0,0,0.7646,High,1
SYN-06461,75,0,68,126,81,38.7,98.9,18,28.6,64,209,1.525,14.3,1.41,0,0,0,1.0,High,1
SYN-03746,48,0,75,149,87,36.7,98.9,19,28.9,144,205,0.007,0.7,1.48,1,1,0,0.2198,Low,0
SYN-02369,40,0,76,122,66,36.3,98.7,17,22.0,67,251,0.003,0.4,0.79,0,0,0,0.0072,Low,0
SYN-08909,46,1,88,136,84,38.6,96.7,15,30.2,162,267,0.003,20.4,1.54,1,1,0,0.422,Moderate,0
SYN-03582,87,0,88,181,104,36.9,98.9,19,42.1,174,231,0.002,2.5,1.44,1,1,0,0.9001,High,1
SYN-06359,72,1,80,127,66,36.6,98.3,16,18.2,91,188,1.018,0.2,1.63,0,0,0,0.9999,High,1
SYN-08481,50,0,66,150,85,36.0,98.4,14,21.4,176,208,0.005,0.5,1.17,1,1,0,0.1412,Low,0
SYN-06827,22,0,75,119,77,36.3,97.8,14,27.0,108,250,0.479,0.6,0.68,0,0,1,0.9906,High,1
SYN-06799,29,0,75,112,71,36.2,97.6,14,15.0,94,190,0.004,3.6,1.17,0,0,0,0.0036,Low,0
SYN-03625,53,1,100,144,74,39.7,97.8,22,32.4,80,214,0.003,7.4,1.48,1,0,0,0.2246,Low,0
SYN-06965,77,1,78,135,88,36.5,96.3,17,26.1,197,229,0.018,1.2,1.43,0,1,0,0.5834,Moderate,1
SYN-02576,60,1,78,135,80,36.4,98.3,15,28.3,105,214,0.004,1.6,1.17,0,0,1,0.1133,Low,0
SYN-04592,79,0,59,167,98,37.0,97.1,12,34.0,152,228,0.001,2.0,1.29,1,1,0,0.5404,Moderate,1
SYN-03080,71,0,83,133,72,36.7,95.7,18,31.5,97,333,0.03,0.7,1.47,0,0,0,0.4242,Moderate,0
SYN-07038,41,1,73,102,61,36.8,98.4,16,23.4,101,218,0.006,3.6,1.4,0,0,1,0.0233,Low,0
SYN-07847,63,0,94,134,76,36.5,97.5,19,34.1,83,247,0.016,1.1,0.89,0,0,0,0.1344,Low,0
SYN-04841,57,0,62,134,80,36.6,96.8,15,20.1,98,237,0.008,0.2,1.4,0,0,0,0.0384,Low,0
SYN-06620,45,0,70,147,74,36.7,99.2,16,28.7,92,241,0.01,0.7,1.23,1,0,0,0.0669,Low,0
SYN-03239,69,1,73,130,72,36.7,97.8,16,30.4,93,282,0.006,3.7,1.41,0,0,0,0.1258,Low,0
SYN-05481,65,0,77,137,80,36.5,98.1,13,28.7,87,229,0.007,0.8,1.45,0,0,0,0.0695,Low,0
SYN-00654,36,0,69,102,66,37.2,97.3,13,20.6,93,177,0.001,6.0,0.87,0,0,0,0.0029,Low,0
SYN-04553,43,0,70,119,73,36.2,98.5,19,22.0,97,175,0.001,4.1,0.8,0,0,1,0.0164,Low,0
SYN-07761,56,1,83,141,84,37.1,98.6,12,20.5,100,233,0.002,1.3,1.43,1,0,1,0.2768,Low,0
SYN-05569,52,1,68,126,81,36.6,99.3,13,30.0,140,229,0.008,3.2,1.6,1,1,0,0.154,Low,0
SYN-03144,58,0,67,121,77,36.9,97.5,15,18.9,121,235,0.028,1.3,1.15,0,0,0,0.0628,Low,0
SYN-03375,54,1,72,146,76,36.3,98.4,19,34.7,105,280,0.003,6.2,1.85,1,1,0,0.3916,Moderate,0
SYN-06254,45,0,99,161,91,37.0,98.7,17,28.0,75,228,0.008,0.5,1.13,1,0,0,0.1112,Low,0
SYN-00617,65,1,69,163,87,37.0,100.0,17,32.8,222,256,0.007,0.5,1.55,1,1,0,0.6831,High,1
SYN-00355,71,1,61,149,97,36.6,97.2,17,23.3,122,263,0.004,0.8,1.1,1,0,0,0.2092,Low,0
SYN-04449,76,0,86,152,83,36.2,97.6,19,35.5,85,183,0.008,3.2,1.81,1,0,0,0.4479,Moderate,0
SYN-07716,35,0,83,111,73,37.5,99.2,16,26.4,269,216,0.007,1.0,0.98,0,1,0,0.0523,Low,0
SYN-02178,62,0,67,143,70,37.0,98.5,14,34.0,74,155,0.004,3.0,1.39,1,0,0,0.0794,Low,0
SYN-07400,54,0,74,158,82,37.0,98.4,15,26.1,208,210,0.017,7.1,1.29,1,1,0,0.5126,Moderate,1
SYN-03110,41,1,84,137,77,37.2,98.0,12,32.6,172,159,0.003,1.1,1.53,1,1,0,0.1338,Low,0
SYN-05981,42,0,67,130,79,36.2,98.8,14,26.3,90,205,0.009,0.2,1.34,0,0,0,0.0155,Low,0
SYN-01411,47,0,62,122,64,37.0,97.6,17,30.7,55,212,0.022,0.6,0.92,0,0,0,0.0228,Low,0
SYN-03446,49,1,79,110,73,36.5,99.7,15,26.4,103,240,0.003,2.2,1.16,0,0,0,0.0158,Low,0
SYN-00604,44,0,93,117,72,38.9,91.4,25,22.3,107,230,0.024,7.0,0.63,0,0,1,0.1881,Low,0
SYN-08325,45,1,85,154,85,37.1,97.6,16,30.7,99,241,0.001,1.3,1.05,1,0,1,0.3408,Moderate,0
SYN-00040,64,1,67,140,77,36.9,98.2,16,21.3,77,227,0.014,0.5,1.69,1,0,1,0.4705,Moderate,0
SYN-02892,61,1,62,112,70,36.9,98.4,10,27.7,97,235,0.005,1.3,1.54,0,0,0,0.0252,Low,0
SYN-03346,50,1,60,114,71,36.9,98.8,17,25.5,94,225,0.003,4.0,1.31,0,0,0,0.017,Low,0
SYN-09037,31,1,77,145,74,36.6,98.3,15,32.6,89,174,0.004,3.1,1.4,1,0,0,0.0381,Low,0
SYN-00683,74,1,61,108,73,36.8,95.4,16,23.2,96,197,0.002,0.8,1.31,0,0,0,0.0388,Low,0
SYN-01858,71,1,79,125,66,36.8,98.5,13,28.4,192,237,0.006,2.8,1.2,0,1,0,0.239,Low,0
SYN-08765,77,0,71,155,82,37.1,95.4,16,34.6,73,227,0.138,1.4,1.11,1,0,0,0.9846,High,1
SYN-06428,36,0,91,124,65,36.9,98.8,15,26.0,149,230,0.008,0.2,1.33,0,1,1,0.0903,Low,0
SYN-07368,61,1,88,142,83,36.7,98.3,16,35.0,103,196,0.004,0.9,1.52,1,0,0,0.1879,Low,0
SYN-07895,80,0,104,164,85,37.4,94.1,19,29.0,95,233,0.001,0.9,1.41,1,0,1,0.8691,High,1
SYN-00743,38,1,78,97,74,36.6,97.9,13,24.6,84,233,0.025,1.0,1.15,0,0,0,0.0133,Low,0
SYN-00601,62,1,92,137,85,38.7,90.0,24,28.4,159,211,0.007,16.7,1.91,0,1,0,0.7402,High,1
SYN-00007,56,1,76,146,95,38.0,93.2,19,27.3,94,226,0.004,11.4,1.25,1,0,1,0.6212,Moderate,1
SYN-09882,58,1,63,133,86,36.8,95.6,15,23.7,165,252,0.001,1.5,1.37,0,1,1,0.2469,Low,0
SYN-05189,56,0,52,112,65,37.0,97.5,20,19.0,93,174,0.004,3.5,1.1,0,0,1,0.0252,Low,0
SYN-07648,76,1,81,157,94,36.8,98.4,13,27.5,90,301,0.001,3.2,1.24,1,0,0,0.3036,Moderate,0
SYN-00553,59,0,66,121,82,36.2,98.3,16,25.3,96,226,0.012,1.9,0.91,0,0,1,0.0612,Low,0
SYN-06197,68,0,85,132,69,36.9,99.2,16,27.7,93,189,0.002,1.9,0.77,0,0,0,0.0393,Low,0
SYN-09873,65,1,66,139,88,36.4,93.5,19,26.5,104,228,0.013,3.1,1.33,1,0,1,0.6726,High,1
SYN-03291,51,1,67,148,89,36.9,98.1,19,24.9,94,189,0.009,1.8,1.52,1,0,1,0.3844,Moderate,0
SYN-02570,62,1,102,165,91,36.7,98.6,16,30.7,185,258,1.636,0.9,1.63,1,1,0,1.0,High,1
SYN-00432,62,0,68,144,77,37.1,97.3,16,36.6,133,241,0.005,2.7,1.48,1,1,0,0.3581,Moderate,0
SYN-06426,78,1,64,133,76,36.2,99.0,11,33.5,84,258,0.015,1.4,1.26,0,0,0,0.1387,Low,0
SYN-09592,43,0,93,116,76,36.7,97.5,19,26.6,76,164,0.001,1.7,1.11,0,0,1,0.0246,Low,0
SYN-07653,54,0,66,127,77,36.6,97.9,15,24.7,81,253,0.001,6.0,1.47,0,0,0,0.0276,Low,0
SYN-05192,62,1,86,150,80,37.0,98.0,18,35.4,221,233,0.013,1.5,1.58,0,1,0,0.6294,Moderate,1
SYN-03729,59,0,92,141,86,36.9,98.8,15,28.0,93,192,0.015,0.4,1.03,1,0,0,0.1192,Low,0
SYN-09637,41,1,59,119,56,36.9,98.8,13,22.8,97,230,0.011,0.7,1.19,0,0,0,0.0115,Low,0
SYN-01357,48,1,78,128,62,37.0,97.5,15,29.9,156,183,0.014,3.3,1.41,0,1,1,0.2467,Low,0
SYN-09067,68,0,92,150,83,36.5,98.2,16,34.7,234,238,0.005,1.1,1.54,1,1,0,0.6977,High,1
SYN-03562,56,0,91,152,91,36.9,97.6,17,30.6,204,219,0.006,3.3,1.2,1,1,0,0.4745,Moderate,0
SYN-09926,66,0,56,146,84,36.5,98.2,13,37.8,93,267,0.005,2.4,1.46,0,0,0,0.1065,Low,0
SYN-08622,75,1,96,177,88,36.9,97.8,19,37.9,181,194,0.002,0.9,1.59,1,1,0,0.8517,High,1
SYN-09362,45,0,60,117,74,36.6,99.3,21,30.5,70,204,0.001,2.7,1.2,0,0,0,0.0107,Low,0
SYN-05246,56,1,64,119,75,37.0,98.4,15,25.8,99,252,0.001,1.6,1.0,0,0,0,0.02,Low,0
SYN-06238,33,0,66,126,84,36.5,97.4,15,26.1,87,225,0.01,0.7,1.1,1,0,0,0.0182,Low,0
SYN-03499,50,1,70,158,98,36.4,98.1,20,30.3,91,218,0.008,2.2,1.7,1,0,0,0.2031,Low,0
SYN-00533,47,1,65,139,83,36.6,95.8,16,30.9,138,213,0.003,1.5,1.0,1,1,1,0.4396,Moderate,0
SYN-06248,46,0,96,121,74,39.2,89.7,23,31.6,79,162,0.001,17.3,1.32,0,0,1,0.1855,Low,0
SYN-04257,26,0,84,132,84,36.7,97.4,20,21.5,90,202,0.035,1.1,0.69,0,0,0,0.0257,Low,0
SYN-08623,51,0,75,135,83,37.6,98.6,14,28.0,97,223,0.001,1.4,1.08,0,0,0,0.0226,Low,0
SYN-00499,22,0,100,137,78,36.4,98.8,20,25.6,103,223,0.001,1.8,0.57,1,0,0,0.0158,Low,0
SYN-07002,40,1,79,156,76,36.8,98.8,15,31.1,81,180,0.001,0.5,1.49,1,0,0,0.057,Low,0
SYN-02186,54,1,67,123,68,37.4,98.3,15,25.0,184,209,0.016,2.2,1.14,0,1,0,0.1241,Low,0
SYN-07385,71,0,114,154,81,37.0,99.1,16,31.1,173,278,0.027,2.0,1.73,1,1,0,0.8749,High,1
SYN-03873,46,0,66,128,69,37.2,98.0,18,25.0,107,236,0.007,0.6,0.81,0,0,0,0.0189,Low,0
SYN-07837,33,0,73,166,91,36.4,99.5,12,31.3,112,236,0.008,1.0,1.23,1,0,0,0.0634,Low,0
SYN-03508,61,0,109,146,80,38.7,96.6,20,36.9,92,191,0.005,11.9,1.15,1,0,0,0.3422,Moderate,0
SYN-06636,51,0,76,155,78,36.7,98.7,19,41.0,188,239,0.001,4.8,1.05,1,1,1,0.7652,High,1
SYN-06710,78,0,72,161,97,37.0,98.4,14,32.7,101,230,0.013,1.9,1.53,1,0,0,0.4442,Moderate,0
SYN-09581,37,0,66,126,81,38.7,98.6,15,25.3,89,152,0.001,24.6,0.93,0,0,0,0.0123,Low,0
SYN-08199,37,0,90,130,79,38.9,95.7,21,23.1,99,210,0.006,25.9,0.84,0,0,0,0.0546,Low,0
SYN-00113,44,0,70,117,71,36.4,98.8,12,18.1,82,209,0.004,0.7,0.82,0,0,0,0.0046,Low,0
SYN-07799,77,1,106,165,99,36.4,95.7,17,35.2,146,288,0.009,1.4,1.29,1,1,0,0.8683,High,1
SYN-09599,46,0,67,116,71,36.7,98.3,18,27.4,86,189,0.009,1.5,0.98,0,0,0,0.0129,Low,0
SYN-08648,63,0,86,143,81,39.0,97.2,16,36.7,226,216,0.006,23.2,1.16,1,1,1,0.9294,High,1
SYN-06252,65,0,79,123,71,37.0,97.7,19,29.3,189,284,0.001,0.2,1.38,1,1,0,0.3259,Moderate,0
SYN-02090,61,1,68,116,65,36.8,99.9,15,34.0,108,232,0.022,1.8,1.34,0,0,0,0.0819,Low,0
SYN-04577,40,0,82,141,85,36.8,95.3,18,25.0,82,203,0.001,0.8,1.21,1,0,1,0.1754,Low,0
SYN-02234,79,1,63,145,89,37.0,97.1,19,25.8,89,246,0.001,1.6,1.59,1,0,1,0.6528,High,1
SYN-03323,57,0,73,145,75,36.8,98.6,16,24.6,190,275,0.001,3.1,1.45,1,1,0,0.2999,Low,0
SYN-08692,49,1,73,131,73,36.6,98.4,14,29.6,70,243,0.007,0.7,1.3,0,0,1,0.0609,Low,0
SYN-05617,52,1,87,126,74,37.0,98.4,19,27.3,71,233,0.001,0.3,1.29,0,0,0,0.0318,Low,0
SYN-07388,57,1,54,120,69,36.6,97.5,16,26.4,136,243,0.029,0.3,1.34,0,1,0,0.1681,Low,0
SYN-02745,70,1,69,153,86,36.5,98.7,16,37.4,106,236,0.007,0.9,1.68,1,0,0,0.3623,Moderate,0
SYN-01721,71,0,69,148,76,36.5,96.1,18,31.6,109,236,0.004,1.1,1.43,1,1,0,0.4124,Moderate,0
SYN-09266,29,0,66,117,68,36.4,99.8,13,28.8,105,202,0.018,5.4,0.92,0,0,0,0.0085,Low,0
SYN-08297,53,0,107,154,91,36.7,97.8,11,31.3,82,184,0.003,0.5,1.26,1,0,1,0.3574,Moderate,0
SYN-06008,31,0,67,148,73,35.7,98.0,17,31.1,196,209,0.014,1.3,1.2,1,1,0,0.1751,Low,0
SYN-01047,45,1,64,130,70,37.0,96.5,20,29.4,104,239,0.002,1.3,1.43,0,0,1,0.0801,Low,0
SYN-06994,55,0,74,117,71,37.4,98.3,16,18.8,75,206,0.033,7.7,1.16,0,0,0,0.0512,Low,0
SYN-01727,39,1,84,124,74,36.8,97.7,19,35.8,161,218,0.005,0.8,1.45,0,1,1,0.1948,Low,0
SYN-09311,55,1,78,145,88,36.8,97.7,18,24.1,73,215,0.022,0.2,1.39,1,0,0,0.179,Low,0
SYN-00154,46,0,73,118,55,36.7,98.3,15,20.4,94,249,0.016,1.3,1.46,0,0,0,0.0243,Low,0
SYN-02635,72,1,76,121,77,37.0,96.3,16,31.7,78,215,0.001,7.4,1.42,0,0,0,0.0915,Low,0
SYN-08331,35,0,93,118,72,36.1,100.0,12,22.1,78,202,0.033,1.8,0.93,0,0,0,0.0157,Low,0
SYN-07945,52,0,67,130,68,36.7,98.1,14,28.9,151,239,0.006,1.7,1.26,0,1,0,0.0798,Low,0
SYN-00878,50,1,77,125,71,36.5,98.3,14,19.3,89,211,0.006,0.9,1.45,0,0,0,0.0215,Low,0
SYN-04502,71,1,77,128,75,37.0,96.7,20,25.1,74,256,0.001,0.9,1.35,1,0,1,0.453,Moderate,0
SYN-08210,74,0,60,125,66,36.1,96.5,21,21.0,84,236,0.003,4.8,1.35,0,0,0,0.0724,Low,0
SYN-00407,52,0,76,153,87,37.0,97.9,22,36.5,175,204,0.009,1.1,1.25,1,1,1,0.7966,High,1
SYN-01040,65,1,73,155,90,37.1,97.5,14,30.1,103,239,0.027,1.3,1.42,1,0,1,0.791,High,1
SYN-01250,29,0,67,112,66,37.0,98.8,14,28.0,89,205,0.134,0.6,1.08,0,0,0,0.3607,Moderate,0
SYN-01883,47,1,70,137,81,36.5,95.5,16,37.5,72,231,0.001,0.9,1.09,0,0,1,0.0774,Low,0
SYN-01645,30,1,86,120,60,36.8,98.2,13,29.8,81,208,0.01,0.4,1.65,0,0,0,0.015,Low,0
SYN-04140,59,1,85,141,75,36.8,98.2,16,29.7,104,288,0.002,1.2,1.32,0,1,0,0.1695,Low,0
SYN-05510,61,0,68,137,69,36.5,98.3,20,33.2,92,239,0.004,1.2,1.5,0,0,1,0.1618,Low,0
SYN-00672,58,1,83,117,63,37.6,97.8,19,28.4,101,214,0.004,1.0,1.52,0,0,1,0.106,Low,0
SYN-02781,78,1,75,150,74,36.6,96.5,21,31.7,92,227,0.003,1.6,1.77,1,0,0,0.4599,Moderate,0
SYN-06634,33,0,94,121,84,37.1,98.6,19,25.9,91,166,0.005,0.3,0.97,0,0,0,0.0092,Low,0
SYN-04811,55,0,86,112,58,36.7,99.3,13,26.3,74,205,0.006,0.2,1.4,0,0,0,0.0162,Low,0
SYN-02690,23,1,71,128,83,36.3,98.9,11,23.3,104,203,0.011,4.0,1.18,0,0,0,0.0076,Low,0
SYN-04205,76,1,75,132,73,37.2,98.2,15,19.7,90,212,0.013,2.0,1.3,0,0,1,0.1998,Low,0
SYN-06505,57,0,85,157,79,37.0,98.6,15,31.3,145,196,0.002,2.4,1.22,1,1,0,0.2774,Low,0
SYN-03575,44,0,76,118,70,36.7,98.5,14,24.5,99,224,0.006,2.7,1.36,0,0,0,0.0152,Low,0
SYN-08310,54,0,73,147,87,36.2,98.7,16,26.2,236,214,0.017,0.4,1.57,1,1,0,0.4812,Moderate,0
SYN-01236,41,0,64,109,66,36.7,96.2,16,26.7,97,207,0.006,2.9,1.21,0,0,1,0.0228,Low,0
SYN-02913,54,0,68,118,71,36.7,97.7,17,20.5,86,201,0.001,0.2,1.06,0,0,0,0.0114,Low,0
SYN-02849,67,1,66,155,84,37.2,98.9,20,29.4,168,268,0.001,3.5,1.54,1,1,0,0.5464,Moderate,1
SYN-02905,47,1,84,127,71,37.1,98.4,12,19.8,87,207,0.008,0.5,1.49,0,0,1,0.0442,Low,0
SYN-05268,22,0,90,140,78,36.6,97.7,16,40.9,128,197,0.001,0.5,0.94,1,1,1,0.2158,Low,0
SYN-08067,61,0,63,135,89,36.4,98.7,17,25.5,93,205,0.003,2.1,1.65,1,0,0,0.0765,Low,0
SYN-07159,56,0,68,126,71,36.5,98.1,19,22.6,113,210,0.018,0.5,1.08,0,0,0,0.0485,Low,0
SYN-09429,35,1,77,104,78,36.8,98.6,16,21.4,83,180,0.01,4.4,1.14,0,0,0,0.0068,Low,0
SYN-04819,63,1,79,131,73,36.7,98.7,18,29.2,89,155,0.001,2.4,1.31,0,0,0,0.0477,Low,0
SYN-04814,53,1,66,133,83,36.3,97.6,11,23.0,82,228,0.023,1.4,1.27,0,0,0,0.0491,Low,0
SYN-08374,76,0,73,127,64,36.4,97.4,12,21.6,97,194,0.019,1.0,1.12,0,0,0,0.0807,Low,0
SYN-08583,38,0,73,111,63,36.4,99.5,15,31.0,74,224,0.011,2.6,0.86,0,0,0,0.0081,Low,0
SYN-04349,61,1,77,140,91,36.7,96.3,16,25.2,74,238,0.002,0.8,1.63,1,0,1,0.4188,Moderate,0
SYN-07185,57,1,71,124,73,36.7,98.3,22,23.6,93,247,0.011,2.8,1.43,0,0,0,0.071,Low,0
SYN-08720,55,1,86,124,83,36.3,98.7,19,28.0,162,196,0.01,2.5,1.3,0,1,0,0.1575,Low,0
SYN-05729,72,0,82,137,76,36.3,97.8,17,30.5,85,211,0.016,2.4,1.23,0,0,0,0.1577,Low,0
SYN-05570,57,0,83,140,87,36.9,97.1,17,27.4,94,243,0.001,6.5,1.57,1,0,1,0.4424,Moderate,0
SYN-06433,51,0,71,132,73,37.0,99.6,14,29.4,79,197,0.014,3.5,1.07,0,0,0,0.0279,Low,0
SYN-05240,51,0,60,135,84,37.2,98.0,18,36.6,86,225,0.006,8.2,1.22,0,0,0,0.0516,Low,0
SYN-05823,56,0,75,170,94,36.4,98.1,16,31.0,85,190,0.011,4.9,1.27,1,0,0,0.2198,Low,0
SYN-09315,66,0,103,158,89,36.7,99.3,18,27.2,99,239,0.004,1.2,1.23,1,0,1,0.6362,Moderate,1
SYN-07548,50,0,60,155,90,36.4,97.2,21,27.7,101,199,0.019,0.2,0.99,1,0,1,0.4503,Moderate,0
SYN-02798,50,1,60,131,76,37.0,97.6,17,29.6,86,164,0.008,1.3,1.57,1,0,0,0.0579,Low,0
SYN-02615,24,1,62,140,81,36.7,97.9,20,29.0,94,279,0.008,0.3,1.21,1,0,1,0.1531,Low,0
SYN-01993,58,1,68,122,70,36.8,97.5,20,35.4,215,170,0.007,3.3,1.31,0,1,0,0.2287,Low,0
SYN-08775,27,1,73,126,75,36.9,96.1,14,28.6,112,216,0.003,0.7,1.49,0,0,1,0.0289,Low,0
SYN-06124,50,1,73,134,86,36.8,99.1,17,35.1,90,208,0.01,2.7,1.49,0,0,0,0.0622,Low,0
SYN-08533,59,1,70,116,75,36.3,100.0,14,32.6,86,229,0.012,1.9,1.13,0,0,0,0.0348,Low,0
SYN-09486,62,1,71,167,99,36.4,99.9,16,24.3,84,150,0.003,1.0,1.69,1,0,0,0.1457,Low,0
SYN-03293,46,0,69,144,79,36.8,98.3,18,23.9,98,264,0.513,2.7,1.27,1,0,1,0.9998,High,1
SYN-06271,60,1,62,160,93,36.6,98.8,18,25.9,96,213,0.004,0.2,1.28,1,0,0,0.1392,Low,0
SYN-00089,62,1,78,160,94,38.5,92.5,21,30.0,90,195,0.025,8.9,1.14,1,0,1,0.8827,High,1
SYN-06229,43,1,72,109,67,36.7,99.8,15,30.5,107,170,0.006,1.3,1.11,0,0,0,0.0102,Low,0
SYN-01504,59,0,54,113,69,36.8,98.6,17,23.2,81,216,0.004,0.3,1.31,0,0,1,0.0294,Low,0
SYN-06694,64,1,78,151,79,36.7,97.1,16,20.3,89,247,0.011,6.0,1.36,1,0,0,0.2436,Low,0
SYN-00420,76,1,68,137,70,37.2,98.8,18,32.1,81,248,0.014,2.7,1.51,0,0,0,0.217,Low,0
SYN-04982,57,1,80,133,76,36.3,98.3,13,32.2,98,251,0.032,2.3,1.17,0,0,0,0.1572,Low,0
SYN-05122,31,1,78,126,73,36.7,95.1,15,30.5,85,216,0.005,5.7,1.37,1,0,1,0.1606,Low,0
SYN-02542,61,1,86,134,75,36.7,97.9,21,30.7,179,208,0.002,0.8,1.19,0,1,0,0.2385,Low,0
SYN-09418,51,1,83,138,77,39.3,95.9,18,28.4,83,182,0.003,10.3,1.43,1,0,0,0.1237,Low,0
SYN-06354,45,0,79,115,75,36.7,97.5,15,25.9,100,242,0.002,2.2,1.06,0,0,0,0.0136,Low,0
SYN-02942,74,1,81,144,78,36.0,96.4,20,21.3,78,261,0.006,0.2,1.29,0,0,0,0.1706,Low,0
SYN-09563,74,0,88,141,80,37.4,97.8,14,21.4,221,200,0.003,1.7,1.49,0,1,0,0.3428,Moderate,0
SYN-03732,65,0,60,128,66,36.0,98.1,19,24.5,181,200,0.001,1.0,1.15,0,1,1,0.1983,Low,0
SYN-03601,69,0,81,115,62,36.6,98.1,18,23.9,98,183,0.004,2.6,1.43,0,0,1,0.0919,Low,0
SYN-09644,62,0,71,160,99,36.3,97.1,20,28.7,98,206,0.011,0.2,1.25,1,0,0,0.2449,Low,0
SYN-00938,53,0,87,151,80,39.6,96.3,19,28.6,88,266,0.007,17.5,1.21,1,0,0,0.287,Low,0
SYN-05069,43,0,71,135,83,36.8,99.4,14,34.4,83,208,0.004,2.0,1.69,1,0,0,0.0431,Low,0
SYN-09664,46,0,92,151,75,37.3,99.0,19,32.7,217,231,0.002,1.6,1.2,1,1,0,0.3517,Moderate,0
SYN-02545,53,1,83,114,69,36.6,98.0,13,33.3,123,266,0.004,2.3,1.28,0,1,0,0.0764,Low,0
SYN-08031,62,1,72,123,71,37.1,98.5,13,22.7,236,209,0.019,0.5,1.44,0,1,0,0.2573,Low,0
SYN-03596,90,1,71,158,98,37.4,98.4,16,31.0,90,230,0.003,0.5,1.61,1,0,0,0.4784,Moderate,0
SYN-08232,52,1,65,121,65,37.0,98.3,20,22.1,76,206,0.024,1.2,1.45,0,0,0,0.0498,Low,0
SYN-01802,61,0,81,114,67,36.3,98.9,15,28.7,67,234,0.009,0.4,1.17,0,0,0,0.0273,Low,0
SYN-05379,50,1,87,140,80,36.4,98.4,19,28.4,85,229,0.004,0.2,1.48,1,0,0,0.1025,Low,0
SYN-01067,37,1,64,129,86,37.1,96.4,21,21.6,85,205,0.002,0.6,1.44,0,0,0,0.0164,Low,0
SYN-04380,33,1,67,111,65,36.4,98.8,15,22.5,78,252,0.007,1.3,1.32,0,0,0,0.007,Low,0
SYN-00583,49,0,100,152,76,36.4,99.8,16,40.6,182,238,0.003,2.4,0.7,1,1,0,0.3115,Moderate,0
SYN-06518,40,1,65,150,88,36.6,96.7,13,35.2,91,236,0.001,0.7,1.58,1,0,0,0.0704,Low,0
SYN-03056,36,0,66,111,69,36.9,98.2,15,24.8,55,175,0.007,0.9,0.84,0,0,0,0.0034,Low,0
SYN-03013,47,0,103,151,85,37.1,98.7,19,28.2,80,214,0.002,2.0,1.12,1,0,1,0.3249,Moderate,0
SYN-04751,68,0,73,151,86,37.0,99.9,19,38.4,153,271,0.005,1.0,1.27,0,1,0,0.3699,Moderate,0
SYN-08822,61,0,72,120,69,36.6,99.0,14,15.0,87,263,0.001,2.9,1.22,0,0,0,0.0172,Low,0
SYN-03089,56,0,102,110,66,39.0,97.5,18,21.3,97,208,0.003,14.3,1.23,0,0,0,0.0421,Low,0
SYN-02659,51,1,73,139,82,37.0,97.8,16,34.5,97,248,0.004,3.7,1.27,0,0,0,0.0667,Low,0
SYN-03364,39,0,73,145,89,36.7,99.5,13,28.1,120,227,0.013,0.4,0.99,0,0,0,0.0279,Low,0
SYN-06983,47,1,70,154,87,36.4,99.0,19,36.6,197,211,0.01,1.2,1.43,1,1,0,0.4404,Moderate,0
SYN-00172,61,1,53,135,78,36.4,93.1,18,30.1,91,242,0.004,2.9,1.23,1,0,1,0.4559,Moderate,0
SYN-06199,42,0,73,124,81,36.6,98.6,15,19.8,93,215,0.003,2.1,0.82,0,0,0,0.0077,Low,0
SYN-08476,28,0,78,121,74,36.8,97.5,15,28.2,107,249,0.004,1.1,0.9,0,0,0,0.0083,Low,0
SYN-00953,62,0,93,155,96,37.1,97.7,18,30.5,118,228,0.003,0.8,1.21,1,0,0,0.2397,Low,0
SYN-06638,57,0,88,123,72,37.0,96.1,16,31.1,95,209,0.001,2.4,0.98,0,0,1,0.0738,Low,0
SYN-07923,41,0,69,115,77,36.6,96.3,14,31.3,101,233,0.001,1.3,0.91,0,0,1,0.0214,Low,0
SYN-02925,43,0,70,122,68,38.6,87.3,23,25.8,100,247,0.001,13.1,1.04,0,0,0,0.0734,Low,0
SYN-07554,65,1,96,160,85,37.8,98.9,12,32.3,138,251,0.004,16.6,1.55,1,1,0,0.6648,High,1
SYN-04785,55,1,75,118,67,36.6,97.9,16,27.1,199,232,0.009,3.4,1.61,0,1,0,0.1826,Low,0
SYN-01093,67,0,89,134,81,37.4,98.6,21,25.5,93,214,0.029,5.8,1.13,0,0,0,0.2209,Low,0
SYN-09781,52,1,87,123,79,36.5,97.8,16,28.3,107,197,0.018,2.5,0.96,0,1,0,0.0985,Low,0
SYN-03483,70,0,78,157,91,36.7,98.3,19,31.8,124,184,0.009,2.0,1.59,1,1,0,0.5291,Moderate,1
SYN-01524,51,1,61,119,70,36.9,99.2,12,25.3,86,259,0.001,3.1,1.77,0,0,0,0.0191,Low,0
SYN-01673,56,0,83,119,59,37.0,97.8,16,34.5,93,211,0.008,2.5,1.26,0,0,1,0.0907,Low,0
SYN-09249,75,0,66,131,67,37.1,95.6,14,34.7,147,259,0.011,1.6,1.43,0,1,1,0.5421,Moderate,1
SYN-06975,77,0,67,124,71,37.0,96.4,15,21.8,108,259,0.008,0.8,1.12,0,0,0,0.0816,Low,0
SYN-02473,59,1,88,156,89,36.9,99.0,14,24.7,89,180,0.162,4.3,1.39,1,0,0,0.976,High,1
SYN-02689,75,1,70,131,78,36.7,96.0,18,29.2,98,231,0.01,0.2,1.1,0,0,1,0.2656,Low,0
SYN-01955,57,1,76,120,81,36.7,97.5,18,29.7,88,226,0.037,1.6,1.32,0,0,0,0.1455,Low,0
SYN-03351,55,0,61,132,78,36.8,99.0,16,27.8,108,225,0.001,0.2,1.16,0,0,0,0.0238,Low,0
SYN-09758,82,1,68,130,70,36.8,98.0,15,35.5,78,204,0.014,2.3,1.4,0,0,0,0.1875,Low,0
SYN-06931,32,0,75,120,76,37.2,99.2,18,21.4,110,189,0.012,1.2,0.71,0,0,0,0.0074,Low,0
SYN-00114,31,0,76,144,80,37.0,98.2,21,25.1,209,210,0.001,2.3,1.25,1,1,0,0.1258,Low,0
SYN-08755,68,1,65,145,80,36.8,98.3,15,25.1,79,187,0.007,1.6,1.56,1,0,0,0.1358,Low,0
SYN-05380,70,1,97,124,75,37.1,98.5,16,29.5,196,248,0.002,0.4,1.53,0,1,0,0.3223,Moderate,0
SYN-09740,70,0,66,114,75,36.9,98.3,20,20.8,95,238,0.001,0.6,1.77,0,0,0,0.0446,Low,0
SYN-00593,83,0,96,148,83,36.6,99.0,11,28.3,86,178,0.011,6.2,1.35,0,0,0,0.2148,Low,0
SYN-03840,51,0,102,144,81,36.0,98.2,16,30.7,65,149,0.01,1.0,1.11,1,0,0,0.0791,Low,0
SYN-05716,50,0,96,126,77,37.0,98.6,17,35.5,89,223,1.282,0.5,1.07,0,0,0,1.0,High,1
SYN-03310,47,1,71,158,101,36.5,97.7,15,32.2,114,207,0.503,1.4,1.5,1,1,0,0.9997,High,1
SYN-05124,53,1,81,136,86,36.8,100.0,13,26.8,159,245,0.005,1.3,1.5,0,1,0,0.1226,Low,0
SYN-07947,64,1,100,144,79,39.1,100.0,16,24.2,87,239,0.001,14.6,1.51,0,0,1,0.266,Low,0
SYN-09577,64,1,69,111,77,36.7,95.4,18,20.1,96,247,0.001,1.5,1.28,0,0,1,0.0728,Low,0
SYN-05751,60,1,85,126,82,36.2,97.3,16,28.1,190,209,0.005,0.4,1.22,0,1,1,0.3168,Moderate,0
SYN-07671,57,0,62,127,68,36.3,98.4,16,32.6,95,205,0.002,2.1,0.72,0,0,0,0.0204,Low,0
SYN-00951,26,1,74,98,65,38.6,97.3,17,21.2,108,164,0.014,15.4,1.16,0,0,0,0.0091,Low,0
SYN-04353,55,0,75,124,70,36.8,96.9,13,20.9,75,204,1.034,0.2,1.0,0,0,1,0.9999,High,1
SYN-07790,48,0,63,135,73,36.5,98.4,17,29.6,103,224,0.003,1.6,1.26,0,0,0,0.0274,Low,0
SYN-08947,18,0,93,116,65,37.0,98.9,17,28.9,101,166,0.005,3.0,0.95,0,0,0,0.0046,Low,0
SYN-08604,53,1,85,111,64,36.6,99.7,18,25.9,79,242,0.006,0.3,1.11,0,0,0,0.0212,Low,0
SYN-07917,43,0,61,102,63,36.8,97.8,18,22.5,76,222,0.005,0.3,0.92,0,0,0,0.005,Low,0
SYN-03986,44,1,64,130,67,36.9,98.2,10,25.1,95,212,0.011,0.5,1.08,0,0,1,0.0329,Low,0
SYN-05772,63,0,64,112,78,37.4,99.0,13,32.3,105,227,0.009,2.3,0.98,0,1,0,0.0492,Low,0
SYN-06402,39,1,70,137,69,36.7,98.6,15,35.5,111,201,0.006,1.9,1.19,0,0,0,0.0299,Low,0
SYN-01010,60,0,71,136,77,37.1,98.1,17,27.3,98,186,0.029,1.1,1.48,0,0,1,0.2365,Low,0
SYN-00294,18,0,75,120,74,37.3,98.0,16,26.0,89,208,0.006,2.4,0.88,0,0,0,0.0038,Low,0
SYN-09187,63,0,81,137,82,37.7,91.6,19,26.4,109,273,0.014,6.3,1.17,0,0,0,0.2546,Low,0
SYN-08270,65,1,53,126,81,37.4,99.7,19,27.0,155,190,0.013,0.4,1.57,0,1,0,0.161,Low,0
SYN-03536,33,1,85,127,73,36.4,98.4,14,28.0,114,201,0.02,0.2,1.34,1,0,0,0.052,Low,0
SYN-02349,78,0,59,124,78,37.0,99.1,20,30.5,168,279,0.02,0.7,1.34,0,1,0,0.4092,Moderate,0
SYN-08998,28,0,79,101,62,36.6,99.6,17,26.7,219,213,0.727,0.2,1.41,0,1,0,0.9993,High,1
SYN-04566,56,0,96,114,63,38.7,88.0,21,24.1,81,157,0.217,30.2,1.16,0,0,1,0.9961,High,1
SYN-01202,46,0,75,134,80,36.5,98.4,15,26.6,97,231,0.003,1.0,0.88,1,0,0,0.0304,Low,0
SYN-04013,65,0,75,144,80,36.3,97.3,16,29.3,67,220,0.015,0.2,0.78,0,0,0,0.0777,Low,0
SYN-05443,66,0,74,133,82,36.0,99.1,14,24.6,93,210,0.01,1.0,0.93,0,0,0,0.0425,Low,0
SYN-09456,65,1,72,131,82,36.9,97.5,16,21.3,201,126,0.004,0.2,1.33,0,1,1,0.2532,Low,0
SYN-06054,86,1,67,151,84,37.3,94.7,18,29.5,175,200,0.002,0.2,1.76,1,1,0,0.7476,High,1
SYN-01687,45,0,92,115,66,36.5,96.7,17,25.0,91,249,0.01,0.2,1.22,0,0,1,0.0552,Low,0
SYN-02990,76,1,52,133,79,36.6,99.3,16,34.2,139,203,0.026,5.1,1.4,0,1,0,0.4169,Moderate,0
SYN-04075,35,1,77,143,87,36.5,99.0,15,39.5,205,256,0.002,0.7,1.44,1,1,0,0.2259,Low,0
SYN-01076,58,1,60,113,69,36.5,97.1,18,30.3,169,254,0.009,2.5,1.1,0,1,0,0.1247,Low,0
SYN-03388,46,0,82,125,70,37.5,99.2,15,31.9,85,250,0.001,0.8,1.12,0,0,0,0.0177,Low,0
SYN-08028,69,0,87,129,82,36.7,97.2,16,27.3,78,237,0.008,1.2,1.13,0,0,0,0.0776,Low,0
SYN-03184,63,1,73,140,82,36.2,98.7,13,24.7,117,185,0.002,1.7,1.59,1,0,0,0.1027,Low,0
SYN-04254,25,0,60,108,74,36.6,98.1,15,25.5,98,244,0.012,1.1,0.94,0,0,0,0.0044,Low,0
SYN-03683,56,1,67,138,77,36.4,99.6,18,35.3,96,264,0.004,2.9,1.59,0,0,0,0.0885,Low,0
SYN-00584,37,0,83,147,84,36.9,98.8,15,26.1,66,189,0.009,2.7,1.11,1,0,0,0.0333,Low,0
SYN-09163,74,1,54,122,75,36.8,95.0,16,21.5,100,201,0.001,2.0,1.5,0,0,0,0.0588,Low,0
SYN-04865,40,0,83,134,81,37.2,97.0,14,25.3,93,169,0.021,1.1,1.2,0,0,0,0.0315,Low,0
SYN-05799,42,1,99,138,77,36.4,99.7,16,22.9,79,251,0.02,0.4,1.18,1,0,0,0.0873,Low,0
SYN-07421,57,1,68,145,74,36.0,97.9,15,23.7,94,202,0.001,0.5,1.62,1,0,0,0.0823,Low,0
SYN-06774,50,1,73,132,77,36.1,97.2,17,23.6,87,252,0.001,0.2,1.19,0,0,1,0.0579,Low,0
SYN-05331,60,0,67,137,79,36.5,97.9,20,28.2,91,214,0.006,1.0,1.37,0,0,0,0.063,Low,0
SYN-00258,48,1,78,111,63,37.1,97.9,19,29.2,93,208,0.001,0.2,1.44,0,0,0,0.0205,Low,0
SYN-00416,57,1,86,124,76,37.3,98.3,18,29.6,63,226,0.012,0.7,1.25,0,0,0,0.0555,Low,0
SYN-01267,41,1,73,120,74,36.9,98.1,16,30.7,109,208,0.015,2.8,1.16,0,0,0,0.0302,Low,0
SYN-04147,56,0,96,135,71,38.5,97.7,21,23.4,101,235,0.018,19.1,0.94,0,0,0,0.1812,Low,0
SYN-01809,55,0,84,130,65,38.2,94.7,20,32.0,159,238,0.005,12.0,0.95,0,1,0,0.2517,Low,0
SYN-03392,26,0,110,123,69,36.9,97.8,17,26.0,85,208,0.005,3.2,1.19,1,0,0,0.0217,Low,0
SYN-04189,42,1,66,101,58,37.0,99.1,21,23.1,98,245,0.006,4.8,1.69,0,0,0,0.017,Low,0
SYN-09624,62,0,80,122,66,36.3,98.4,17,24.3,97,236,0.018,0.4,1.44,0,0,0,0.0751,Low,0
SYN-06289,55,0,74,142,74,37.0,98.4,16,36.0,221,239,0.006,0.6,1.28,1,1,0,0.3873,Moderate,0
SYN-08014,34,0,80,135,80,36.2,98.8,16,30.1,170,209,0.005,1.3,1.21,0,1,0,0.0523,Low,0
SYN-01775,72,0,62,142,78,36.6,98.0,13,21.9,87,213,0.011,1.9,1.58,1,0,0,0.1413,Low,0
SYN-04744,53,0,80,128,78,36.7,99.3,15,32.3,74,187,0.03,2.3,0.76,0,0,0,0.0498,Low,0
SYN-02769,67,0,89,146,80,37.1,98.2,20,30.1,146,247,0.003,1.6,1.26,1,1,1,0.7974,High,1
SYN-02964,42,0,88,117,69,38.3,97.0,23,33.8,130,147,0.003,13.5,1.03,0,1,0,0.0725,Low,0
SYN-07293,51,0,67,119,71,36.8,98.9,20,28.8,113,307,0.001,1.1,1.13,0,0,0,0.0288,Low,0
SYN-02401,47,1,74,124,69,36.9,96.4,14,22.3,99,172,0.001,8.4,1.16,0,0,0,0.0189,Low,0
SYN-07277,89,0,102,150,78,38.9,96.9,22,29.8,150,254,0.002,13.6,1.17,0,1,0,0.7597,High,1
SYN-07621,66,0,50,122,78,37.8,93.9,22,23.3,68,206,0.007,16.2,1.39,0,0,0,0.0857,Low,0
SYN-05058,48,1,74,148,82,37.0,99.1,13,26.3,170,206,0.006,0.6,1.83,1,1,0,0.2352,Low,0
SYN-03348,57,1,55,126,86,37.0,99.9,15,20.4,95,197,0.002,1.0,1.03,0,0,0,0.0131,Low,0
SYN-02606,40,0,69,128,77,37.0,98.1,14,29.7,86,183,0.003,0.6,0.71,0,0,0,0.0077,Low,0
SYN-07902,68,1,82,137,68,36.8,97.1,18,26.7,90,194,0.001,6.0,1.47,0,0,0,0.1104,Low,0
SYN-02042,65,1,75,128,73,36.5,97.9,13,29.4,82,245,0.009,1.3,1.36,0,0,0,0.0705,Low,0
SYN-08691,39,1,74,119,70,36.6,97.8,13,31.0,148,246,0.002,0.6,1.61,0,1,1,0.0952,Low,0
SYN-05830,45,1,61,113,65,36.9,98.1,19,17.6,87,211,0.002,5.3,1.28,0,0,1,0.0224,Low,0
SYN-06997,49,1,71,136,72,36.8,99.7,18,32.7,214,223,0.393,0.6,1.31,0,1,0,0.999,High,1
SYN-08057,44,1,75,119,69,38.3,94.7,16,28.9,89,221,0.002,42.8,1.29,0,0,0,0.1041,Low,0
SYN-00864,55,0,83,129,75,36.8,98.8,14,30.2,226,251,0.001,1.0,1.18,0,1,0,0.144,Low,0
SYN-02940,42,1,75,100,61,36.4,98.4,19,33.4,158,234,0.008,1.4,0.98,0,1,0,0.0431,Low,0
SYN-04904,57,1,88,134,88,37.1,98.1,15,19.6,96,156,0.001,0.2,1.65,1,0,0,0.0606,Low,0
SYN-00814,46,1,80,125,74,36.5,98.9,14,25.6,96,188,0.004,2.5,1.32,0,0,0,0.0191,Low,0
SYN-05352,59,0,83,153,81,36.3,97.4,10,34.5,247,243,0.025,1.3,1.11,1,1,0,0.6918,High,1
SYN-06081,41,1,66,119,74,37.1,97.5,17,27.5,95,203,0.009,0.6,1.54,0,0,0,0.0213,Low,0
SYN-07498,58,1,60,159,90,36.8,98.0,16,25.0,118,253,0.004,1.5,1.41,1,1,0,0.2758,Low,0
SYN-04676,75,0,74,152,87,36.6,97.2,21,17.3,82,206,0.004,0.5,1.05,1,0,1,0.4918,Moderate,0
SYN-05986,63,0,108,150,85,36.8,98.9,16,37.7,196,255,0.004,0.7,1.41,1,1,0,0.6244,Moderate,1
SYN-09132,41,0,91,135,79,36.3,98.7,16,24.9,101,272,0.003,7.9,1.26,0,0,0,0.0356,Low,0
SYN-02824,38,0,71,114,64,36.7,97.7,18,27.8,102,230,0.006,0.2,0.81,0,0,0,0.0097,Low,0
SYN-01798,52,0,64,135,71,37.9,99.0,15,30.2,83,201,0.019,18.4,1.3,0,0,0,0.082,Low,0
SYN-09170,69,0,94,110,57,37.0,97.8,10,26.3,99,207,0.039,0.2,1.15,0,0,1,0.2076,Low,0
SYN-04400,34,0,84,146,76,36.7,98.1,13,38.1,175,177,0.003,0.8,0.98,1,1,0,0.1047,Low,0
SYN-03347,58,1,91,139,76,36.8,98.8,13,31.4,74,208,0.024,0.7,1.36,0,0,0,0.1215,Low,0
SYN-04500,46,0,64,122,76,36.8,97.0,13,19.7,85,194,0.002,0.3,1.09,0,0,0,0.0073,Low,0
SYN-04830,24,1,77,118,68,36.8,98.8,20,28.9,203,230,0.021,1.0,1.17,0,1,0,0.0746,Low,0
SYN-03642,81,1,68,127,78,36.3,99.7,14,23.5,153,220,0.001,0.5,1.31,0,1,1,0.2838,Low,0
SYN-02262,41,0,61,158,85,36.7,96.9,16,22.5,104,202,0.004,2.9,1.65,1,0,0,0.0683,Low,0
SYN-05052,56,1,91,142,90,37.0,98.4,14,18.3,102,192,0.002,0.5,1.46,1,0,0,0.0745,Low,0
SYN-04468,49,0,77,121,65,36.5,99.2,14,32.9,128,257,0.004,3.5,0.95,0,1,0,0.0482,Low,0
SYN-06375,43,1,96,133,74,37.2,97.1,13,33.9,143,245,0.003,1.2,1.1,0,1,1,0.1843,Low,0
SYN-06890,70,0,95,142,83,36.4,99.7,14,24.6,235,253,0.001,0.8,1.32,1,1,0,0.4672,Moderate,0
SYN-00117,58,1,80,140,75,36.8,96.6,17,28.7,92,262,0.003,1.0,1.24,1,0,1,0.4433,Moderate,0
SYN-00215,49,1,74,147,89,37.2,98.0,22,27.7,101,203,0.007,0.6,1.38,1,0,0,0.1273,Low,0
SYN-08143,62,0,75,139,82,36.5,96.9,14,29.9,191,166,0.009,0.4,0.99,1,1,0,0.2714,Low,0
SYN-03296,64,0,96,169,89,37.7,99.0,14,25.6,135,243,0.012,1.9,1.46,1,1,0,0.5647,Moderate,1
SYN-06164,46,0,64,153,89,36.2,96.9,19,28.5,75,222,0.016,2.1,1.26,1,0,0,0.1171,Low,0
SYN-05665,70,1,86,163,91,36.6,97.1,16,37.2,206,231,0.007,1.5,1.69,1,1,1,0.9579,High,1
SYN-09615,75,0,62,141,85,36.0,95.4,24,24.4,76,249,0.001,4.3,1.47,1,0,0,0.2432,Low,0
SYN-07952,80,1,65,167,94,36.9,97.6,15,33.0,93,228,0.628,2.0,1.63,1,0,0,1.0,High,1
SYN-05164,57,1,56,160,84,36.4,97.8,20,26.1,100,175,0.01,1.4,1.46,1,0,0,0.179,Low,0
SYN-09634,54,1,72,116,69,36.8,98.1,20,24.0,88,260,0.008,3.9,1.13,0,0,1,0.0748,Low,0
SYN-02082,60,1,87,120,71,36.0,98.8,15,31.7,112,230,0.016,1.8,0.96,0,0,0,0.0755,Low,0
SYN-05757,40,1,77,144,94,36.8,96.7,18,20.4,110,221,0.001,0.3,1.32,1,0,1,0.2134,Low,0
SYN-09963,64,1,55,127,63,36.4,97.8,11,28.6,102,207,0.001,1.0,1.17,0,0,0,0.0273,Low,0
SYN-03140,86,0,83,167,85,37.9,92.0,22,34.6,95,246,0.021,19.8,1.48,1,0,0,0.9293,High,1
SYN-02547,49,1,68,133,71,36.5,97.1,18,22.4,102,206,0.01,0.5,1.42,0,0,1,0.0869,Low,0
SYN-08749,54,1,91,130,74,37.2,96.7,16,31.5,81,214,0.01,0.5,1.33,0,0,1,0.1402,Low,0
SYN-01499,65,0,84,127,70,37.2,97.4,19,25.2,78,257,0.011,1.3,0.96,0,0,0,0.0705,Low,0
SYN-07732,52,0,71,128,60,36.8,96.2,19,24.6,84,150,0.006,1.0,1.1,0,0,1,0.047,Low,0
SYN-03791,46,0,66,111,66,36.3,98.6,14,19.3,118,200,0.008,1.3,0.97,0,0,1,0.0175,Low,0
SYN-07199,38,1,84,116,61,36.8,98.4,21,36.5,100,231,0.01,1.2,0.86,0,0,0,0.0279,Low,0
SYN-03937,73,0,87,143,83,37.0,99.3,19,28.8,102,244,0.006,1.4,1.49,1,0,0,0.2763,Low,0
SYN-03859,47,0,62,161,88,36.5,98.8,18,34.7,157,258,0.009,1.0,1.16,1,1,0,0.309,Moderate,0
SYN-02815,54,0,81,143,78,36.6,98.8,18,25.1,95,219,0.772,0.6,1.52,1,0,0,0.9999,High,1
SYN-06149,21,0,75,116,68,36.2,97.6,14,30.1,95,220,0.004,1.6,0.68,0,0,0,0.0036,Low,0
SYN-03248,32,1,75,144,74,36.4,98.1,17,26.7,169,203,0.001,1.7,1.29,1,1,0,0.0973,Low,0
SYN-00516,60,1,73,142,67,36.9,98.9,13,22.1,113,211,0.01,1.6,1.65,1,0,1,0.4287,Moderate,0
SYN-00777,37,0,67,108,69,36.8,92.6,16,18.6,208,255,0.002,1.9,1.13,0,1,1,0.079,Low,0
SYN-06409,36,1,67,129,83,36.6,98.3,19,31.7,91,247,0.001,0.6,1.28,0,0,0,0.0186,Low,0
SYN-09672,27,0,76,96,67,36.9,97.2,20,24.1,86,215,0.001,3.7,0.78,0,0,1,0.0062,Low,0
SYN-09993,46,0,73,111,68,36.7,99.3,15,34.4,92,275,0.003,1.3,1.15,0,0,0,0.0151,Low,0
SYN-04827,47,1,62,160,88,36.5,97.9,15,37.3,257,214,0.001,1.8,1.12,1,1,0,0.4064,Moderate,0
SYN-04409,53,0,54,131,78,36.2,97.0,15,29.2,90,215,0.013,2.2,1.21,0,0,0,0.036,Low,0
SYN-05616,48,0,81,151,90,37.0,97.2,16,39.0,176,207,0.001,1.6,1.27,1,1,0,0.2919,Low,0
SYN-08422,48,0,82,117,62,36.6,97.4,19,19.0,73,145,0.004,0.2,1.0,0,0,0,0.0091,Low,0
SYN-08077,53,1,55,92,66,36.8,97.5,14,20.8,89,231,0.005,0.2,1.15,0,0,1,0.0142,Low,0
SYN-08649,47,1,80,107,65,37.4,97.9,16,23.8,101,212,0.013,1.1,1.54,0,0,0,0.0258,Low,0
SYN-06298,56,1,77,132,81,37.2,99.1,15,28.7,98,190,0.009,0.2,1.16,0,0,0,0.0417,Low,0
SYN-01494,37,0,86,150,90,36.8,99.3,19,24.9,190,228,0.001,1.4,1.41,1,1,0,0.1704,Low,0
SYN-03300,56,0,84,139,86,36.6,95.7,22,34.7,163,251,0.012,2.0,1.35,1,1,1,0.8507,High,1
SYN-03844,84,1,86,182,96,37.3,98.6,19,26.9,97,189,0.014,0.9,1.46,1,0,1,0.9198,High,1
SYN-03371,50,1,88,131,82,37.0,98.0,18,26.3,151,268,0.007,1.3,1.53,0,1,0,0.1747,Low,0
SYN-03231,47,0,82,148,87,38.6,97.3,18,30.4,91,274,0.012,44.4,1.21,0,0,1,0.5178,Moderate,1
SYN-02641,63,1,77,128,77,36.4,98.5,14,33.6,85,226,0.032,0.9,1.24,0,0,0,0.1518,Low,0
SYN-08483,57,1,80,143,83,37.2,96.9,19,35.6,71,168,0.001,1.2,1.38,0,0,1,0.1412,Low,0
SYN-00919,76,1,76,134,87,36.6,97.9,14,30.7,88,234,0.014,2.8,1.57,0,0,0,0.1997,Low,0
SYN-04869,88,0,75,163,88,36.7,98.1,19,35.0,183,226,0.007,1.1,1.28,1,1,0,0.817,High,1
SYN-03645,50,0,94,164,91,36.1,100.0,18,28.8,110,251,0.015,3.9,0.98,1,0,0,0.2351,Low,0
SYN-05095,62,0,73,141,72,36.7,99.1,13,36.6,82,178,0.002,1.1,1.34,0,0,0,0.0461,Low,0
SYN-01443,32,1,97,135,82,37.0,94.0,22,27.9,92,228,0.001,2.5,1.52,1,0,1,0.3144,Moderate,0
SYN-04259,78,0,50,144,78,36.7,97.8,18,28.6,174,234,0.017,3.9,1.31,1,1,0,0.5995,Moderate,1
SYN-07226,56,1,90,116,70,37.2,98.6,16,31.3,85,227,0.008,3.1,1.32,0,0,1,0.0971,Low,0
SYN-00459,59,1,69,119,76,36.6,97.8,13,23.6,87,227,0.001,0.2,1.66,0,0,0,0.0258,Low,0
SYN-02505,73,1,94,156,78,37.9,87.8,24,37.4,155,219,0.001,21.1,1.34,1,1,0,0.9369,High,1
SYN-08457,66,1,74,131,74,37.0,97.2,15,20.9,71,239,0.007,1.5,1.5,0,0,1,0.1258,Low,0
SYN-07615,29,1,89,142,86,37.8,97.9,15,28.2,164,171,0.003,18.7,1.33,1,1,0,0.1612,Low,0
SYN-05693,50,0,88,139,83,38.6,97.3,18,22.1,113,211,1.124,12.6,1.6,1,0,0,1.0,High,1
SYN-09408,29,1,80,100,70,37.0,98.6,13,21.9,105,169,0.01,2.1,1.08,0,0,1,0.0089,Low,0
SYN-09891,54,0,91,161,91,36.3,98.3,18,28.6,90,226,0.002,0.2,1.26,1,0,0,0.1457,Low,0
SYN-05580,70,0,83,147,78,37.2,98.2,15,29.7,94,252,0.002,1.1,0.91,0,0,0,0.0924,Low,0
SYN-07809,56,0,79,137,83,36.8,98.4,19,25.6,107,213,0.007,0.7,1.43,1,0,0,0.1046,Low,0
SYN-03944,65,0,84,114,62,37.2,94.3,16,25.5,108,262,0.004,0.8,0.99,0,0,1,0.1086,Low,0
SYN-09222,53,0,64,134,71,36.7,98.7,16,33.6,93,237,0.001,1.2,0.9,0,0,0,0.0248,Low,0
SYN-07741,44,0,55,138,81,36.7,98.4,19,28.4,92,218,0.009,1.0,1.07,1,0,0,0.0409,Low,0
SYN-04667,75,0,91,160,96,36.1,98.2,17,25.1,92,232,0.209,0.2,1.41,1,0,0,0.9961,High,1
SYN-08782,61,1,94,117,65,38.8,98.1,20,37.0,94,224,0.012,25.1,1.44,0,0,0,0.2589,Low,0
SYN-09782,51,1,74,131,75,36.9,99.2,16,21.5,99,213,0.008,5.5,1.43,1,0,1,0.258,Low,0
SYN-09375,68,1,71,130,68,37.1,98.7,17,27.1,88,239,0.008,2.1,1.48,0,0,0,0.0914,Low,0
SYN-07856,42,1,74,139,82,37.4,98.0,13,31.0,97,260,0.023,1.9,1.24,0,0,0,0.0711,Low,0
SYN-03493,49,1,57,130,80,36.7,98.0,13,29.1,205,261,0.009,0.9,1.15,0,1,0,0.1154,Low,0
SYN-01834,61,0,84,161,96,36.6,99.2,16,31.0,85,241,0.005,1.8,1.08,1,0,0,0.1726,Low,0
SYN-01284,67,1,63,130,74,36.6,98.5,14,24.2,80,249,0.018,0.4,1.37,0,0,0,0.0799,Low,0
SYN-03952,90,1,76,169,90,37.1,98.2,18,31.3,157,213,0.032,3.3,1.61,1,1,1,0.9879,High,1
SYN-00855,58,0,88,151,90,36.5,99.9,17,29.1,73,252,0.016,0.2,1.3,1,0,0,0.1836,Low,0
SYN-04601,66,0,96,147,75,36.4,98.4,16,30.0,205,219,0.001,0.7,1.19,1,1,0,0.4506,Moderate,0
SYN-03176,26,1,74,138,76,36.7,99.6,13,22.4,149,181,0.018,0.2,1.33,1,1,1,0.2448,Low,0
SYN-09121,60,0,69,130,78,36.8,96.9,12,34.0,196,262,0.019,1.6,1.5,0,1,0,0.3288,Moderate,0
SYN-03890,42,0,86,127,75,36.7,98.9,15,27.8,90,219,0.013,2.0,1.3,1,0,0,0.0462,Low,0
SYN-08943,72,0,84,151,85,37.1,97.0,20,29.5,95,269,1.733,2.4,1.23,1,0,0,1.0,High,1
SYN-06867,45,1,60,111,73,36.8,97.4,17,30.3,126,254,1.025,1.8,1.15,0,1,0,0.9999,High,1
SYN-01204,52,1,62,115,71,36.4,99.4,17,21.8,93,250,0.007,4.3,1.46,0,0,1,0.0491,Low,0
SYN-05314,51,1,67,154,86,36.5,98.5,10,33.9,122,214,0.003,1.9,1.44,1,1,1,0.5208,Moderate,1
SYN-01978,57,1,84,166,97,36.9,97.8,17,31.9,208,213,0.01,2.2,1.36,1,1,0,0.6648,High,1
SYN-05725,56,1,67,128,78,36.0,97.1,14,24.5,93,201,0.001,1.2,1.32,0,0,0,0.0259,Low,0
SYN-07089,67,0,81,119,66,36.8,96.6,15,28.6,97,212,0.002,1.9,1.04,0,0,1,0.0838,Low,0
SYN-06436,57,0,73,128,88,36.6,99.5,17,30.9,91,209,0.004,0.7,1.04,0,0,0,0.0277,Low,0
SYN-06615,81,1,67,155,88,36.6,98.3,18,29.0,134,192,0.009,2.2,1.07,1,1,0,0.5496,Moderate,1
SYN-04253,62,1,71,162,87,36.1,98.7,19,22.0,96,218,0.003,6.7,1.67,1,0,0,0.2426,Low,0
SYN-09853,45,0,74,114,65,37.2,97.9,16,23.4,116,180,0.01,0.8,0.83,0,1,1,0.0444,Low,0
SYN-09361,48,0,58,124,82,37.1,97.3,15,27.0,108,181,0.01,2.4,1.21,0,0,0,0.0205,Low,0
SYN-04574,61,1,65,140,80,36.8,97.9,15,27.6,90,227,0.009,0.2,1.16,0,0,1,0.1239,Low,0
SYN-04782,74,0,62,120,65,36.4,96.2,17,24.0,72,214,0.01,0.9,1.27,0,0,1,0.1126,Low,0
SYN-05606,34,0,72,111,78,36.3,98.5,18,27.1,94,187,0.014,0.4,0.98,0,0,1,0.0182,Low,0
SYN-02853,76,1,87,115,62,37.2,97.4,17,24.7,95,234,0.01,0.4,1.38,0,0,1,0.2087,Low,0
SYN-06034,60,1,75,120,75,36.9,97.5,16,24.6,83,230,0.562,1.0,1.43,0,0,0,0.9988,High,1
SYN-00925,51,1,67,131,86,36.7,97.0,14,31.2,114,204,0.01,4.6,1.41,1,0,0,0.0999,Low,0
SYN-07925,48,0,79,131,69,36.9,98.6,15,31.1,78,242,0.014,1.9,0.76,0,0,0,0.0301,Low,0
SYN-06159,37,1,87,156,92,36.1,99.1,18,31.7,144,208,0.012,1.3,1.13,1,1,0,0.2396,Low,0
SYN-00158,70,0,102,145,72,39.1,97.4,24,32.6,80,206,0.494,16.0,1.08,0,0,0,0.9998,High,1
SYN-01627,18,0,78,112,66,37.2,97.3,12,27.4,93,240,0.006,2.3,1.13,0,0,0,0.004,Low,0
SYN-09538,64,1,81,148,86,36.6,97.4,18,30.4,104,201,0.004,2.2,1.8,1,0,0,0.2745,Low,0
SYN-01176,28,1,65,96,57,37.3,97.2,15,17.0,79,205,0.008,0.7,1.02,0,0,1,0.0051,Low,0
SYN-06644,37,1,59,127,68,37.2,99.3,15,28.8,101,225,0.002,0.2,1.06,0,0,0,0.0096,Low,0
SYN-09925,68,1,74,143,93,36.4,98.0,16,28.7,82,213,0.01,0.2,1.42,0,0,0,0.1197,Low,0
SYN-03066,54,0,77,143,68,35.7,96.9,17,24.5,87,203,0.001,2.0,1.58,1,0,0,0.0805,Low,0
SYN-02336,55,1,68,118,75,37.1,98.0,14,23.7,75,204,0.007,2.7,1.23,0,0,0,0.0197,Low,0
SYN-06873,51,0,70,130,72,37.0,99.1,20,21.1,73,193,0.018,1.2,1.2,0,0,0,0.0312,Low,0
SYN-02899,40,1,97,152,88,36.4,99.2,14,30.9,116,233,0.001,2.4,1.31,1,0,0,0.091,Low,0
SYN-09621,45,1,64,100,61,37.0,98.9,15,27.5,128,197,0.003,0.2,1.27,0,1,0,0.0167,Low,0
SYN-08163,36,1,64,102,66,36.8,98.7,14,22.2,87,188,0.001,0.2,1.25,0,0,0,0.0033,Low,0
SYN-06000,32,1,80,134,97,38.7,94.8,17,24.6,117,199,0.003,12.1,1.64,1,0,1,0.2873,Low,0
SYN-08036,28,0,76,132,85,36.3,98.9,16,34.5,79,165,0.034,2.1,1.17,1,0,0,0.05,Low,0
SYN-08661,48,0,79,141,84,36.7,99.2,16,18.7,82,220,0.006,0.2,1.02,1,0,0,0.0329,Low,0
SYN-08976,80,0,85,131,74,36.8,99.4,16,26.0,150,220,0.001,1.7,1.22,0,1,0,0.2067,Low,0
SYN-09244,66,1,63,153,93,36.6,97.3,14,31.0,117,287,0.003,4.8,1.4,1,1,1,0.7754,High,1
SYN-04042,52,0,69,147,80,36.5,96.7,17,27.9,101,236,0.015,1.8,1.0,1,0,1,0.4224,Moderate,0
SYN-02945,52,1,83,145,79,37.1,98.4,15,26.8,66,198,0.01,0.8,1.58,1,0,1,0.3555,Moderate,0
SYN-08695,67,0,57,171,91,36.2,95.8,10,37.9,99,253,0.001,0.8,1.26,1,0,1,0.6141,Moderate,1
SYN-09160,75,1,72,130,69,36.6,98.5,17,29.9,91,221,0.001,4.3,1.4,0,0,1,0.1919,Low,0
SYN-09116,40,0,114,113,65,39.3,96.9,20,20.7,93,183,0.028,23.6,1.13,0,0,0,0.0967,Low,0
SYN-03640,32,0,69,130,76,37.1,98.6,18,27.7,100,190,0.003,4.8,0.78,0,0,1,0.0185,Low,0
SYN-07036,35,0,60,115,65,36.5,97.9,16,21.5,90,171,0.001,0.6,0.93,0,0,0,0.0033,Low,0
SYN-08110,41,0,86,144,80,37.3,97.3,15,17.2,91,174,0.01,1.1,1.22,1,0,0,0.039,Low,0
SYN-08625,36,1,63,115,71,35.8,98.9,20,29.2,78,199,0.847,1.4,1.39,0,0,0,0.9992,High,1
SYN-07305,53,0,56,127,79,36.9,97.3,16,25.4,70,240,0.003,0.5,0.85,0,0,0,0.0137,Low,0
SYN-06257,35,1,94,131,85,39.0,77.9,24,25.3,99,250,0.654,18.1,1.3,0,0,0,1.0,High,1
SYN-08832,52,0,61,114,74,36.8,97.9,16,24.5,99,253,0.001,1.9,0.81,0,0,0,0.0111,Low,0
SYN-07005,42,1,74,116,71,37.6,96.7,19,31.0,88,220,0.019,2.4,1.09,0,0,0,0.0381,Low,0
SYN-03123,65,1,74,117,79,36.5,97.5,17,28.3,139,245,0.003,0.2,1.71,0,1,0,0.1528,Low,0
SYN-05511,60,1,69,112,70,36.5,99.1,16,28.4,76,179,0.001,0.2,1.64,0,0,0,0.0205,Low,0
SYN-09113,62,0,79,114,65,36.7,98.7,13,24.1,91,240,0.007,0.3,1.72,0,0,0,0.0346,Low,0
SYN-01303,64,1,88,153,93,36.4,99.5,15,30.9,248,259,4.8,1.2,1.67,1,1,0,1.0,High,1
SYN-03427,60,0,63,139,89,36.7,98.1,20,36.1,185,231,0.001,1.4,1.39,1,1,0,0.3361,Moderate,0
SYN-01941,34,0,67,120,73,36.5,98.8,20,34.5,102,244,0.02,1.8,1.09,0,0,1,0.0568,Low,0
SYN-07320,50,1,77,139,79,36.2,97.5,15,34.7,234,262,0.007,0.8,1.19,1,1,0,0.4092,Moderate,0
SYN-06880,56,0,66,152,97,36.3,99.0,16,22.2,101,217,0.01,1.1,1.59,1,0,0,0.1147,Low,0
SYN-02813,47,0,70,108,78,36.8,99.3,17,26.3,66,219,0.004,1.4,1.29,0,0,0,0.0088,Low,0
SYN-03556,50,0,61,134,86,36.7,97.7,18,31.8,103,245,0.002,1.3,1.11,0,0,0,0.0319,Low,0
SYN-04281,77,0,65,152,100,36.7,97.6,14,24.2,98,214,0.004,0.4,1.25,0,0,1,0.2021,Low,0
SYN-09727,51,0,51,117,68,37.3,97.7,16,33.7,87,266,0.002,0.6,1.07,0,0,0,0.0158,Low,0
SYN-03217,33,1,79,106,66,37.0,97.7,17,31.4,95,198,0.01,0.8,1.19,0,0,0,0.0117,Low,0
SYN-04067,41,0,89,108,65,37.0,97.9,18,24.8,97,193,0.005,1.2,1.03,0,0,0,0.0103,Low,0
SYN-02904,45,1,77,115,65,36.6,99.2,14,20.3,77,170,0.008,1.3,1.13,0,0,0,0.0087,Low,0
SYN-02025,33,1,75,129,82,36.6,98.2,16,25.9,113,212,0.004,0.2,1.41,0,0,0,0.0164,Low,0
SYN-05967,41,1,66,138,81,36.9,99.3,15,34.4,202,211,0.003,0.7,1.28,1,1,0,0.1499,Low,0
SYN-09405,33,1,113,127,79,38.7,96.9,19,26.2,75,227,0.01,18.0,1.06,0,0,0,0.0568,Low,0
SYN-04236,64,0,81,120,78,37.2,98.0,20,28.0,75,167,0.007,2.3,0.78,0,0,0,0.0321,Low,0
SYN-04923,57,1,99,118,61,36.5,98.5,17,31.0,98,226,0.006,0.7,1.22,0,0,0,0.0554,Low,0
SYN-01578,70,1,83,172,90,37.0,98.1,17,31.4,282,313,0.002,0.9,1.59,1,1,1,0.976,High,1
SYN-01355,85,1,65,112,77,36.8,99.1,23,16.1,69,236,0.001,4.1,1.4,0,0,0,0.0641,Low,0
SYN-01175,53,1,67,112,62,36.8,100.0,16,30.6,102,192,0.004,0.9,0.99,0,1,0,0.0263,Low,0
SYN-09856,48,1,53,124,67,36.6,96.3,12,27.9,87,233,0.009,2.1,1.3,0,0,0,0.0228,Low,0
SYN-00343,55,0,79,113,73,37.2,98.9,17,29.2,96,232,0.005,3.0,1.31,0,0,0,0.0282,Low,0
SYN-04532,59,0,71,124,76,36.9,98.0,12,24.8,88,247,0.002,2.4,1.18,0,0,0,0.0226,Low,0
SYN-03091,74,0,77,143,84,36.4,99.1,19,26.8,86,233,0.024,2.5,1.11,1,0,0,0.3222,Moderate,0
SYN-08689,48,0,83,134,85,37.0,97.5,21,28.0,224,172,0.001,0.2,0.77,0,1,0,0.1039,Low,0
SYN-01059,56,1,102,125,71,37.0,97.4,17,22.2,80,188,0.002,0.8,1.16,0,0,0,0.0336,Low,0
SYN-09570,50,0,86,141,82,37.3,98.9,19,20.3,79,272,0.015,0.3,1.49,1,0,0,0.1139,Low,0
SYN-04064,44,1,92,145,72,36.9,98.6,17,34.6,190,292,0.003,1.1,1.34,1,1,0,0.3663,Moderate,0
SYN-07344,55,1,85,127,62,36.9,98.7,18,34.1,102,269,0.002,6.3,1.23,0,0,0,0.0758,Low,0
SYN-08043,66,1,69,137,70,36.8,97.0,15,28.8,77,183,0.005,1.8,1.63,0,0,0,0.0779,Low,0
SYN-08152,51,1,65,106,64,36.3,94.5,16,24.2,91,206,0.016,0.2,1.67,0,0,1,0.0728,Low,0
SYN-08646,49,1,95,143,80,37.1,99.5,16,28.1,116,281,1.313,0.2,1.68,1,0,0,1.0,High,1
SYN-00031,88,1,73,131,80,37.1,96.1,16,28.3,91,256,0.005,0.2,1.58,0,0,1,0.4001,Moderate,0
SYN-03946,53,1,82,174,94,36.8,98.5,12,32.5,157,196,0.005,4.9,1.33,1,1,1,0.7961,High,1
SYN-06297,34,0,97,143,85,39.4,97.7,17,30.1,84,244,0.032,19.6,0.98,1,0,0,0.2294,Low,0
SYN-06205,53,1,77,147,90,36.8,98.8,16,42.5,84,230,0.942,1.8,1.59,1,0,0,1.0,High,1
SYN-00019,68,0,108,151,102,39.0,99.8,24,24.0,102,190,0.022,43.1,1.21,1,0,1,0.9464,High,1
SYN-04796,40,0,60,97,70,37.7,98.2,13,15.0,98,227,0.001,16.1,1.0,0,0,0,0.0041,Low,0
SYN-01848,36,0,70,120,69,36.5,98.0,17,29.5,111,239,0.001,2.3,1.2,0,1,0,0.0225,Low,0
SYN-02002,43,0,98,120,83,37.1,99.3,15,22.4,92,216,0.023,2.6,0.98,0,0,0,0.0279,Low,0
SYN-09715,64,1,83,172,97,36.8,98.7,19,28.9,112,237,0.006,0.2,1.76,1,0,0,0.4517,Moderate,0
SYN-06658,51,1,67,125,75,36.6,99.1,17,19.5,83,195,0.017,0.5,1.41,0,0,0,0.0292,Low,0
SYN-07998,33,1,79,135,83,36.2,99.6,13,23.0,93,215,0.003,0.2,1.49,1,0,0,0.0206,Low,0
SYN-06272,22,0,76,127,70,36.2,99.4,13,33.7,144,211,0.012,3.1,1.44,1,1,0,0.0503,Low,0
SYN-02209,64,1,80,113,76,35.9,98.1,15,19.3,109,243,0.007,1.7,1.24,0,0,1,0.0812,Low,0
SYN-09668,69,1,78,117,77,36.1,96.7,13,20.9,276,179,0.011,4.6,1.18,0,1,0,0.2969,Low,0
SYN-00472,47,0,81,137,79,36.9,99.6,16,32.2,190,158,0.001,1.3,1.25,1,1,1,0.4262,Moderate,0
SYN-05305,78,0,79,162,75,36.8,98.0,19,34.3,144,209,0.006,5.1,1.33,1,1,0,0.6948,High,1
SYN-09825,52,0,54,139,80,36.8,99.0,17,30.7,74,210,0.008,0.5,1.15,0,0,1,0.0544,Low,0
SYN-02471,47,1,87,138,81,36.8,96.1,17,32.3,100,231,0.005,0.7,1.49,1,0,1,0.4215,Moderate,0
SYN-01043,65,1,74,173,85,36.8,98.2,14,28.7,81,236,0.008,1.7,2.06,1,0,0,0.4012,Moderate,0
SYN-07916,46,0,66,135,72,37.9,98.8,11,24.4,101,217,0.012,2.8,0.97,0,0,0,0.0189,Low,0
SYN-04303,42,1,77,126,67,36.9,98.9,16,21.1,101,251,0.001,1.1,1.69,0,0,0,0.021,Low,0
SYN-04674,56,1,48,121,71,36.7,98.5,20,34.9,189,257,0.011,1.8,1.31,0,1,0,0.1843,Low,0
SYN-02483,57,0,78,162,79,36.1,99.4,19,31.1,149,237,0.013,1.6,1.66,1,1,0,0.5394,Moderate,1
SYN-09874,46,0,77,155,86,36.5,98.4,14,26.8,136,206,0.014,1.0,1.45,1,1,0,0.2273,Low,0
SYN-08655,35,0,67,104,52,36.4,99.1,18,34.4,83,195,0.004,0.7,1.13,0,0,0,0.0057,Low,0
SYN-04149,52,0,70,124,61,36.3,98.7,20,26.3,83,230,0.015,0.6,1.04,0,0,0,0.0336,Low,0
SYN-06856,54,0,83,144,89,36.2,98.6,10,40.4,179,271,0.014,1.2,1.4,1,1,0,0.434,Moderate,0
SYN-09954,70,1,95,158,95,37.0,97.1,19,29.4,92,209,0.433,0.6,1.65,1,0,0,0.9998,High,1
SYN-05145,27,1,60,137,81,36.5,98.1,16,38.5,92,233,0.013,3.2,1.07,0,0,1,0.0493,Low,0
SYN-03299,47,1,88,117,67,36.7,98.2,11,25.8,81,198,0.011,1.9,1.31,0,0,0,0.0201,Low,0
SYN-06954,65,0,85,115,68,36.9,91.6,21,17.3,113,291,0.012,0.3,1.13,0,0,1,0.2255,Low,0
SYN-02241,74,0,71,127,71,37.3,95.9,18,22.2,150,257,0.003,2.4,1.25,0,1,0,0.2077,Low,0
SYN-07958,59,1,82,134,84,37.7,98.3,20,25.9,120,230,1.823,10.7,1.39,1,0,0,1.0,High,1
SYN-01681,30,0,63,110,63,36.9,98.0,15,19.2,229,209,0.001,1.7,0.95,0,1,1,0.029,Low,0
SYN-02759,66,1,63,104,68,36.7,99.1,11,36.8,192,286,0.004,4.5,1.08,0,1,0,0.1199,Low,0
SYN-01708,58,1,78,122,71,36.4,98.6,14,20.8,92,205,0.001,2.3,1.39,0,0,1,0.0489,Low,0
SYN-09465,31,1,96,131,84,37.0,99.0,15,31.3,189,208,0.005,2.5,1.41,0,1,0,0.0808,Low,0
SYN-00444,75,0,79,127,70,36.8,92.0,18,28.5,140,244,0.012,1.1,1.25,0,1,1,0.5957,Moderate,1
SYN-04661,28,1,88,145,84,36.6,98.5,15,23.5,95,247,0.002,0.6,1.11,0,0,0,0.0159,Low,0
SYN-02108,37,0,70,129,72,36.7,99.7,13,17.7,108,189,0.001,0.2,1.3,1,0,0,0.0104,Low,0
SYN-00213,54,0,77,114,81,36.7,96.2,15,29.2,76,251,0.005,2.5,1.09,0,0,1,0.0504,Low,0
SYN-00685,47,0,59,119,68,36.7,98.0,16,32.5,197,174,0.026,1.4,1.07,0,1,0,0.114,Low,0
SYN-02273,64,0,82,161,92,36.3,97.1,19,48.3,137,258,0.006,0.9,1.43,1,1,0,0.6964,High,1
SYN-04399,38,0,67,126,73,36.7,97.5,23,33.8,174,188,0.002,0.6,1.2,0,1,0,0.0601,Low,0
SYN-06734,32,1,87,121,67,38.8,92.7,24,23.6,105,182,0.01,16.9,1.11,0,0,0,0.0585,Low,0
SYN-06779,34,0,61,142,75,36.6,97.9,15,22.0,80,188,0.006,1.6,1.09,0,0,0,0.0093,Low,0
SYN-01309,18,1,94,109,75,38.9,96.6,17,27.2,101,211,0.017,9.3,1.12,0,0,1,0.0316,Low,0
SYN-02604,57,1,74,129,74,36.6,97.6,16,29.6,75,259,0.018,0.2,1.26,0,0,0,0.0793,Low,0
SYN-01747,45,1,72,126,80,36.7,97.7,14,29.6,104,168,0.015,1.0,1.39,0,0,0,0.0334,Low,0
SYN-08506,55,1,80,145,83,36.7,99.0,11,37.7,177,276,0.001,5.6,1.04,0,1,0,0.2093,Low,0
SYN-05561,80,1,78,128,81,37.0,97.3,20,24.6,105,199,0.008,1.1,1.68,0,0,0,0.1932,Low,0
SYN-06123,69,0,73,134,75,36.6,99.2,17,22.1,104,236,0.002,0.2,1.13,0,0,0,0.0488,Low,0
SYN-09459,48,0,100,124,65,38.7,95.6,18,32.2,76,193,0.005,18.6,1.24,0,0,0,0.0741,Low,0
SYN-00528,56,0,77,146,72,36.7,99.2,16,40.9,219,321,0.007,1.8,1.36,1,1,0,0.5729,Moderate,1
SYN-06677,52,1,82,138,86,36.2,97.1,17,29.5,87,233,0.027,0.7,1.4,0,0,0,0.1479,Low,0
SYN-00201,59,1,101,141,83,38.2,91.7,20,31.1,100,201,0.008,25.3,1.45,0,0,0,0.4582,Moderate,0
SYN-02844,66,0,73,124,70,37.2,99.2,21,21.4,190,227,0.01,0.5,0.92,0,1,0,0.1544,Low,0
SYN-09735,52,0,89,122,71,36.6,98.5,14,24.4,93,273,0.013,2.7,0.82,0,1,0,0.0571,Low,0
SYN-01085,56,0,68,157,90,37.0,96.6,18,23.7,96,199,0.001,0.2,1.13,1,0,1,0.3235,Moderate,0
SYN-04283,67,0,88,111,63,36.9,97.6,21,29.4,168,253,0.015,0.3,1.02,0,1,0,0.238,Low,0
SYN-06610,44,0,72,139,78,36.9,97.9,16,29.2,91,241,0.021,2.4,1.35,1,0,0,0.1052,Low,0
SYN-05652,31,0,57,113,61,35.9,99.2,15,21.3,72,168,0.027,1.5,0.75,0,0,0,0.0049,Low,0
SYN-00369,57,0,83,152,90,36.2,98.7,19,28.1,199,253,0.592,1.2,1.23,0,1,0,0.9999,High,1
SYN-06030,19,1,62,124,81,36.3,97.5,17,22.1,73,202,0.005,0.3,1.19,0,0,0,0.004,Low,0
SYN-00498,49,1,110,113,73,39.6,97.4,22,21.8,97,236,0.007,12.1,1.47,0,0,0,0.0801,Low,0
SYN-00226,58,0,50,141,79,36.5,99.5,17,25.9,92,195,0.001,1.2,1.37,1,0,0,0.0442,Low,0
SYN-04862,64,0,76,123,71,37.0,97.3,15,27.6,75,169,0.002,1.1,1.31,0,0,0,0.0281,Low,0
SYN-07673,71,0,72,133,75,36.6,98.4,11,22.3,59,242,0.003,1.5,1.38,0,0,0,0.0374,Low,0
SYN-01861,64,1,73,141,78,37.1,99.0,15,42.1,85,249,0.004,3.0,1.15,0,0,0,0.1093,Low,0
SYN-05868,75,1,73,121,71,37.0,97.1,13,22.6,100,227,0.009,0.7,1.22,0,0,1,0.1407,Low,0
SYN-02676,60,1,64,147,81,36.8,97.6,13,37.7,150,218,0.029,1.4,1.29,0,1,0,0.4218,Moderate,0
SYN-01771,47,1,76,139,72,36.8,95.6,17,27.6,106,233,0.002,0.2,1.48,1,0,1,0.3364,Moderate,0
SYN-06486,45,1,83,148,80,36.9,97.1,20,26.6,79,209,0.002,3.6,1.34,1,0,0,0.0912,Low,0
SYN-04346,60,1,78,146,88,36.4,99.4,16,29.5,95,228,0.019,0.2,1.59,1,0,0,0.247,Low,0
SYN-01726,56,1,70,135,71,36.7,98.9,17,31.7,98,288,0.002,1.8,1.5,1,0,0,0.1175,Low,0
SYN-09402,68,0,87,145,91,36.4,98.8,17,26.8,88,195,0.017,0.6,1.57,1,0,0,0.2541,Low,0
SYN-08056,56,0,55,160,93,36.3,98.9,12,34.5,167,200,0.003,0.9,1.44,1,1,0,0.2451,Low,0
SYN-03902,65,1,60,151,81,36.3,97.0,15,30.6,87,287,0.001,1.9,1.53,1,0,0,0.1982,Low,0
SYN-09075,45,0,96,119,74,37.4,98.3,18,29.1,92,258,0.004,0.4,1.12,0,0,0,0.0252,Low,0
SYN-09286,57,1,97,159,92,37.3,97.6,16,33.4,107,261,0.007,0.7,1.74,1,1,1,0.8509,High,1
SYN-02610,33,1,84,119,73,37.1,95.4,17,18.2,94,214,0.008,2.5,1.22,0,0,1,0.0311,Low,0
SYN-00909,55,0,83,179,107,38.3,99.7,16,31.9,71,183,0.002,8.7,1.16,1,0,0,0.1775,Low,0
SYN-09382,63,1,116,155,81,36.3,98.6,16,28.4,116,222,0.007,2.4,1.06,1,0,0,0.3215,Moderate,0
SYN-01106,65,1,81,142,74,38.0,97.1,18,30.3,236,230,0.001,6.8,1.51,1,1,1,0.8955,High,1
SYN-02059,44,1,81,112,71,36.6,97.2,16,26.8,86,253,0.011,2.6,1.46,0,0,1,0.0614,Low,0
SYN-05943,65,0,75,118,72,37.0,99.6,14,33.3,90,211,0.024,1.4,0.75,0,0,0,0.0544,Low,0
SYN-03681,44,0,93,145,73,37.0,98.8,18,32.7,86,186,0.007,0.7,1.1,0,0,0,0.0416,Low,0
SYN-08502,57,1,62,121,68,36.4,98.8,15,27.9,175,206,0.001,4.6,1.09,0,1,0,0.07,Low,0
SYN-02001,47,0,57,127,69,37.0,99.0,17,26.6,108,236,0.002,4.5,0.92,0,0,0,0.0154,Low,0
SYN-00751,54,0,82,119,67,37.0,98.8,12,23.8,91,183,0.002,1.6,0.89,0,0,0,0.0107,Low,0
SYN-05792,54,0,64,121,72,36.6,99.3,17,26.6,103,218,0.007,1.8,0.94,0,0,0,0.0197,Low,0
SYN-01670,43,1,71,151,89,36.9,98.9,14,32.3,81,206,0.011,1.1,1.27,1,0,0,0.0747,Low,0
SYN-02887,62,1,79,147,78,36.9,97.8,18,28.6,101,243,0.005,2.0,1.55,1,0,0,0.2312,Low,0
SYN-04249,44,0,67,127,85,36.7,99.3,16,28.8,100,168,0.009,0.8,1.53,0,0,0,0.0196,Low,0
SYN-08657,36,1,57,111,66,37.1,99.4,13,25.3,85,205,0.002,0.2,1.58,0,0,0,0.0051,Low,0
SYN-09228,41,0,68,154,82,36.7,99.0,15,24.0,105,166,0.043,0.4,1.26,1,0,0,0.3367,Moderate,0
SYN-07202,66,0,72,131,72,37.1,98.5,17,23.4,79,255,0.001,0.5,1.57,0,0,0,0.049,Low,0
SYN-05101,40,1,75,160,98,36.3,98.3,14,31.1,102,193,0.033,1.3,1.61,1,0,1,0.6196,Moderate,1
SYN-07733,39,0,81,132,78,38.5,97.6,17,27.1,138,187,0.567,15.9,1.05,0,1,0,0.9994,High,1
SYN-00976,37,1,70,96,57,36.6,98.6,18,15.0,79,238,0.001,2.0,1.29,0,0,0,0.0039,Low,0
SYN-09329,24,1,89,127,80,36.6,97.8,18,34.9,100,212,0.004,2.3,1.62,1,0,1,0.165,Low,0
SYN-01456,52,0,103,131,75,36.9,97.4,13,30.7,87,187,0.004,0.9,1.45,0,0,0,0.0422,Low,0
SYN-00694,18,0,64,106,65,36.4,99.6,13,18.7,110,236,0.011,0.3,1.04,0,0,0,0.0021,Low,0
SYN-08925,35,1,74,131,67,36.3,97.2,18,25.9,85,231,0.001,0.5,1.31,1,0,0,0.0279,Low,0
SYN-04375,68,0,78,152,75,36.8,98.8,17,26.6,96,248,0.009,3.5,1.58,1,0,0,0.2748,Low,0
SYN-01786,73,1,61,146,77,36.6,98.4,18,27.9,172,244,0.005,0.2,1.19,1,1,0,0.4462,Moderate,0
SYN-07346,24,1,64,96,68,37.2,98.0,18,23.5,86,257,0.009,3.4,1.31,0,0,0,0.005,Low,0
SYN-01338,65,0,58,154,94,36.6,99.0,15,28.2,75,208,0.001,2.2,1.44,1,0,0,0.0948,Low,0
SYN-08880,41,1,59,117,72,36.6,96.7,19,23.4,89,216,0.002,0.3,1.31,0,0,1,0.0248,Low,0
SYN-05929,63,0,96,137,77,37.0,100.0,21,40.5,139,259,0.001,4.4,1.23,0,1,0,0.2944,Low,0
SYN-07396,54,0,100,137,79,39.2,95.6,15,29.9,97,244,0.005,9.9,1.32,0,0,0,0.1146,Low,0
SYN-01651,46,1,72,121,66,36.0,98.5,19,24.3,192,225,0.019,0.4,1.01,0,1,0,0.117,Low,0
SYN-05996,30,0,75,126,87,36.6,97.7,18,27.4,100,251,0.006,1.4,1.17,1,0,1,0.1089,Low,0
SYN-03338,62,1,95,164,98,37.7,98.9,17,38.8,197,239,0.009,6.2,1.25,1,1,0,0.77,High,1
SYN-03738,79,1,79,149,92,37.2,97.1,17,27.3,76,235,0.028,1.2,1.29,1,0,0,0.5262,Moderate,1
SYN-08993,47,1,88,111,59,36.4,96.9,17,30.1,86,225,0.002,0.8,0.97,0,0,0,0.0185,Low,0
SYN-04401,53,1,88,123,73,36.5,98.0,16,26.5,99,236,0.011,0.6,1.19,0,0,0,0.0493,Low,0
SYN-01064,72,0,79,156,87,36.6,98.0,15,41.4,148,307,0.002,4.0,1.3,1,1,1,0.8994,High,1
SYN-03036,62,0,73,159,87,36.5,99.4,15,26.7,103,234,0.027,1.3,1.28,1,0,0,0.3041,Moderate,0
SYN-00333,43,1,71,131,82,36.8,97.1,19,31.0,123,178,0.001,1.5,1.2,0,1,1,0.1057,Low,0
SYN-08778,36,0,78,107,70,36.4,97.9,20,22.5,97,168,0.001,0.5,0.96,0,0,0,0.0049,Low,0
SYN-00984,66,1,77,116,60,37.0,99.6,18,27.4,83,259,0.002,0.4,1.24,0,0,0,0.0406,Low,0
SYN-03487,66,0,89,145,68,36.6,97.9,18,26.6,95,205,0.005,0.8,1.18,0,0,0,0.0977,Low,0
SYN-08636,58,1,61,127,73,36.8,98.6,12,28.2,99,212,0.013,0.2,1.33,0,0,0,0.0399,Low,0
SYN-06133,68,1,65,150,82,36.9,98.9,15,26.9,208,253,0.661,1.7,1.71,1,1,1,1.0,High,1
SYN-00003,66,0,89,170,85,37.0,98.8,15,33.2,119,228,0.031,2.0,1.21,1,1,0,0.7347,High,1
SYN-04492,40,0,92,129,77,36.8,99.3,14,26.3,103,238,0.013,3.4,1.24,0,0,1,0.0616,Low,0
SYN-09603,67,0,70,137,74,37.2,99.6,14,22.9,103,213,0.002,0.9,1.1,0,0,0,0.0359,Low,0
SYN-07067,69,1,63,148,70,36.5,97.6,19,32.4,170,232,0.01,0.7,1.84,1,1,0,0.6409,Moderate,1
SYN-01536,39,1,61,131,67,36.2,98.9,16,22.4,95,208,0.009,0.6,1.24,0,0,0,0.0148,Low,0
SYN-07196,74,1,79,119,75,37.0,98.0,20,20.1,92,211,0.002,0.2,1.37,0,0,0,0.0614,Low,0
SYN-02312,58,0,80,139,79,36.9,98.2,14,29.9,234,196,0.002,0.3,1.27,1,1,0,0.2906,Low,0
SYN-06177,42,1,74,114,70,36.7,98.5,20,19.8,77,138,0.001,2.4,1.23,0,0,0,0.0073,Low,0
SYN-09480,66,1,76,142,85,37.0,97.0,15,19.9,124,241,0.008,3.5,1.75,1,1,1,0.75,High,1
SYN-03151,58,0,73,162,79,36.3,97.8,18,26.7,98,193,0.005,0.3,1.05,1,0,0,0.1288,Low,0
SYN-04805,47,1,69,118,58,37.3,95.5,18,19.7,82,201,0.002,4.2,1.33,0,0,1,0.0373,Low,0
SYN-04429,51,0,74,134,76,36.7,98.3,15,22.9,102,215,0.002,4.0,1.23,0,0,0,0.0253,Low,0
SYN-07347,75,1,79,114,72,37.0,99.5,16,15.0,84,253,2.857,0.2,1.15,0,0,0,1.0,High,1
SYN-05931,62,1,78,134,79,36.7,98.2,20,30.7,175,233,0.001,1.6,1.49,1,1,0,0.372,Moderate,0
SYN-02951,35,0,96,111,74,36.6,100.0,13,27.4,87,231,0.001,9.4,1.16,0,0,0,0.0086,Low,0
SYN-09778,64,0,84,156,85,37.0,92.8,20,32.6,98,238,0.001,1.1,1.27,1,0,1,0.7138,High,1
SYN-06143,85,1,80,167,90,36.9,96.0,21,36.8,169,346,0.002,2.1,1.41,1,1,0,0.9138,High,1
SYN-01806,23,0,65,134,82,36.6,99.4,18,28.3,276,216,0.001,0.7,1.09,1,1,0,0.0748,Low,0
SYN-06730,26,0,83,107,58,36.3,95.2,18,21.1,101,202,0.002,0.4,1.21,0,0,1,0.0114,Low,0
SYN-09800,34,1,88,145,84,36.8,98.0,18,39.0,217,244,0.006,3.3,1.38,0,1,0,0.2552,Low,0
SYN-08668,62,1,80,161,92,36.6,98.3,15,36.1,80,214,0.013,2.4,1.47,1,0,0,0.329,Moderate,0
SYN-01016,38,0,72,140,79,36.4,98.9,16,28.2,97,195,0.007,0.9,1.17,1,0,0,0.0319,Low,0
SYN-01165,38,1,55,150,72,36.7,98.2,15,33.4,195,243,0.02,4.1,1.34,1,1,0,0.3416,Moderate,0
SYN-02229,89,1,58,152,84,36.9,97.6,18,29.0,105,284,0.01,0.3,1.62,1,0,0,0.5676,Moderate,1
SYN-05904,56,1,75,107,71,37.1,96.4,17,30.8,92,238,0.002,0.8,1.61,0,0,1,0.0735,Low,0
SYN-08575,24,0,70,108,72,36.7,95.9,18,20.2,86,222,0.005,3.9,1.23,0,0,1,0.0102,Low,0
SYN-00236,44,1,84,110,67,36.7,97.5,18,21.8,96,261,0.014,4.7,1.0,0,0,1,0.0568,Low,0
SYN-05341,57,1,72,124,70,36.6,99.3,15,20.3,92,225,0.001,0.2,1.47,0,0,0,0.0224,Low,0
SYN-09191,45,1,65,158,89,36.6,97.6,16,23.7,106,162,0.005,0.4,1.41,1,0,1,0.2756,Low,0
SYN-01701,36,0,85,110,55,38.4,92.4,21,28.9,82,197,0.004,6.0,1.44,0,0,0,0.0251,Low,0
SYN-04919,58,0,83,145,84,37.9,93.6,18,21.3,122,232,0.001,17.4,1.24,0,1,0,0.2607,Low,0
SYN-05442,33,1,57,93,63,36.2,99.6,19,25.0,103,173,0.001,0.2,1.33,0,0,0,0.003,Low,0
SYN-03824,51,1,69,125,81,36.7,92.2,18,26.9,97,208,0.009,0.2,1.41,0,0,1,0.1255,Low,0
SYN-05704,54,0,75,168,101,36.3,99.7,14,36.7,73,205,0.001,0.8,1.23,1,0,0,0.1047,Low,0
SYN-05715,30,1,61,124,67,36.6,99.0,15,21.6,104,210,0.007,1.3,1.31,0,0,0,0.0079,Low,0
SYN-05432,59,0,101,120,84,36.8,97.9,14,32.7,87,241,0.001,1.8,1.33,0,0,1,0.0923,Low,0
SYN-09531,58,1,76,157,92,37.0,99.4,15,37.5,92,214,0.001,2.5,1.64,1,0,0,0.1902,Low,0
SYN-02886,59,0,97,137,80,38.3,96.7,18,25.2,95,196,0.005,48.0,1.24,0,0,0,0.3143,Moderate,0
SYN-03748,68,1,64,122,69,36.1,98.3,18,26.9,99,202,0.008,0.2,1.39,0,0,0,0.0612,Low,0
SYN-08498,86,1,89,156,95,36.2,99.7,15,33.9,90,206,0.007,0.7,1.8,1,0,0,0.5221,Moderate,1
SYN-07539,33,0,64,137,76,36.8,98.2,12,32.3,77,177,0.004,1.0,1.06,0,0,0,0.0079,Low,0
SYN-02248,42,0,83,128,76,36.9,98.6,18,26.7,96,164,0.005,0.7,0.95,0,0,0,0.0142,Low,0
SYN-05528,57,0,81,115,69,36.4,97.1,19,22.4,55,203,0.001,0.6,1.11,0,1,0,0.0273,Low,0
SYN-00968,42,1,73,123,61,37.1,99.2,20,22.2,72,212,0.007,0.4,1.49,0,0,0,0.0175,Low,0
SYN-09233,86,1,85,171,97,36.5,98.1,19,27.7,99,195,0.008,1.0,1.57,1,0,0,0.6313,Moderate,1
SYN-09686,27,0,88,121,69,38.5,98.2,15,16.1,96,137,0.004,6.9,0.92,0,0,0,0.0042,Low,0
SYN-00889,18,0,65,114,64,36.3,99.8,21,26.7,77,174,0.002,5.6,0.97,0,0,0,0.0025,Low,0
SYN-04298,43,1,58,111,70,36.8,98.3,13,22.4,106,218,0.001,1.1,1.41,0,0,1,0.0165,Low,0
SYN-01214,43,1,46,125,72,37.0,97.7,16,26.3,99,184,0.001,3.5,1.04,0,0,0,0.0098,Low,0
SYN-02390,53,0,72,125,74,37.1,98.6,14,27.0,73,211,0.03,0.9,1.09,0,0,0,0.0441,Low,0
SYN-00880,54,1,86,145,79,36.9,97.9,17,26.5,185,257,0.004,0.9,1.38,1,1,0,0.3727,Moderate,0
SYN-07019,41,0,102,129,89,37.1,96.5,18,25.8,88,200,0.032,0.2,1.0,0,0,1,0.1343,Low,0
SYN-06414,49,1,86,152,86,37.1,99.4,18,35.6,93,212,0.014,0.7,1.24,1,0,1,0.5269,Moderate,1
SYN-07665,45,0,81,116,79,36.8,97.2,14,20.4,69,172,0.001,2.0,1.23,0,0,0,0.0073,Low,0
SYN-05340,72,0,94,128,74,36.2,97.8,18,27.8,71,160,0.006,1.6,1.39,0,0,0,0.0786,Low,0
SYN-06362,84,1,87,151,88,37.3,98.1,22,30.8,121,234,0.666,2.3,1.43,1,1,0,1.0,High,1
SYN-02618,69,0,70,133,70,39.0,95.7,21,23.9,160,256,0.001,11.0,1.29,1,1,0,0.4298,Moderate,0
SYN-07142,67,0,92,152,87,37.2,99.1,20,29.9,81,200,0.006,2.7,1.54,1,0,0,0.2581,Low,0
SYN-02287,65,1,68,146,76,36.9,97.2,19,32.4,115,229,0.001,2.4,1.2,1,1,1,0.6991,High,1
SYN-05755,40,1,71,117,67,37.2,98.5,19,27.2,91,230,0.007,1.2,1.36,0,0,0,0.0188,Low,0
SYN-00072,36,0,77,123,83,37.2,98.2,15,24.3,92,213,0.003,0.3,0.68,0,0,0,0.0062,Low,0
SYN-03700,34,1,76,103,62,37.0,98.2,16,31.7,104,215,0.005,1.4,1.32,0,0,0,0.0101,Low,0
SYN-02767,25,1,108,143,78,36.5,98.4,12,29.2,97,196,0.003,4.4,1.35,1,0,0,0.037,Low,0
SYN-07244,18,0,65,113,63,36.3,98.5,15,21.1,98,129,0.012,0.2,1.25,0,0,0,0.0025,Low,0
SYN-00149,71,1,74,171,88,36.3,97.4,17,30.2,114,193,0.002,3.1,1.4,1,1,0,0.5371,Moderate,1
SYN-01212,46,1,70,153,78,36.6,98.1,17,31.6,93,234,0.003,3.1,1.55,1,0,0,0.1174,Low,0
SYN-07348,48,0,81,120,69,36.9,97.7,22,20.4,111,245,0.011,0.2,1.29,0,0,1,0.0775,Low,0
SYN-02378,43,1,69,136,77,36.7,95.6,18,34.5,100,232,0.001,3.1,1.4,0,0,1,0.1004,Low,0
SYN-03115,59,0,59,133,74,36.1,97.4,10,31.1,100,197,0.03,1.6,1.13,0,0,0,0.0739,Low,0
SYN-07276,45,1,77,126,81,36.4,99.4,15,23.0,77,177,0.006,0.2,1.25,0,0,0,0.0131,Low,0
SYN-06609,64,1,90,123,72,38.2,96.6,20,33.0,87,209,0.009,29.6,1.43,0,0,0,0.2915,Low,0
SYN-03605,55,1,50,128,85,36.9,99.2,15,27.8,102,197,0.024,0.8,1.21,1,0,0,0.0792,Low,0
SYN-05544,35,0,88,123,67,36.3,96.9,22,22.2,132,174,4.8,3.5,1.2,0,1,1,1.0,High,1
SYN-03652,58,0,82,134,84,37.0,98.0,18,30.4,179,240,0.002,1.2,1.05,0,1,0,0.1586,Low,0
SYN-04335,63,1,79,135,83,36.5,96.9,15,17.0,86,166,0.013,0.9,1.33,0,0,1,0.1153,Low,0
SYN-08572,61,0,61,143,77,37.3,99.7,16,37.3,172,246,0.001,1.4,1.44,1,1,1,0.6693,High,1
SYN-00580,60,0,73,115,62,36.9,100.0,16,23.4,84,271,0.014,1.2,0.96,0,0,0,0.0279,Low,0
SYN-04645,53,1,92,138,76,36.8,98.9,17,23.5,100,207,0.004,1.2,1.57,1,0,0,0.0983,Low,0
SYN-02446,90,0,97,163,89,36.8,98.9,15,39.5,93,227,1.3,1.8,1.14,1,0,0,1.0,High,1
SYN-01723,43,0,89,114,66,36.5,98.1,14,24.0,95,149,0.031,1.8,1.0,0,0,0,0.0242,Low,0
SYN-05727,27,0,67,106,60,36.9,98.0,17,17.9,104,192,0.027,1.4,1.06,0,0,0,0.0075,Low,0
SYN-09945,59,1,64,124,81,36.8,95.6,19,29.8,160,256,0.01,2.9,1.31,0,1,1,0.3837,Moderate,0
SYN-01894,20,0,64,109,65,37.2,97.5,17,23.2,84,227,0.003,0.5,1.03,0,0,1,0.0052,Low,0
SYN-04943,50,1,71,126,82,37.3,96.7,18,23.9,83,220,0.806,0.5,1.34,0,0,1,0.9998,High,1
SYN-07148,63,1,56,154,84,37.0,99.7,15,31.7,270,248,0.004,2.8,1.42,1,1,0,0.5817,Moderate,1
SYN-00311,73,1,90,159,79,36.6,97.8,12,24.6,105,231,0.005,0.3,1.25,1,0,0,0.2787,Low,0
SYN-02183,24,0,86,137,78,36.6,96.0,18,28.6,101,178,0.003,0.2,1.31,1,0,1,0.1118,Low,0
SYN-01004,64,0,85,164,90,37.1,97.4,19,30.8,112,216,0.005,1.1,1.47,1,0,0,0.3404,Moderate,0
SYN-06777,42,1,79,106,63,37.6,99.4,15,21.3,88,195,0.012,4.6,1.25,0,0,0,0.0115,Low,0
SYN-01954,44,1,89,119,78,39.2,95.2,16,24.2,81,194,0.003,11.4,1.35,0,0,1,0.064,Low,0
SYN-08194,45,0,72,141,86,36.8,99.0,15,27.4,173,205,0.011,2.8,1.47,1,1,0,0.1868,Low,0
SYN-08399,36,0,78,118,69,36.7,97.3,17,34.9,93,223,0.009,1.4,1.35,0,0,1,0.0438,Low,0
SYN-03356,18,1,54,104,75,36.2,97.2,14,27.2,90,198,0.006,0.8,0.97,0,0,1,0.0044,Low,0
SYN-04946,84,1,84,162,100,37.2,96.9,18,27.1,87,200,0.006,5.6,1.61,1,0,0,0.5632,Moderate,1
SYN-00512,49,1,83,159,84,38.1,97.8,18,24.9,90,212,0.007,23.5,1.74,1,0,0,0.3316,Moderate,0
SYN-07282,47,1,74,132,87,36.2,100.0,12,29.6,93,182,0.621,0.8,1.28,0,0,0,0.9983,High,1
SYN-04616,81,1,101,161,94,37.0,99.3,14,29.1,74,235,0.004,3.6,1.63,1,0,0,0.4625,Moderate,0
SYN-02271,61,0,66,108,61,36.7,99.2,18,15.0,91,199,0.001,3.5,1.0,0,0,0,0.0098,Low,0
SYN-04611,56,1,87,147,84,36.6,98.8,18,31.3,196,201,0.004,0.6,1.42,1,1,0,0.415,Moderate,0
SYN-09805,60,1,60,131,76,36.5,99.5,18,26.4,103,168,0.008,1.4,1.29,0,0,0,0.041,Low,0
SYN-09756,81,1,80,143,86,36.8,96.6,19,25.6,143,238,0.006,0.6,1.52,0,1,0,0.4899,Moderate,0
SYN-01403,51,0,67,122,78,36.4,97.7,17,28.6,97,199,0.011,3.1,1.26,0,0,0,0.0311,Low,0
SYN-06067,64,1,58,128,86,37.2,99.3,15,27.6,87,261,0.001,3.0,1.2,1,0,0,0.062,Low,0
SYN-07162,58,0,70,126,74,37.0,95.2,17,32.3,100,226,0.006,1.1,1.3,0,0,1,0.1203,Low,0
SYN-09398,39,0,71,128,83,37.0,97.7,15,24.4,117,199,0.022,0.8,1.0,0,0,0,0.0253,Low,0
SYN-09254,65,0,85,129,64,37.2,98.1,14,28.4,109,233,1.915,0.9,1.01,0,0,0,1.0,High,1
SYN-07573,45,1,69,147,79,36.6,96.1,16,31.7,92,235,0.003,0.7,1.33,1,0,1,0.3219,Moderate,0
SYN-08926,65,1,78,121,68,36.3,94.6,20,26.8,119,206,0.001,2.0,1.54,0,0,1,0.1892,Low,0
SYN-01678,60,0,60,136,84,36.8,98.1,16,29.2,84,282,0.006,2.0,1.41,1,0,0,0.0991,Low,0
SYN-03109,33,1,70,114,66,36.5,94.9,18,20.9,94,209,0.04,0.8,1.6,1,0,1,0.3136,Moderate,0
SYN-01890,63,0,80,116,65,37.0,97.8,19,22.0,162,218,0.006,0.2,1.05,0,1,1,0.1787,Low,0
SYN-00296,57,1,78,147,80,36.9,98.1,17,26.2,75,223,0.02,8.4,1.37,1,0,0,0.2442,Low,0
SYN-00643,87,1,92,150,85,38.7,97.8,21,33.6,180,294,0.004,7.1,1.28,0,1,0,0.8024,High,1
SYN-00561,53,1,72,118,76,36.7,94.6,21,22.8,86,234,0.014,3.1,1.46,0,0,1,0.1376,Low,0
SYN-00807,52,0,65,97,53,37.2,98.1,16,23.5,96,262,0.004,1.0,1.4,0,0,0,0.0115,Low,0
SYN-05144,71,1,74,118,72,36.3,96.6,18,15.0,97,198,0.031,2.2,1.38,0,0,0,0.1361,Low,0
SYN-00390,31,0,50,112,67,36.9,98.8,19,28.0,110,186,0.001,0.4,1.04,0,0,0,0.0039,Low,0
SYN-01850,65,0,89,171,91,38.2,97.6,18,34.7,174,266,0.023,14.6,1.23,1,1,0,0.8923,High,1
SYN-00297,59,0,76,148,76,36.4,98.5,19,20.8,101,179,0.014,0.3,1.39,1,1,0,0.2231,Low,0
SYN-04726,72,1,66,140,72,37.1,97.0,19,23.2,98,177,0.001,3.1,1.59,1,0,1,0.4983,Moderate,0
SYN-02193,38,0,66,141,86,36.5,100.0,20,28.8,67,193,0.011,0.9,1.38,1,0,0,0.0365,Low,0
SYN-04062,71,0,93,135,66,36.9,98.6,16,24.9,79,226,0.001,0.2,1.17,0,0,0,0.0622,Low,0
SYN-02992,80,1,75,169,90,36.9,98.0,20,38.2,86,238,0.001,1.4,1.74,1,0,0,0.5905,Moderate,1
SYN-07743,21,0,71,131,67,36.6,97.5,16,27.1,105,217,0.006,1.4,0.91,0,0,1,0.0149,Low,0
SYN-07935,71,0,69,162,93,37.1,98.4,22,29.2,91,236,0.005,3.3,1.5,1,0,0,0.3513,Moderate,0
SYN-08645,62,1,74,141,77,36.9,100.0,13,27.3,85,271,0.001,0.2,1.42,1,0,0,0.0887,Low,0
SYN-05439,59,0,75,118,75,36.4,97.5,16,27.8,99,224,0.006,0.7,0.99,0,0,0,0.0291,Low,0
SYN-02632,38,0,96,113,71,39.1,93.4,22,22.0,98,162,0.02,10.4,1.28,0,0,1,0.1077,Low,0
SYN-03505,57,0,73,143,78,37.2,98.0,13,33.0,175,189,0.002,1.4,0.91,0,1,1,0.2058,Low,0
SYN-04340,50,1,85,127,73,36.4,96.7,14,21.5,110,165,0.004,3.7,1.43,0,0,1,0.0645,Low,0
SYN-09345,46,1,82,112,65,36.5,98.1,11,27.0,83,230,0.002,0.5,1.14,0,0,0,0.0106,Low,0
SYN-06525,57,1,84,166,87,36.6,99.9,22,26.9,105,154,0.001,2.4,1.46,1,0,0,0.1959,Low,0
SYN-05180,43,0,92,167,95,36.2,97.0,17,28.3,93,195,0.006,0.3,1.02,1,0,0,0.11,Low,0
SYN-02463,52,0,86,136,85,36.6,97.0,13,24.5,178,198,0.001,1.0,0.86,0,1,0,0.0715,Low,0
SYN-01791,27,0,60,122,77,37.1,98.1,16,23.7,92,175,0.026,0.9,1.18,0,0,0,0.0104,Low,0
SYN-02038,70,1,100,141,84,36.9,98.4,19,17.1,183,205,0.001,0.2,1.8,1,1,0,0.4782,Moderate,0
SYN-07701,46,1,99,135,70,38.9,94.0,19,29.1,101,235,0.002,17.1,1.32,1,0,0,0.2191,Low,0
SYN-09618,58,0,60,127,64,36.6,99.8,15,24.5,79,181,0.011,3.0,1.37,0,0,0,0.0243,Low,0
SYN-08670,55,0,88,121,71,37.0,97.8,18,26.3,112,215,0.019,0.5,0.63,0,0,0,0.0475,Low,0
SYN-07018,62,0,84,136,82,36.7,98.8,19,28.2,97,226,0.023,1.0,1.27,1,0,0,0.2264,Low,0
SYN-05819,61,0,66,162,84,36.7,99.1,17,25.3,116,275,0.002,0.3,1.53,1,0,0,0.1878,Low,0
SYN-01564,36,1,71,133,75,36.8,98.9,13,25.0,87,248,0.007,4.8,1.15,0,0,0,0.0164,Low,0
SYN-08800,48,0,77,121,69,36.2,99.4,19,17.1,76,167,0.018,5.2,0.8,0,0,0,0.0159,Low,0
SYN-01852,58,0,75,119,72,36.2,98.5,17,24.1,102,217,0.014,5.1,1.19,0,0,1,0.091,Low,0
SYN-00509,45,1,84,115,70,36.5,99.6,15,15.0,86,224,0.008,2.3,1.26,0,0,0,0.0123,Low,0
SYN-07570,63,0,78,122,72,37.9,90.0,19,24.5,72,258,4.8,6.9,1.52,0,0,0,1.0,High,1
SYN-01070,53,0,87,167,90,36.7,98.4,17,25.7,85,231,0.006,0.2,1.17,1,0,1,0.4587,Moderate,0
SYN-04621,36,0,50,138,76,37.1,99.0,15,29.1,143,229,0.001,3.9,1.25,1,1,0,0.0507,Low,0
SYN-03909,37,0,80,149,89,36.8,98.4,16,30.6,97,205,0.011,1.7,1.17,1,0,0,0.0625,Low,0
SYN-01782,56,1,74,116,82,36.3,97.9,17,28.5,152,209,0.002,1.2,1.57,0,1,0,0.0897,Low,0
SYN-07929,23,0,69,130,69,39.5,98.1,17,20.6,72,184,0.014,20.1,1.09,1,0,0,0.0217,Low,0
SYN-00137,59,1,90,162,87,37.4,96.5,19,30.5,166,207,0.012,2.4,1.47,1,1,1,0.9124,High,1
SYN-06559,47,1,83,123,78,37.1,98.1,16,33.1,187,219,0.001,2.9,1.19,0,1,1,0.1879,Low,0
SYN-01748,59,1,85,112,69,38.4,97.6,15,26.1,92,204,0.003,6.5,1.16,0,0,1,0.0652,Low,0
SYN-07096,74,1,95,145,91,36.5,99.3,20,20.1,108,248,0.01,5.6,1.49,1,0,0,0.3989,Moderate,0
SYN-00171,44,1,84,135,74,36.7,99.0,15,23.2,104,209,0.002,0.4,1.29,0,0,0,0.0225,Low,0
SYN-05173,47,1,94,159,84,37.0,99.3,16,33.3,208,172,0.019,2.3,1.63,1,1,0,0.6066,Moderate,1
SYN-08171,43,1,78,136,83,36.9,99.6,14,28.1,207,154,0.001,0.2,1.24,1,1,0,0.1041,Low,0
SYN-05597,51,0,80,144,85,37.1,98.0,16,33.6,180,206,0.001,5.3,1.49,1,1,0,0.2859,Low,0
SYN-07561,61,0,75,132,70,38.4,95.6,14,33.2,87,200,0.001,17.8,1.32,0,0,0,0.089,Low,0
SYN-09298,71,0,75,153,87,36.3,98.2,18,24.9,75,140,0.015,1.5,1.2,1,0,0,0.1876,Low,0
SYN-01242,38,1,74,132,67,36.7,98.6,18,24.1,109,213,0.021,1.3,1.2,0,0,0,0.0396,Low,0
SYN-04168,38,1,86,112,75,37.3,99.0,15,29.4,110,253,1.686,0.7,1.03,0,0,0,1.0,High,1
SYN-03185,65,1,68,158,93,36.4,98.4,17,38.0,107,211,0.003,4.0,1.62,1,0,0,0.3193,Moderate,0
SYN-06082,19,0,73,104,65,36.4,97.8,18,20.0,78,183,0.175,0.2,0.99,0,0,1,0.5384,Moderate,1
SYN-04295,55,1,80,129,74,36.9,98.3,19,26.7,248,285,0.021,0.5,1.34,0,1,1,0.6381,Moderate,1
SYN-05675,49,1,92,130,74,36.6,98.0,13,26.5,183,202,0.001,0.2,1.03,0,1,0,0.0769,Low,0
SYN-03528,33,1,58,117,72,37.0,98.7,16,21.8,90,265,0.008,1.1,1.17,0,0,0,0.0082,Low,0
SYN-09845,43,1,80,139,87,36.8,99.1,16,27.3,108,212,0.011,2.0,1.09,1,0,0,0.0663,Low,0
SYN-02835,62,1,67,122,87,36.7,99.3,15,34.9,102,205,0.003,1.0,1.32,0,0,0,0.0414,Low,0
SYN-00565,68,0,81,142,77,37.0,99.4,14,25.4,72,277,0.005,0.6,1.14,1,0,0,0.1071,Low,0
SYN-06371,64,0,75,150,87,36.8,96.4,14,29.1,245,246,0.001,2.0,1.06,1,1,0,0.4806,Moderate,0
SYN-05746,68,0,71,148,90,37.0,98.6,16,21.8,169,198,0.012,1.4,1.31,0,1,0,0.2531,Low,0
SYN-04598,59,0,92,129,78,36.1,99.2,17,33.6,87,269,0.006,0.8,0.87,0,0,0,0.0553,Low,0
SYN-06516,31,0,77,134,85,36.4,97.9,20,33.7,102,244,0.006,1.8,0.77,0,0,0,0.0199,Low,0
SYN-05575,72,1,85,135,69,36.2,97.2,18,23.9,106,227,0.001,1.9,1.54,0,0,1,0.245,Low,0
SYN-00659,73,0,89,166,86,36.1,98.6,11,25.3,95,213,0.002,3.7,1.2,1,0,0,0.2226,Low,0
SYN-02546,46,0,75,151,80,37.3,98.1,18,32.5,229,237,0.014,1.7,1.31,1,1,0,0.4715,Moderate,0
SYN-01135,51,0,77,121,70,36.2,96.8,16,31.5,104,219,0.017,8.5,1.34,0,0,1,0.1431,Low,0
SYN-07126,62,0,60,128,77,36.6,97.8,13,21.5,88,210,0.001,1.5,0.9,0,0,1,0.0327,Low,0
SYN-00525,76,0,93,150,79,37.3,94.2,18,25.1,103,188,0.011,1.8,1.22,1,0,0,0.402,Moderate,0
SYN-02850,70,0,74,133,82,37.5,98.4,17,26.6,64,281,0.001,0.6,1.4,1,0,1,0.3655,Moderate,0
SYN-05126,78,1,83,161,95,37.0,98.6,18,27.9,96,213,0.012,0.3,1.62,1,0,0,0.5002,Moderate,1
SYN-01826,65,1,64,134,72,37.1,98.9,16,28.5,87,209,0.003,1.4,1.31,0,0,0,0.0501,Low,0
SYN-04917,26,1,64,112,68,37.0,100.0,13,18.4,91,168,0.002,1.6,1.39,0,0,0,0.0023,Low,0
SYN-03585,59,1,61,133,76,36.1,98.4,17,33.0,116,200,0.002,1.6,1.76,1,0,0,0.1165,Low,0
SYN-01192,70,0,67,126,80,36.7,94.9,19,23.2,81,229,0.015,0.2,1.23,0,0,1,0.1819,Low,0
SYN-02995,46,1,109,139,69,36.2,98.0,18,28.5,122,271,0.003,0.5,1.33,1,1,0,0.2441,Low,0
SYN-00410,33,0,63,132,78,36.4,97.5,16,31.6,122,244,0.008,4.9,1.03,0,0,1,0.0455,Low,0
SYN-00781,53,0,92,141,80,36.8,98.6,15,26.8,80,179,0.026,7.0,1.07,1,0,0,0.1501,Low,0
SYN-06198,63,1,62,142,89,36.5,98.1,15,32.5,122,192,0.238,2.3,1.33,1,1,0,0.9961,High,1
SYN-05203,39,1,69,124,87,36.3,100.0,16,33.0,105,228,0.001,2.8,1.17,0,0,0,0.0151,Low,0
SYN-08393,50,1,92,134,82,36.9,97.8,13,31.5,97,246,0.019,1.8,1.63,0,0,0,0.1183,Low,0
SYN-02216,54,1,65,149,87,37.0,98.9,17,22.6,78,236,0.001,3.8,1.35,1,0,0,0.0728,Low,0
SYN-09869,61,1,91,150,87,36.4,98.8,18,25.3,85,195,0.002,0.2,1.29,1,0,0,0.1313,Low,0
SYN-00932,61,0,63,143,79,36.6,98.0,14,32.6,180,259,0.012,1.4,1.05,0,1,0,0.237,Low,0
SYN-04329,63,0,51,143,74,36.3,98.5,18,37.4,165,265,0.025,0.5,1.01,1,1,0,0.5005,Moderate,1
SYN-08271,62,0,62,142,84,36.7,98.4,16,31.4,95,241,0.012,3.0,1.1,0,0,0,0.0835,Low,0
SYN-06693,34,0,79,127,81,37.1,99.9,13,21.8,91,243,0.009,2.1,1.14,0,0,0,0.0097,Low,0
SYN-09545,45,1,89,146,80,37.2,97.4,14,22.7,73,237,0.01,0.2,1.13,0,0,1,0.0833,Low,0
SYN-09294,28,0,65,109,64,37.0,100.0,20,18.7,101,156,0.006,3.1,0.55,0,0,1,0.0048,Low,0
SYN-04925,31,0,88,119,59,38.0,97.1,20,32.4,79,229,0.003,6.1,1.14,0,0,0,0.0163,Low,0
SYN-08535,56,0,70,135,70,36.6,98.3,10,26.8,105,224,0.019,6.6,0.98,1,1,1,0.4721,Moderate,0
SYN-01102,64,1,79,141,81,36.9,97.4,21,29.4,90,215,0.004,0.2,1.38,0,0,0,0.1168,Low,0
SYN-02770,66,1,85,142,84,36.5,97.6,16,17.1,97,208,0.035,0.2,1.68,1,0,0,0.3742,Moderate,0
SYN-06584,61,1,79,136,74,36.7,98.5,14,32.6,113,261,0.008,2.3,1.36,0,1,0,0.1885,Low,0
SYN-01116,55,0,62,125,75,36.4,95.0,16,27.9,90,207,0.001,0.2,1.15,0,0,1,0.0482,Low,0
SYN-07853,88,1,98,164,80,37.2,97.6,15,27.6,99,233,0.012,1.4,1.62,1,0,0,0.6953,High,1
SYN-05321,65,0,74,142,75,37.4,97.7,16,27.8,193,290,0.004,1.8,1.44,1,1,0,0.4524,Moderate,0
SYN-03474,63,1,62,111,78,37.2,98.6,19,31.8,97,235,0.004,2.3,1.59,0,0,0,0.0497,Low,0
SYN-01032,57,1,70,122,69,37.1,99.5,18,23.9,103,233,0.414,2.0,1.36,0,0,1,0.998,High,1
SYN-06990,35,1,63,119,69,37.0,98.5,16,21.2,89,182,0.004,1.0,1.42,0,0,0,0.0071,Low,0
SYN-07247,33,1,85,149,89,38.3,95.1,16,36.1,99,224,0.01,22.3,1.1,1,0,1,0.5644,Moderate,1
SYN-08123,45,1,77,128,74,36.8,98.0,16,20.6,103,211,0.001,0.2,1.31,0,0,0,0.0178,Low,0
SYN-04082,68,1,59,129,82,36.3,95.8,18,22.4,86,233,0.002,0.8,1.28,0,0,1,0.1108,Low,0
SYN-08532,66,0,89,141,71,36.8,99.1,14,27.0,101,243,0.005,0.9,1.45,1,0,0,0.1512,Low,0
SYN-09078,46,0,66,119,66,36.9,98.7,14,24.1,95,225,0.004,0.2,0.7,0,0,0,0.0075,Low,0
SYN-06814,37,0,76,128,76,36.8,99.7,12,30.5,108,202,0.007,0.5,0.91,0,0,0,0.0103,Low,0
SYN-09108,32,0,90,164,91,36.4,98.8,11,39.6,172,243,0.001,3.2,1.18,1,1,0,0.198,Low,0
SYN-09827,32,0,77,117,68,37.0,98.2,15,26.6,100,245,0.004,1.1,0.94,0,0,0,0.0074,Low,0
SYN-06347,60,0,86,147,79,37.3,99.5,17,32.0,78,212,0.001,0.9,1.11,1,0,0,0.0923,Low,0
SYN-05186,58,1,71,166,79,37.1,97.4,13,30.2,147,185,0.003,7.7,1.62,1,1,0,0.4392,Moderate,0
SYN-01746,42,0,64,127,72,36.4,99.4,13,29.2,110,202,0.001,0.2,0.87,0,0,0,0.0081,Low,0
SYN-09464,82,1,85,146,88,36.4,95.4,21,35.6,119,287,0.007,1.1,1.58,0,1,1,0.8313,High,1
SYN-08694,47,0,68,163,92,37.4,98.0,18,34.0,89,230,0.007,3.4,1.11,1,0,0,0.1308,Low,0
SYN-03660,54,1,82,131,78,36.5,98.9,10,26.7,148,222,0.012,1.9,1.32,0,1,0,0.1114,Low,0
SYN-03368,49,1,89,144,88,37.1,99.5,15,29.1,139,212,0.005,0.2,1.81,1,1,0,0.2407,Low,0
SYN-07562,44,1,77,141,75,36.8,97.8,19,44.4,64,252,0.003,1.3,1.36,1,1,1,0.5241,Moderate,1
SYN-03947,75,1,92,120,63,37.4,97.1,20,25.6,81,203,0.002,3.5,1.29,0,0,0,0.0974,Low,0
SYN-05674,49,1,74,129,74,36.6,98.2,15,24.1,156,197,0.017,0.7,1.07,0,1,0,0.0943,Low,0
SYN-07619,50,1,80,118,76,36.7,96.9,14,37.1,110,226,0.024,1.4,1.31,0,0,0,0.091,Low,0
SYN-05714,90,1,97,151,85,36.5,98.5,16,35.0,81,232,0.001,6.8,1.51,1,0,0,0.5632,Moderate,1
SYN-08415,64,1,112,166,87,39.0,97.5,21,27.9,103,229,0.002,9.1,1.56,1,0,0,0.5453,Moderate,1
SYN-04540,65,1,90,156,92,37.2,98.3,16,29.8,149,217,0.566,3.4,1.55,1,1,0,1.0,High,1
SYN-02283,72,1,105,131,74,36.9,97.1,16,34.7,154,260,0.001,0.5,1.46,0,1,0,0.4015,Moderate,0
SYN-07443,62,0,92,163,100,37.3,97.7,17,30.3,176,198,0.001,1.6,1.16,1,1,1,0.8085,High,1
SYN-02171,40,0,66,112,72,36.6,94.4,17,25.5,99,219,0.004,0.2,0.91,0,0,1,0.0213,Low,0
SYN-06200,56,0,79,149,90,37.1,94.6,17,28.9,109,262,0.003,0.6,1.25,1,0,0,0.1771,Low,0
SYN-01130,20,1,70,115,67,36.8,97.5,13,28.7,65,231,0.012,1.2,1.16,0,0,0,0.0053,Low,0
SYN-02475,39,1,66,138,73,37.2,98.3,19,29.5,114,235,0.023,2.5,1.04,0,1,1,0.2099,Low,0
SYN-00235,42,1,69,141,77,36.7,98.1,17,29.6,70,166,0.033,0.2,1.59,1,0,0,0.1266,Low,0
SYN-09241,42,1,69,111,73,35.9,99.3,14,20.2,78,191,0.003,0.6,1.04,0,0,0,0.0048,Low,0
SYN-05046,76,0,93,130,79,36.2,98.2,17,25.5,94,252,0.003,1.5,1.31,0,0,0,0.1134,Low,0
SYN-06439,67,1,83,140,75,36.5,95.1,18,23.3,87,184,0.006,0.3,1.21,0,0,1,0.1932,Low,0
SYN-02346,38,1,86,151,87,36.7,99.8,12,38.7,80,238,0.332,0.6,1.21,1,0,0,0.9945,High,1
SYN-04482,53,1,75,134,78,36.4,98.5,16,29.0,83,241,0.001,1.1,1.2,1,0,0,0.0577,Low,0
SYN-06299,70,0,65,149,85,35.9,99.4,12,26.6,167,197,0.007,1.3,1.54,1,1,0,0.3261,Moderate,0
SYN-07721,33,0,67,126,81,36.0,97.5,19,27.7,212,202,0.003,0.8,1.27,0,1,0,0.0498,Low,0
SYN-02518,77,1,76,133,80,37.2,96.5,14,28.2,123,239,0.005,0.3,1.79,0,1,0,0.316,Moderate,0
SYN-08776,26,0,101,111,65,36.5,98.1,15,25.6,92,170,0.539,0.2,1.13,0,0,1,0.995,High,1
SYN-06822,38,1,96,104,61,36.7,98.7,11,20.6,89,185,0.005,0.4,1.23,0,0,1,0.0124,Low,0
SYN-07190,45,1,71,137,71,36.9,97.9,16,36.8,220,192,0.001,3.3,1.57,1,1,0,0.2739,Low,0
SYN-09675,74,0,87,140,81,36.3,91.9,18,22.7,101,265,0.001,1.8,1.3,1,0,1,0.6831,High,1
SYN-05237,40,1,59,150,87,37.0,98.9,15,21.6,101,230,0.001,0.7,1.5,1,0,0,0.0376,Low,0
SYN-07410,58,0,86,143,77,36.5,98.9,15,31.4,96,221,0.522,3.3,1.44,1,0,0,0.9996,High,1
SYN-01061,52,1,82,156,80,36.7,98.2,17,29.2,89,180,0.006,1.8,1.53,1,1,0,0.2406,Low,0
SYN-05926,39,0,87,120,73,37.1,98.5,19,25.8,101,257,0.005,0.2,1.16,0,0,1,0.0381,Low,0
SYN-02514,67,1,66,125,71,37.0,96.2,16,23.0,84,195,0.002,0.4,1.37,0,0,1,0.0842,Low,0
SYN-06494,53,1,63,137,85,36.7,98.1,15,23.1,147,204,0.018,0.2,1.16,0,1,0,0.118,Low,0
SYN-07992,44,0,68,113,69,36.2,97.1,16,23.1,92,216,0.01,0.9,1.06,0,0,1,0.0251,Low,0
SYN-00577,75,1,75,139,84,37.3,98.9,17,33.6,149,213,0.001,4.1,1.4,0,1,0,0.3154,Moderate,0
SYN-01092,54,1,74,143,78,36.7,99.3,15,39.6,155,268,0.015,1.5,1.61,1,1,0,0.4795,Moderate,0
SYN-06643,45,0,68,146,87,36.8,99.5,18,32.4,90,222,0.016,1.7,1.31,1,0,0,0.0972,Low,0
SYN-00749,48,1,82,152,90,36.6,98.3,17,30.6,108,208,0.005,0.7,1.73,1,0,1,0.4762,Moderate,0
SYN-06649,39,0,68,143,75,36.7,96.2,13,30.7,84,258,0.002,1.6,1.37,1,0,1,0.1839,Low,0
SYN-02909,35,1,82,105,64,36.6,97.1,11,29.6,90,184,0.012,1.2,1.36,0,0,1,0.0219,Low,0
SYN-00361,52,0,67,120,74,36.4,98.6,15,16.7,113,257,0.003,2.1,0.97,0,0,0,0.0135,Low,0
SYN-08089,61,0,70,125,79,37.3,98.2,22,27.5,103,241,0.001,3.6,1.1,0,0,1,0.0959,Low,0
SYN-04077,18,1,67,115,70,36.3,98.7,17,30.6,103,196,0.003,0.5,1.07,0,0,0,0.004,Low,0
SYN-08300,47,0,79,147,94,35.6,96.8,16,30.1,90,182,0.007,1.7,1.49,1,0,1,0.3295,Moderate,0
SYN-07237,81,0,51,149,87,36.8,97.9,17,28.8,80,221,0.009,0.7,1.48,1,0,0,0.2462,Low,0
SYN-06452,59,0,80,109,51,36.5,98.4,16,31.3,240,207,0.024,6.6,1.19,0,1,0,0.293,Low,0
SYN-04664,43,1,77,159,90,37.1,99.5,15,28.8,81,205,0.003,0.5,1.34,1,0,0,0.0649,Low,0
SYN-08738,78,1,83,144,80,36.9,98.9,18,31.9,193,173,0.006,0.5,1.64,0,1,0,0.5147,Moderate,1
SYN-09094,25,1,92,135,82,37.2,99.2,17,30.8,89,195,0.002,1.9,1.27,1,0,0,0.0234,Low,0
SYN-05524,68,1,89,130,72,36.5,96.5,14,30.1,89,245,0.001,0.8,1.51,0,0,1,0.1904,Low,0
SYN-04160,61,0,82,137,79,36.3,99.6,16,29.0,87,226,0.027,5.0,1.44,1,0,0,0.24,Low,0
SYN-05938,66,1,82,139,82,36.4,97.7,14,29.1,154,229,0.001,0.6,1.39,0,1,0,0.211,Low,0
SYN-00607,66,0,81,164,86,36.9,98.2,15,27.9,179,200,0.004,1.2,1.41,1,1,0,0.4905,Moderate,0
SYN-08430,73,0,85,147,84,37.1,97.9,20,27.3,116,245,0.009,0.6,0.97,1,0,0,0.2965,Low,0
SYN-06209,70,1,78,136,72,36.5,97.9,10,25.6,103,178,0.001,0.2,1.13,0,0,0,0.0456,Low,0
SYN-01075,39,1,65,148,90,36.4,96.8,17,27.5,113,222,0.006,3.0,1.41,1,0,1,0.3074,Moderate,0
SYN-06241,72,1,64,155,89,36.2,96.4,18,26.7,176,232,0.003,0.9,1.67,1,1,0,0.6021,Moderate,1
SYN-04031,34,0,58,130,86,36.5,97.6,17,22.8,85,217,0.001,0.2,1.32,1,0,1,0.0625,Low,0
SYN-04169,52,0,94,112,74,37.3,99.5,15,31.7,84,255,0.02,0.8,0.94,0,0,0,0.0376,Low,0
SYN-05471,49,0,95,114,66,37.1,98.8,17,29.8,171,179,0.008,0.8,0.99,0,1,0,0.0642,Low,0
SYN-01432,39,0,69,130,79,36.2,98.1,13,26.5,87,193,0.001,4.1,0.85,0,0,1,0.0164,Low,0
SYN-06955,51,1,58,105,64,36.8,95.4,18,25.1,93,257,0.001,0.7,1.23,0,0,1,0.0344,Low,0
SYN-08686,58,1,90,154,69,36.7,98.3,20,42.9,95,208,0.003,2.7,1.62,1,0,0,0.3395,Moderate,0
SYN-03327,63,1,76,120,67,36.6,99.5,15,29.6,81,317,0.01,1.5,1.35,0,0,1,0.1372,Low,0
SYN-09729,34,0,84,111,77,36.4,96.1,13,27.1,104,204,0.001,1.5,1.12,0,0,1,0.0154,Low,0
SYN-07194,38,1,76,127,75,36.8,96.9,19,33.0,210,281,0.016,4.2,1.29,0,1,0,0.2451,Low,0
SYN-01565,39,1,54,125,73,36.7,97.9,19,31.1,90,202,0.033,0.8,0.92,0,0,0,0.0385,Low,0
SYN-06458,58,0,78,133,85,36.9,97.2,16,32.1,169,231,0.002,3.6,1.43,0,1,1,0.3188,Moderate,0
SYN-03688,61,1,80,166,85,36.7,98.6,18,28.6,147,271,0.008,0.2,1.75,1,1,0,0.6228,Moderate,1
SYN-03532,51,0,76,139,91,36.9,99.9,20,34.1,164,264,0.001,1.5,1.16,1,1,0,0.2119,Low,0
SYN-02653,75,1,97,153,88,39.6,95.7,15,30.3,90,234,0.003,25.4,1.44,1,0,1,0.8926,High,1
SYN-03249,68,1,97,120,73,36.5,95.5,19,33.3,79,220,0.002,1.3,1.36,0,0,1,0.2081,Low,0
SYN-07405,90,0,73,161,88,36.6,96.6,16,30.4,155,205,0.004,0.9,1.46,1,1,0,0.7274,High,1
SYN-05018,46,1,80,147,83,36.8,98.4,15,28.4,82,268,0.003,2.7,1.36,1,0,0,0.085,Low,0
SYN-01419,70,0,69,143,72,36.6,98.3,10,34.0,205,186,0.001,1.6,1.17,1,1,0,0.3044,Moderate,0
SYN-05347,35,1,71,122,77,36.7,98.0,18,21.5,115,216,0.007,2.1,1.31,0,0,0,0.0161,Low,0
SYN-02842,72,0,75,150,74,36.4,98.4,16,26.2,163,281,0.01,0.6,1.07,0,1,1,0.5369,Moderate,1
SYN-05049,54,0,63,132,83,36.1,97.5,17,29.1,93,308,0.014,0.6,1.25,0,0,0,0.068,Low,0
SYN-07265,63,1,82,147,85,36.8,97.4,15,25.9,82,188,0.01,0.7,1.57,1,0,0,0.1798,Low,0
SYN-01083,61,1,75,132,80,36.8,98.1,16,32.4,142,229,0.001,1.8,1.46,0,1,0,0.1594,Low,0
SYN-01706,84,0,74,147,83,36.9,97.5,22,29.7,185,207,0.006,1.0,1.36,1,1,0,0.6969,High,1
SYN-08405,57,0,78,128,81,36.6,98.1,16,25.5,85,219,0.02,2.3,1.33,0,0,0,0.0651,Low,0
SYN-07193,70,1,84,164,84,36.8,93.8,18,38.2,98,229,0.003,4.5,1.83,1,0,1,0.8938,High,1
SYN-02771,69,1,75,156,89,37.0,99.0,16,35.6,163,236,0.011,6.2,1.63,1,1,0,0.7054,High,1
SYN-05424,53,0,92,113,70,36.7,97.8,17,21.5,72,202,0.003,1.2,1.13,0,0,0,0.0149,Low,0
SYN-00456,57,0,62,123,75,37.2,98.5,13,30.4,154,243,0.459,0.5,0.92,0,1,0,0.9982,High,1
SYN-08316,61,0,59,159,84,36.7,97.0,18,30.0,91,206,0.005,0.9,1.6,1,0,1,0.5243,Moderate,1
SYN-07906,66,1,82,129,94,37.2,99.9,14,30.7,70,215,0.032,0.5,1.41,0,0,0,0.1436,Low,0
SYN-06910,90,1,70,154,82,36.7,96.3,12,27.5,79,260,0.002,0.8,1.73,1,0,1,0.7888,High,1
SYN-00314,61,1,61,128,80,36.6,98.7,16,26.4,103,185,0.023,2.3,1.23,0,0,0,0.0742,Low,0
SYN-04323,30,1,80,113,69,36.5,99.9,12,35.6,105,252,0.009,0.6,1.37,0,1,0,0.0233,Low,0
SYN-06447,80,1,61,125,80,36.8,99.6,20,32.4,164,244,0.011,1.4,1.46,0,1,0,0.3865,Moderate,0
SYN-07832,88,0,77,147,85,36.9,98.5,15,32.5,179,249,0.001,1.5,1.54,0,1,0,0.5374,Moderate,1
SYN-02162,39,1,82,109,63,36.6,97.1,18,30.5,74,194,0.008,0.8,1.13,0,0,0,0.0138,Low,0
SYN-08342,53,1,75,143,83,36.5,98.8,16,38.2,198,240,0.011,1.5,1.25,1,1,1,0.7973,High,1
SYN-06815,58,1,76,143,81,36.4,97.7,18,30.3,82,225,0.005,1.1,1.73,1,0,0,0.1665,Low,0
SYN-07678,44,0,45,130,78,36.1,98.1,16,24.4,84,248,0.005,1.2,1.19,0,0,0,0.0122,Low,0
SYN-09166,62,1,82,133,84,37.2,100.0,16,35.7,99,248,0.005,1.3,1.51,0,0,1,0.1873,Low,0
SYN-00801,40,0,66,117,59,36.4,98.2,14,28.9,81,214,0.008,0.2,0.69,0,0,0,0.0069,Low,0
SYN-05808,52,1,75,118,79,38.8,97.9,20,31.7,104,157,0.007,6.6,1.79,0,0,1,0.1179,Low,0
SYN-00854,54,0,58,121,74,37.3,97.5,12,30.6,92,210,0.007,3.1,0.97,0,0,1,0.0368,Low,0
SYN-03914,33,0,63,116,66,36.2,97.6,13,25.9,197,190,0.001,3.0,1.0,0,1,0,0.0172,Low,0
SYN-05215,63,0,68,138,87,37.0,98.3,17,29.0,81,207,0.002,0.5,1.13,0,0,0,0.0405,Low,0
SYN-00409,22,0,68,123,73,36.4,97.6,17,39.6,154,161,0.005,5.1,0.87,0,1,0,0.0209,Low,0
SYN-02758,59,1,63,129,79,36.6,97.4,20,25.2,96,255,0.005,0.2,1.33,0,0,0,0.0571,Low,0
SYN-03711,62,1,60,148,77,37.0,97.2,13,32.5,179,272,0.002,2.8,1.5,1,1,1,0.7788,High,1
SYN-06290,40,1,82,154,86,36.6,98.0,15,30.4,118,210,0.009,1.9,1.29,1,0,0,0.113,Low,0
SYN-01900,37,0,66,100,61,37.2,98.8,17,28.0,108,218,0.009,0.5,0.96,0,0,0,0.0064,Low,0
SYN-02037,47,0,80,127,79,36.3,97.7,13,32.3,170,266,0.015,1.2,0.73,0,1,1,0.1947,Low,0
SYN-09293,27,1,54,125,84,36.4,99.8,17,16.4,87,138,0.009,1.0,1.23,1,0,0,0.0064,Low,0
SYN-05166,43,1,66,117,67,36.8,98.6,16,26.0,109,182,0.008,0.3,1.37,0,0,0,0.0156,Low,0
SYN-03593,83,1,72,164,84,36.8,98.3,15,28.7,205,242,0.03,1.3,1.99,1,1,0,0.932,High,1
SYN-00825,24,0,78,107,66,36.4,98.4,20,23.0,70,171,0.01,2.7,1.31,0,0,0,0.0047,Low,0
SYN-08214,38,1,54,116,71,37.0,98.9,20,24.3,177,180,0.003,0.3,1.21,0,1,0,0.0256,Low,0
SYN-02294,47,1,80,134,84,37.1,95.7,17,29.9,82,207,0.002,0.6,1.12,0,0,1,0.0689,Low,0
SYN-03020,21,1,98,109,62,37.3,98.5,13,25.3,95,182,0.001,0.6,1.34,0,0,0,0.0041,Low,0
SYN-06676,44,0,85,141,80,36.9,98.6,14,28.6,81,235,0.002,0.2,1.46,1,0,0,0.0464,Low,0
SYN-07842,18,0,76,112,72,36.9,97.8,15,28.0,80,162,0.007,1.9,1.12,0,0,0,0.003,Low,0
SYN-09466,83,0,87,161,85,36.7,98.7,15,29.3,87,257,0.001,3.2,1.19,1,0,0,0.3587,Moderate,0
SYN-00737,66,0,79,128,60,36.6,98.2,15,25.5,158,240,0.006,0.5,1.15,0,1,0,0.1392,Low,0
SYN-07139,90,0,85,161,95,36.5,98.7,15,25.1,93,263,0.011,0.2,1.55,1,0,0,0.5503,Moderate,1
SYN-08719,76,0,67,139,87,36.6,97.7,14,21.5,67,191,0.009,2.3,1.28,1,0,0,0.1112,Low,0
SYN-00556,49,1,60,106,65,36.5,97.4,13,19.8,100,220,0.001,3.0,1.32,0,0,1,0.0187,Low,0
SYN-08940,35,1,56,110,75,36.2,98.9,18,20.6,97,200,0.027,0.4,1.17,0,0,0,0.013,Low,0
SYN-04829,75,0,92,138,77,36.8,94.8,14,20.8,100,263,0.001,4.3,1.54,1,0,0,0.2507,Low,0
SYN-07957,52,0,65,145,82,36.5,99.2,12,28.2,105,235,0.002,0.4,1.35,1,0,0,0.0519,Low,0
SYN-03785,83,1,85,166,88,36.6,97.3,14,34.0,158,206,0.003,0.7,1.49,1,1,0,0.752,High,1
SYN-02400,63,1,62,112,64,36.6,98.2,12,28.1,77,252,0.001,5.6,1.33,0,0,1,0.0509,Low,0
SYN-07633,48,1,57,107,67,36.9,97.7,22,18.4,102,239,0.004,3.6,1.44,0,0,0,0.0176,Low,0
SYN-01811,23,1,90,145,82,37.7,92.5,20,34.3,125,213,0.013,12.9,1.68,1,1,1,0.7482,High,1
SYN-08172,42,0,60,115,71,36.4,97.2,13,23.1,222,208,0.01,0.2,0.99,0,1,0,0.039,Low,0
SYN-02126,57,0,73,144,78,36.3,98.2,16,33.3,86,199,0.006,1.1,1.58,1,0,0,0.1162,Low,0
SYN-02567,57,0,72,127,72,36.7,98.5,18,30.3,169,242,1.045,4.6,1.5,0,1,0,1.0,High,1
SYN-02800,44,1,77,118,78,37.4,96.3,16,29.5,174,154,0.007,1.1,1.41,0,1,1,0.1423,Low,0
SYN-04623,55,0,77,143,84,37.1,99.2,12,31.7,71,206,0.001,1.8,0.92,1,0,0,0.0398,Low,0
SYN-03812,49,1,86,124,85,36.4,98.4,14,34.0,80,193,0.002,1.1,1.58,0,0,0,0.0297,Low,0
SYN-04496,32,1,62,121,69,36.4,98.9,12,27.9,72,199,0.037,4.4,1.35,0,0,0,0.0238,Low,0
SYN-02715,52,1,53,131,80,36.1,99.4,10,23.7,202,206,0.024,0.9,1.42,1,1,0,0.2107,Low,0
SYN-06792,48,1,53,125,75,37.0,100.0,15,31.8,171,207,0.008,3.8,1.49,1,1,0,0.128,Low,0
SYN-03325,69,0,83,147,78,37.0,99.3,14,26.5,94,231,0.022,1.6,1.27,1,0,0,0.2644,Low,0
SYN-02016,57,1,96,146,83,36.3,99.7,17,31.1,184,224,0.001,1.6,1.6,1,1,0,0.4186,Moderate,0
SYN-04890,73,0,77,137,82,36.7,98.7,18,26.0,78,225,0.009,1.0,1.14,0,0,0,0.0908,Low,0
SYN-08001,59,0,79,137,73,36.6,99.4,19,21.0,82,207,0.012,0.2,1.1,1,0,0,0.0754,Low,0
SYN-09736,30,1,69,109,74,37.4,95.6,21,28.3,87,181,0.002,0.6,1.25,0,0,1,0.0173,Low,0
SYN-00384,34,0,88,156,81,36.5,99.2,12,26.3,86,219,0.002,5.5,1.12,1,0,0,0.0356,Low,0
SYN-01249,51,1,67,115,74,36.3,97.9,15,34.7,224,197,0.021,1.0,1.35,0,1,0,0.2025,Low,0
SYN-07204,55,1,88,137,76,38.5,96.3,15,29.7,85,163,0.001,14.8,1.67,0,0,0,0.094,Low,0
SYN-08536,45,0,71,102,65,36.5,99.3,17,23.1,116,224,0.002,2.1,1.1,0,0,0,0.0078,Low,0
SYN-09409,78,1,87,153,86,36.4,97.6,19,25.1,89,206,0.003,0.2,1.48,1,0,0,0.3336,Moderate,0
SYN-08621,71,0,70,138,95,36.7,95.5,13,26.1,181,187,0.015,0.4,1.39,1,1,0,0.4454,Moderate,0
SYN-00036,72,1,48,138,84,36.8,91.8,24,29.5,159,204,0.01,1.7,1.47,1,1,1,0.8939,High,1
SYN-01181,33,0,68,138,74,36.7,97.4,15,26.7,85,217,0.003,0.3,1.12,1,0,0,0.0186,Low,0
SYN-09994,65,0,75,148,85,37.0,98.6,15,30.4,147,204,0.013,1.4,1.42,0,1,0,0.2791,Low,0
SYN-00560,40,0,73,161,89,36.2,97.8,22,27.0,96,204,0.011,0.2,1.01,1,0,1,0.3421,Moderate,0
SYN-09416,38,1,79,123,77,36.4,98.8,14,26.5,212,153,0.017,0.5,1.35,1,1,0,0.1322,Low,0
SYN-03720,58,0,64,156,80,35.8,99.6,16,33.5,95,246,2.981,1.9,1.28,1,1,0,1.0,High,1
SYN-06771,62,1,67,136,76,37.2,96.6,17,20.8,108,260,0.017,0.5,1.42,0,0,1,0.2312,Low,0
SYN-03525,39,1,81,109,72,37.0,99.9,15,20.5,97,188,0.002,0.2,1.25,0,0,0,0.0059,Low,0
SYN-04945,51,0,61,133,77,37.1,98.9,19,28.5,106,219,0.016,0.3,1.01,0,0,0,0.0417,Low,0
SYN-04070,19,1,81,109,74,36.6,96.0,18,19.7,75,219,0.002,1.4,1.35,0,0,1,0.009,Low,0
SYN-03201,45,0,81,137,75,37.6,90.0,19,19.4,86,177,0.004,13.4,1.14,1,0,0,0.1011,Low,0
SYN-01636,71,1,92,156,95,37.0,100.0,17,23.8,177,240,0.039,0.5,1.65,1,1,0,0.8544,High,1
SYN-00708,63,0,70,153,81,36.9,97.7,11,29.1,114,199,0.016,0.2,1.15,1,0,0,0.1703,Low,0
SYN-05592,57,0,82,114,69,36.9,98.2,18,21.2,119,206,0.014,0.4,0.99,0,0,0,0.0334,Low,0
SYN-05303,70,1,85,163,91,36.9,98.5,17,34.8,120,297,1.06,2.7,1.19,1,1,0,1.0,High,1
SYN-07334,86,1,90,158,92,36.6,97.7,18,32.0,127,231,0.002,3.4,1.77,1,1,0,0.7854,High,1
SYN-03895,64,0,106,163,92,39.3,97.7,16,37.3,91,225,0.024,7.7,1.41,1,0,1,0.8945,High,1
SYN-02061,31,0,77,111,72,36.8,98.3,15,35.6,88,204,0.012,1.2,0.77,0,0,0,0.008,Low,0
SYN-00138,67,1,64,129,73,37.1,99.4,12,25.7,106,215,0.001,0.4,1.36,1,0,0,0.0611,Low,0
SYN-03737,46,0,92,124,78,38.9,98.1,17,29.8,125,179,0.001,13.8,1.2,1,0,1,0.2648,Low,0
SYN-04260,48,0,76,131,68,36.8,96.7,20,30.6,78,208,1.621,0.6,0.93,0,0,0,1.0,High,1
SYN-01169,47,1,83,132,78,36.9,96.8,17,25.2,94,190,0.006,0.2,1.09,0,0,1,0.0627,Low,0
SYN-01281,73,1,82,147,85,36.2,97.2,16,26.3,82,336,0.015,1.0,1.38,1,0,0,0.4288,Moderate,0
SYN-05428,56,0,83,156,78,36.4,97.6,11,31.8,245,227,0.004,3.4,1.55,1,1,0,0.5255,Moderate,1
SYN-04918,53,0,81,113,73,37.4,99.2,17,18.9,98,157,1.216,0.4,0.96,0,0,0,0.9998,High,1
SYN-03757,51,0,78,156,88,37.0,97.9,12,31.6,90,199,0.009,1.3,0.93,1,0,0,0.0841,Low,0
SYN-04880,36,0,87,122,77,36.5,94.6,16,20.4,114,202,0.008,2.2,1.05,0,0,1,0.0367,Low,0
SYN-02811,44,0,83,144,86,36.4,99.3,19,19.0,102,167,0.01,3.5,1.36,1,0,0,0.0585,Low,0
SYN-02258,58,1,73,117,64,36.3,99.7,14,28.3,73,214,0.004,2.2,1.31,0,0,0,0.0217,Low,0
SYN-00446,30,1,66,108,72,37.4,97.5,15,25.0,72,203,0.001,0.4,0.79,0,0,0,0.0028,Low,0
SYN-00078,57,1,97,136,78,36.6,98.0,22,31.8,160,163,0.006,1.6,1.2,0,1,0,0.2411,Low,0
SYN-03612,42,1,74,136,77,36.3,98.5,16,34.6,88,218,0.019,0.7,1.33,0,0,0,0.0575,Low,0
SYN-00639,63,0,73,124,74,37.8,94.1,21,26.8,106,201,0.006,6.7,1.26,0,0,0,0.0946,Low,0
SYN-05247,90,1,62,169,85,36.9,97.2,17,35.2,100,289,0.013,2.1,1.28,1,1,0,0.8333,High,1
SYN-06012,65,1,78,140,85,36.4,100.0,12,33.7,77,204,0.004,0.5,1.34,1,0,0,0.0975,Low,0
SYN-02340,68,1,84,158,92,36.6,98.4,20,31.0,196,215,0.009,2.6,1.49,1,1,0,0.731,High,1
SYN-01647,52,0,103,140,79,36.9,95.3,14,19.9,137,264,0.018,6.3,1.33,1,1,1,0.7682,High,1
SYN-09334,46,1,87,144,85,36.7,98.7,15,36.8,139,225,0.001,2.0,1.08,1,1,1,0.5228,Moderate,1
SYN-00883,36,1,63,102,58,36.1,99.4,12,21.4,103,236,0.007,0.4,0.88,0,0,0,0.0038,Low,0
SYN-08437,66,0,85,167,93,36.7,96.6,17,27.0,96,241,0.004,4.0,1.17,1,0,1,0.6871,High,1
SYN-02057,46,0,65,124,77,36.2,96.3,15,25.5,82,167,0.004,2.8,1.37,0,0,1,0.03,Low,0
SYN-01156,56,1,91,112,70,39.0,92.9,22,21.5,81,214,0.006,17.0,1.27,0,0,0,0.0974,Low,0
SYN-08129,68,1,92,156,93,36.2,97.8,15,23.2,146,250,0.002,2.7,1.29,1,1,1,0.8128,High,1
SYN-05028,51,0,84,133,77,36.7,97.5,16,35.9,214,240,0.003,0.5,0.98,0,1,0,0.1684,Low,0
SYN-01882,77,1,68,173,98,36.9,97.6,13,36.9,244,245,0.012,1.0,1.43,1,1,0,0.8826,High,1
SYN-09769,61,1,95,156,87,38.3,99.7,17,23.9,94,219,0.014,35.1,1.68,1,0,0,0.606,Moderate,1
SYN-01696,61,0,95,148,80,36.5,99.1,15,30.8,250,222,0.01,2.7,1.2,1,1,0,0.5892,Moderate,1
SYN-08105,53,0,98,128,83,36.4,98.7,13,25.1,78,205,0.025,2.2,1.12,0,1,0,0.0964,Low,0
SYN-09277,51,1,75,138,75,36.9,98.1,14,32.8,216,231,0.005,0.5,1.24,0,1,0,0.1906,Low,0
SYN-03545,50,1,75,117,74,37.2,99.1,16,25.6,102,206,0.008,0.3,1.4,0,1,0,0.0432,Low,0
SYN-04763,59,0,62,131,79,37.3,96.4,15,20.9,217,198,0.02,0.5,1.2,0,1,1,0.3506,Moderate,0
SYN-05489,38,0,84,121,62,36.1,98.8,21,23.5,89,209,0.004,1.1,1.14,0,0,0,0.0127,Low,0
SYN-09705,63,1,69,169,91,36.7,98.9,14,35.9,86,228,0.572,1.4,1.67,1,0,0,0.9999,High,1
SYN-03514,71,1,73,143,86,38.4,90.8,23,29.8,98,193,1.275,15.2,1.6,1,0,1,1.0,High,1
SYN-00568,44,1,87,123,66,36.8,97.8,20,27.0,143,229,0.001,0.2,1.07,1,1,0,0.1001,Low,0
SYN-09802,33,1,71,127,72,36.6,96.5,20,29.0,100,256,0.029,1.7,1.31,1,0,0,0.1116,Low,0
SYN-00245,88,1,85,173,91,37.0,97.0,19,42.7,143,245,0.011,5.4,1.64,1,1,0,0.9432,High,1
SYN-02304,47,0,92,121,81,36.9,98.4,17,26.0,68,229,0.001,1.0,0.97,0,0,0,0.0139,Low,0
SYN-07328,47,0,70,133,81,37.0,95.0,19,24.5,207,204,0.016,0.2,1.06,0,1,1,0.3052,Moderate,0
SYN-05699,44,1,66,128,73,36.9,96.8,11,34.6,124,228,0.004,0.7,1.22,0,1,1,0.0994,Low,0
SYN-04483,61,0,88,157,92,36.9,97.7,14,25.2,173,259,0.008,3.2,1.38,1,1,0,0.4924,Moderate,0
SYN-07355,57,0,65,148,78,36.8,99.1,13,32.7,229,220,0.001,2.0,1.34,1,1,0,0.3027,Moderate,0
SYN-04471,59,1,93,160,87,37.0,95.1,15,38.7,140,265,0.005,0.7,1.69,1,1,1,0.9109,High,1
SYN-02431,30,1,77,112,76,36.8,96.8,13,16.7,153,223,0.001,1.7,1.03,0,1,1,0.0254,Low,0
SYN-05214,47,1,63,115,80,36.8,97.4,17,17.9,164,208,0.008,0.2,1.22,0,1,1,0.0841,Low,0
SYN-03955,54,0,87,162,79,37.3,97.9,17,30.0,152,233,0.003,5.7,0.98,1,1,1,0.7367,High,1
SYN-07823,56,1,72,134,74,36.8,98.2,14,32.7,106,264,0.001,2.0,1.33,0,0,0,0.0568,Low,0
SYN-02221,55,0,87,150,89,36.6,98.8,15,35.0,86,292,0.013,2.2,1.05,0,0,0,0.1227,Low,0
SYN-06904,61,1,73,111,68,36.8,98.1,18,32.5,165,241,0.012,3.0,1.46,0,1,0,0.1989,Low,0
SYN-03820,49,0,66,122,81,36.7,97.7,15,27.1,149,215,0.003,1.1,1.23,0,1,0,0.0439,Low,0
SYN-08054,63,0,81,151,83,36.6,99.0,19,23.9,101,228,0.007,2.3,1.58,1,0,0,0.2048,Low,0
SYN-00328,53,1,79,147,74,36.6,98.4,14,36.0,206,212,0.013,0.8,1.55,1,1,0,0.4996,Moderate,0
SYN-07903,71,1,81,178,98,36.8,96.6,17,33.5,236,241,0.002,2.6,1.77,1,1,1,0.9742,High,1
SYN-00555,53,1,64,158,91,37.2,99.6,18,34.8,129,270,0.003,0.8,1.78,1,1,0,0.3697,Moderate,0
SYN-06489,42,1,76,112,72,36.7,98.0,23,19.1,87,203,0.005,3.4,1.33,0,0,0,0.0161,Low,0
SYN-08134,39,0,77,125,78,37.0,97.6,17,29.0,173,253,0.003,0.2,1.45,1,1,0,0.1097,Low,0
SYN-05278,46,0,81,122,70,36.2,98.6,15,26.7,87,177,0.011,1.0,0.98,0,0,0,0.0156,Low,0
SYN-02222,42,0,62,142,72,36.4,98.6,18,20.8,84,164,0.002,1.1,1.39,1,0,0,0.0229,Low,0
SYN-06444,53,1,79,159,85,36.3,100.0,17,33.1,93,246,0.643,3.1,1.65,1,0,1,1.0,High,1
SYN-00703,38,0,72,115,72,36.7,98.6,17,35.1,83,201,0.001,0.9,1.24,0,0,0,0.0094,Low,0
SYN-02694,48,1,80,148,83,36.9,97.9,19,28.1,117,220,0.002,1.3,1.38,1,0,0,0.1191,Low,0
SYN-02644,39,1,67,103,61,36.5,97.5,12,24.2,82,203,0.004,0.2,1.24,0,0,0,0.0051,Low,0
SYN-05658,49,0,75,109,59,36.7,99.9,15,26.0,96,172,0.01,0.2,1.03,0,0,0,0.0099,Low,0
SYN-07077,63,0,69,145,85,36.5,95.6,18,29.9,96,247,0.003,4.5,0.98,1,0,1,0.4801,Moderate,0
SYN-08932,31,1,72,126,77,36.7,99.1,19,27.7,102,188,0.012,0.4,1.29,0,0,0,0.0168,Low,0
SYN-06294,45,1,74,146,79,36.7,99.4,19,32.6,92,229,0.014,0.6,1.32,1,0,0,0.1232,Low,0
SYN-07954,59,0,74,126,68,37.6,97.9,17,29.3,93,222,0.007,4.8,1.18,0,0,1,0.0988,Low,0
SYN-01829,40,0,73,126,89,36.4,97.7,17,30.7,95,197,0.003,3.5,1.06,0,0,0,0.0154,Low,0
SYN-09153,37,0,71,115,64,36.4,95.2,18,15.0,76,167,0.01,1.5,0.71,0,0,1,0.0122,Low,0
SYN-09229,36,1,78,124,65,37.2,100.0,16,30.7,105,244,0.004,1.9,1.13,1,0,0,0.0276,Low,0
SYN-01126,50,1,89,130,78,36.0,98.3,20,22.9,85,190,0.009,3.8,1.56,0,0,0,0.0552,Low,0
SYN-09628,57,1,106,147,88,36.3,98.8,16,24.2,103,262,0.027,0.2,1.92,1,0,1,0.8017,High,1
SYN-03415,36,1,74,136,79,36.8,99.7,17,31.4,68,224,0.005,0.8,1.33,0,0,0,0.0185,Low,0
SYN-00452,60,0,69,122,70,36.8,98.0,14,19.6,67,206,0.027,0.2,1.31,0,0,0,0.0408,Low,0
SYN-02738,50,1,79,119,79,36.7,100.0,14,23.8,99,235,0.001,0.7,1.31,0,0,0,0.0161,Low,0
SYN-07599,48,1,63,138,78,36.6,96.4,18,22.2,70,164,0.012,1.0,1.53,1,0,0,0.0618,Low,0
SYN-07571,18,1,92,113,69,37.0,97.2,11,22.0,73,229,0.001,1.4,1.09,0,0,1,0.0061,Low,0
SYN-06586,48,0,87,138,71,36.7,98.6,16,33.2,66,177,0.001,2.3,1.1,0,0,0,0.0234,Low,0
SYN-06321,32,0,72,109,59,36.6,97.4,16,21.6,114,234,0.005,0.2,1.11,0,0,0,0.0063,Low,0
SYN-09079,46,0,87,131,69,36.7,99.2,14,27.9,188,225,0.004,2.9,1.05,0,1,0,0.078,Low,0
SYN-00436,44,1,96,121,66,36.7,97.0,16,28.0,99,237,0.006,3.0,1.27,0,0,1,0.0774,Low,0
SYN-01353,33,0,77,116,64,36.5,97.0,17,32.7,198,205,0.001,1.2,1.08,0,1,1,0.0746,Low,0
SYN-00668,62,1,88,125,72,37.2,98.3,17,20.1,89,211,0.003,1.1,1.52,0,0,0,0.0473,Low,0
SYN-07296,58,1,83,160,82,37.0,100.0,11,29.9,166,251,0.008,0.2,1.44,1,1,1,0.7758,High,1
SYN-03714,55,1,71,141,90,36.5,97.0,14,27.2,93,182,0.007,4.3,1.36,1,0,0,0.0953,Low,0
SYN-03101,38,1,79,122,61,37.2,99.9,15,28.8,200,230,0.219,0.2,1.37,0,1,0,0.9759,High,1
SYN-03675,32,1,84,110,74,36.5,99.7,14,18.4,91,193,0.007,1.4,1.26,0,0,0,0.0054,Low,0
SYN-01987,57,0,76,134,80,36.7,100.0,10,27.3,194,252,0.001,3.3,1.21,0,1,0,0.0964,Low,0
SYN-03521,42,1,46,109,67,36.4,98.4,13,27.2,81,206,0.021,0.2,1.31,0,0,0,0.0116,Low,0
SYN-06529,74,1,72,136,85,37.6,94.8,20,26.7,82,261,0.011,47.2,1.08,0,0,0,0.5752,Moderate,1
SYN-03703,42,0,67,139,74,36.3,99.2,12,33.2,196,212,0.021,2.1,1.29,1,1,0,0.2252,Low,0
SYN-00636,49,0,62,142,85,36.9,98.1,17,35.1,136,218,2.294,2.2,1.13,1,1,0,1.0,High,1
SYN-08590,18,0,96,144,84,37.0,97.8,18,29.5,79,190,0.011,0.2,0.8,1,0,1,0.0966,Low,0
SYN-04625,83,1,72,151,77,36.8,98.5,12,24.7,88,188,0.007,1.1,1.6,1,0,0,0.2655,Low,0
SYN-00846,60,0,82,114,68,36.7,98.5,16,15.0,101,165,0.007,0.2,1.01,0,0,0,0.0149,Low,0
SYN-01002,42,0,67,114,60,37.0,98.8,18,22.5,95,183,0.001,1.7,1.25,0,0,0,0.0072,Low,0
SYN-08255,51,0,100,155,92,37.3,97.6,22,35.3,172,248,0.018,0.6,0.85,1,1,1,0.8783,High,1
SYN-09872,58,0,114,126,71,38.0,96.4,18,29.7,81,246,0.008,8.2,1.04,0,0,0,0.108,Low,0
SYN-02101,58,1,68,131,80,36.9,99.4,16,33.6,155,172,0.003,3.4,1.33,0,1,0,0.1125,Low,0
SYN-01555,32,0,65,147,80,36.6,97.1,15,29.5,88,217,0.005,0.4,1.37,1,0,0,0.0325,Low,0
SYN-09777,36,1,70,162,92,36.6,98.4,17,30.0,92,208,0.013,0.7,1.14,1,0,1,0.3263,Moderate,0
SYN-00360,52,1,81,140,76,36.9,98.2,13,29.4,99,174,0.01,2.4,1.44,1,0,1,0.3481,Moderate,0
SYN-02150,56,1,72,142,78,36.2,98.9,16,28.4,104,233,0.003,0.6,1.14,1,0,0,0.0858,Low,0
SYN-05202,46,1,98,141,73,36.8,98.9,17,20.8,82,207,0.001,0.7,1.71,1,0,0,0.0651,Low,0
SYN-08681,56,0,65,128,70,36.4,99.7,16,30.9,100,251,0.015,3.4,1.02,0,0,0,0.0482,Low,0
SYN-03713,52,0,60,100,67,36.8,97.4,12,20.8,82,207,0.003,1.0,1.3,0,0,1,0.0123,Low,0
SYN-07709,45,1,65,110,68,36.8,99.3,19,26.7,87,201,0.005,0.4,1.18,0,0,0,0.011,Low,0
SYN-06995,65,0,85,163,96,37.0,97.8,16,37.1,148,269,0.003,0.5,1.25,1,1,0,0.5535,Moderate,1
SYN-06084,36,0,79,112,65,37.2,98.0,11,28.0,94,202,0.001,1.4,0.8,0,0,0,0.0044,Low,0
SYN-00106,51,0,67,112,68,37.0,97.7,14,19.7,93,193,0.001,1.3,1.0,0,0,0,0.0071,Low,0
SYN-00352,68,0,64,153,79,36.4,99.1,16,27.7,99,279,0.001,2.5,1.23,1,0,0,0.157,Low,0
SYN-01947,42,1,72,137,70,36.7,98.5,15,25.3,81,271,0.001,0.4,1.25,1,0,0,0.0348,Low,0
SYN-03276,36,0,81,149,81,37.5,98.9,17,28.5,114,277,0.004,0.5,1.16,1,0,0,0.0604,Low,0
SYN-08387,57,1,83,145,95,36.7,97.3,16,26.6,131,220,0.002,0.7,1.43,1,0,1,0.4817,Moderate,0
SYN-04446,37,0,92,139,80,36.5,99.1,19,30.4,111,208,0.006,1.6,1.44,1,0,0,0.0665,Low,0
SYN-08938,76,0,97,145,94,38.0,94.5,22,32.3,149,245,0.008,38.9,1.47,1,1,1,0.9853,High,1
SYN-09010,27,0,83,122,79,36.8,98.7,21,29.8,107,207,0.01,2.2,0.96,0,0,0,0.0137,Low,0
SYN-02077,53,0,80,135,83,36.5,99.7,18,40.7,162,278,0.004,0.8,1.31,1,1,0,0.2924,Low,0
SYN-01370,69,0,82,168,88,37.2,99.9,12,31.2,99,237,0.001,0.5,1.45,1,0,0,0.2279,Low,0
SYN-09275,49,1,105,151,94,37.3,97.6,18,27.0,168,201,0.006,2.1,1.5,1,1,1,0.7796,High,1
SYN-01832,55,1,63,139,75,36.5,95.7,17,24.4,94,189,0.001,3.7,1.21,0,0,1,0.0834,Low,0
SYN-05157,44,1,71,126,82,36.9,98.4,17,29.9,87,252,0.185,3.1,1.7,1,0,0,0.9597,High,1
SYN-00902,56,0,64,121,74,37.0,97.7,17,33.0,93,197,0.002,0.9,0.99,0,0,1,0.0436,Low,0
SYN-03912,90,0,96,132,82,36.7,97.5,18,22.0,121,233,0.01,0.8,1.24,1,0,0,0.4031,Moderate,0
SYN-03941,56,1,66,126,80,36.6,99.6,13,31.9,230,229,0.009,1.4,1.12,0,1,0,0.1569,Low,0
SYN-03921,59,1,67,112,73,36.7,92.8,16,23.3,185,232,0.001,2.4,1.49,0,1,1,0.2499,Low,0
SYN-05866,28,0,75,119,60,36.6,97.3,16,33.2,194,233,0.001,8.4,1.32,0,1,0,0.0476,Low,0
SYN-05878,44,0,98,154,83,39.2,95.6,16,25.0,224,209,0.02,21.1,1.14,1,1,0,0.6923,High,1
SYN-04009,41,0,73,132,83,36.1,97.6,15,28.6,87,196,0.016,0.8,1.02,0,0,1,0.0477,Low,0
SYN-03733,90,1,81,167,91,36.0,98.4,18,30.1,111,249,0.002,6.9,1.75,1,0,0,0.7161,High,1
SYN-03307,62,1,79,154,87,36.7,98.3,14,26.7,121,186,0.366,2.6,1.26,1,1,1,0.9999,High,1
SYN-07158,58,1,65,131,79,36.7,98.8,16,31.2,74,246,0.001,2.9,1.32,0,0,0,0.0388,Low,0
SYN-04970,59,0,74,160,83,37.4,97.2,15,21.5,172,206,0.012,1.5,1.46,1,1,0,0.4179,Moderate,0
SYN-09317,46,0,68,146,80,36.8,97.1,19,38.5,135,223,0.004,1.0,1.32,1,1,0,0.2196,Low,0
SYN-08667,50,0,69,142,83,37.1,97.8,19,28.6,157,207,0.001,5.7,1.59,1,1,1,0.5812,Moderate,1
SYN-07436,19,0,57,98,70,36.3,97.8,12,25.1,104,234,0.002,0.2,1.06,0,0,1,0.003,Low,0
SYN-02978,52,1,88,142,81,38.8,98.3,14,27.3,103,274,0.019,37.5,1.51,1,0,1,0.8448,High,1
SYN-08003,73,0,82,155,84,37.2,95.4,14,32.7,197,290,0.013,0.9,1.26,0,1,0,0.6598,High,1
SYN-03464,32,1,47,109,63,37.1,97.3,13,26.4,96,186,0.012,0.2,1.39,0,0,1,0.013,Low,0
SYN-03120,34,0,98,123,73,37.3,99.7,15,26.8,87,156,0.007,0.7,0.86,0,0,0,0.0077,Low,0
SYN-06418,52,0,75,126,84,36.4,97.4,15,30.0,237,216,0.007,0.4,1.17,0,1,0,0.1487,Low,0
SYN-01572,50,0,56,143,81,36.6,98.9,19,32.6,108,255,0.003,0.7,1.33,1,0,0,0.0781,Low,0
SYN-06216,49,1,86,142,74,36.6,95.2,16,31.4,183,237,0.033,2.4,1.35,1,1,1,0.906,High,1
SYN-03370,56,1,98,131,75,39.6,96.1,22,26.0,121,235,0.021,6.5,1.18,0,0,0,0.2397,Low,0
SYN-05355,54,1,69,155,83,37.0,97.8,15,41.2,133,234,0.008,0.9,1.62,0,1,0,0.3095,Moderate,0
SYN-03878,59,1,89,148,97,39.4,99.4,21,24.3,81,192,0.008,20.1,1.77,0,0,0,0.2238,Low,0
SYN-06720,53,0,61,122,72,36.5,93.0,16,24.0,100,248,0.001,0.3,0.89,0,0,1,0.0457,Low,0
SYN-00997,66,1,80,148,85,36.5,98.2,16,29.1,98,237,0.002,1.4,1.62,1,1,0,0.3378,Moderate,0
SYN-07406,50,0,92,158,92,36.0,98.6,19,23.9,281,176,0.015,1.4,1.41,1,1,0,0.6204,Moderate,1
SYN-08959,51,1,67,145,81,36.9,97.9,18,32.3,157,220,0.016,1.2,1.54,1,1,0,0.3977,Moderate,0
SYN-01213,51,0,59,120,70,36.3,98.1,17,19.8,82,198,0.006,0.9,1.0,0,0,0,0.0104,Low,0
SYN-07144,69,0,75,139,73,36.3,98.6,13,22.3,101,216,0.016,3.0,1.27,0,0,0,0.0957,Low,0
SYN-04461,60,0,87,149,90,36.9,97.5,13,26.3,89,213,0.011,0.2,1.16,1,0,0,0.1308,Low,0
SYN-08207,36,0,82,158,84,37.1,97.7,14,36.8,98,224,0.02,1.3,1.15,1,0,0,0.1338,Low,0
SYN-09066,69,0,78,123,67,36.6,98.4,21,31.7,89,255,0.023,1.5,1.17,0,0,0,0.1623,Low,0
SYN-00087,46,0,62,118,69,36.6,98.1,19,26.8,72,192,0.003,0.4,0.81,0,0,0,0.008,Low,0
SYN-01672,28,0,90,96,66,36.8,98.8,11,25.3,72,209,0.001,2.1,0.8,0,0,0,0.0017,Low,0
SYN-02713,53,1,68,131,77,36.4,97.7,17,25.7,171,199,0.001,0.2,0.99,0,1,0,0.0724,Low,0
SYN-07875,54,0,72,128,75,37.8,97.3,15,34.0,87,243,0.005,0.8,0.9,0,0,0,0.0312,Low,0
SYN-07183,47,1,84,114,65,37.1,97.0,17,25.4,97,206,0.005,0.2,1.32,0,0,0,0.0227,Low,0
SYN-03146,60,0,77,151,91,36.6,97.8,13,25.5,92,201,0.005,2.1,1.25,1,0,0,0.0994,Low,0
SYN-05881,72,1,81,147,81,36.5,97.7,17,32.0,144,229,0.009,2.8,1.54,1,1,0,0.6091,Moderate,1
SYN-07820,76,1,81,137,78,37.0,97.6,12,27.9,166,237,0.004,0.3,1.42,0,1,0,0.3088,Moderate,0
SYN-05793,47,0,90,122,74,36.6,98.7,12,30.1,91,202,0.003,3.2,0.75,0,0,0,0.0132,Low,0
SYN-04262,72,0,78,132,78,36.7,96.4,14,24.8,74,249,0.019,2.9,1.25,0,0,0,0.1314,Low,0
SYN-02865,37,0,95,109,72,37.8,98.6,21,26.8,80,237,0.012,39.6,0.97,0,0,1,0.1262,Low,0
SYN-08697,73,0,78,153,94,38.0,89.5,21,27.3,92,244,0.006,11.3,1.66,1,0,0,0.6404,Moderate,1
SYN-05299,64,1,69,147,71,36.3,98.8,16,26.8,186,220,0.007,4.6,1.64,1,1,1,0.8186,High,1
SYN-00028,60,0,78,145,77,37.1,99.6,19,32.5,69,217,0.017,2.5,1.37,0,0,0,0.1181,Low,0
SYN-01057,56,0,67,173,89,37.3,96.9,19,37.2,93,216,0.003,22.1,1.58,1,0,0,0.4644,Moderate,0
SYN-07323,77,0,94,164,95,36.7,96.3,15,29.2,66,219,0.004,0.2,1.37,1,0,0,0.3511,Moderate,0
SYN-01005,54,0,86,112,52,39.0,96.3,20,22.0,98,243,0.006,21.5,1.34,0,0,0,0.0746,Low,0
SYN-00379,80,0,76,161,82,36.8,98.5,14,28.8,149,194,0.003,0.9,1.52,1,1,0,0.5326,Moderate,1
SYN-01501,45,0,88,138,83,36.7,98.2,18,28.8,89,226,0.003,1.6,1.12,1,0,0,0.0549,Low,0
SYN-03862,65,1,79,133,73,36.7,99.2,13,28.0,81,248,0.002,1.5,1.01,0,0,0,0.0437,Low,0
SYN-07008,29,0,80,115,72,37.1,97.1,19,25.6,93,228,0.001,0.3,0.86,0,0,0,0.006,Low,0
SYN-09255,39,1,82,118,70,36.4,99.3,18,22.3,106,168,0.019,1.7,1.0,0,1,1,0.0695,Low,0
SYN-07107,61,0,93,145,91,37.9,98.0,20,19.2,104,168,0.001,15.6,1.45,1,0,0,0.1793,Low,0
SYN-09535,51,0,73,115,63,37.2,98.1,17,26.0,79,198,0.014,0.2,0.97,0,0,1,0.0376,Low,0
SYN-02374,79,0,76,127,81,36.5,99.4,21,28.9,204,255,0.025,0.3,1.22,0,1,0,0.57,Moderate,1
SYN-08075,88,1,105,155,80,36.6,98.4,13,32.4,90,223,0.011,0.8,1.52,1,0,0,0.6028,Moderate,1
SYN-04285,47,1,90,144,75,37.1,97.9,12,22.6,201,188,0.221,2.1,1.38,1,1,0,0.9945,High,1
SYN-05573,29,0,85,123,84,37.1,97.8,12,33.7,89,195,0.011,1.5,0.92,1,0,0,0.0171,Low,0
SYN-01337,61,0,61,136,74,36.3,97.3,11,25.0,85,200,0.002,2.1,1.39,1,0,0,0.0471,Low,0
SYN-02806,56,0,74,128,79,36.3,98.5,14,26.1,122,246,0.001,2.2,0.93,0,0,1,0.0555,Low,0
SYN-06761,68,1,93,141,81,37.4,99.2,17,23.0,99,231,0.006,0.2,1.59,1,0,0,0.2085,Low,0
SYN-01731,53,1,67,139,90,37.1,93.2,17,27.9,172,225,1.231,0.8,1.19,0,1,1,1.0,High,1
SYN-06662,90,0,92,173,94,37.6,99.9,16,36.4,89,189,0.007,2.0,1.32,1,0,0,0.5973,Moderate,1
SYN-01307,38,0,81,156,83,36.7,98.6,19,32.9,82,244,0.006,1.2,1.05,1,0,0,0.0753,Low,0
SYN-00606,63,0,73,162,89,36.4,99.8,13,33.6,174,273,0.001,1.3,1.39,1,1,0,0.4233,Moderate,0
SYN-05646,22,0,89,127,79,36.9,99.7,18,31.2,104,192,0.026,1.1,1.05,0,0,0,0.0199,Low,0
SYN-05269,66,1,81,147,89,37.1,94.6,19,42.5,71,212,0.006,1.6,1.56,1,0,1,0.7553,High,1
SYN-06613,53,1,76,129,75,37.4,97.8,16,25.3,91,189,0.003,2.1,1.18,0,0,0,0.0278,Low,0
SYN-04885,61,1,71,129,69,36.4,97.8,20,34.3,169,191,0.003,1.3,1.32,0,1,1,0.3333,Moderate,0
SYN-01892,41,0,71,132,68,36.6,98.7,20,31.5,195,223,0.019,3.6,1.23,0,1,0,0.173,Low,0
SYN-02871,25,1,87,119,62,39.0,95.6,19,26.6,105,216,0.02,48.0,1.19,0,0,1,0.2578,Low,0
SYN-08913,34,0,61,119,74,36.9,99.6,15,28.4,101,246,0.007,2.3,1.26,0,0,0,0.0094,Low,0
SYN-06531,49,0,84,111,69,36.9,99.3,17,24.1,64,238,0.005,11.5,0.81,0,0,0,0.0142,Low,0
SYN-00120,50,0,79,116,69,37.1,98.8,13,19.7,115,206,0.002,0.3,1.36,0,0,0,0.0123,Low,0
SYN-05934,54,0,68,121,79,36.1,97.3,15,25.7,85,228,0.006,0.5,1.14,0,0,0,0.0204,Low,0
SYN-07178,52,0,93,124,64,36.9,99.5,15,25.9,110,252,0.01,0.7,1.1,0,0,0,0.0374,Low,0
SYN-04361,60,1,82,163,98,36.7,97.8,17,29.6,95,181,0.004,1.0,1.24,1,0,0,0.1979,Low,0
SYN-01374,28,1,83,132,75,36.9,96.8,15,26.7,74,202,0.028,1.4,1.49,1,0,1,0.2462,Low,0
SYN-04863,65,0,84,126,70,38.8,96.9,20,24.8,98,217,0.01,13.3,1.48,0,0,0,0.1458,Low,0
SYN-06352,41,1,78,142,88,36.9,97.7,18,29.0,80,226,0.001,3.1,1.65,1,0,0,0.0696,Low,0
SYN-00109,67,1,70,130,76,36.6,98.8,20,23.3,75,215,4.8,3.1,1.4,0,0,0,1.0,High,1
SYN-00025,47,1,67,118,80,37.0,98.2,17,28.1,91,207,0.001,0.2,1.44,0,0,1,0.0346,Low,0
SYN-07706,47,0,94,133,84,37.3,96.9,22,33.3,112,214,0.013,1.6,1.27,0,0,0,0.1019,Low,0
SYN-02134,59,1,77,119,67,38.6,98.5,15,33.0,68,219,0.003,6.1,1.44,0,0,0,0.0413,Low,0
SYN-01866,57,0,78,133,77,36.1,99.0,15,25.6,93,180,0.004,0.9,1.3,0,0,0,0.0289,Low,0
SYN-04579,46,0,58,140,88,36.6,98.3,13,29.5,91,228,0.014,0.2,1.04,1,0,0,0.0453,Low,0
SYN-02867,62,1,82,132,73,36.4,98.8,18,23.2,90,174,0.511,2.0,1.12,0,0,0,0.9985,High,1
SYN-01997,59,1,60,123,71,37.2,98.0,16,28.9,105,259,0.013,1.0,1.46,1,0,0,0.1131,Low,0
SYN-06917,50,0,93,130,64,36.4,99.1,16,25.8,135,203,0.01,0.4,0.97,0,1,0,0.071,Low,0
SYN-03395,63,0,80,122,82,36.7,98.4,17,22.2,98,215,0.005,0.2,1.24,0,0,0,0.0351,Low,0
SYN-02670,44,0,71,151,87,37.2,98.2,17,27.6,97,233,0.002,0.3,1.21,1,0,0,0.056,Low,0
SYN-09455,75,1,111,153,85,37.3,99.5,15,31.3,254,218,0.009,1.5,1.51,1,1,0,0.84,High,1
SYN-07580,54,1,73,120,71,37.1,97.6,16,22.0,82,268,0.018,0.8,1.36,0,0,0,0.0502,Low,0
SYN-04582,67,1,87,151,83,38.2,94.5,18,27.9,89,193,0.013,16.9,1.47,1,0,1,0.8475,High,1
SYN-04797,60,0,89,131,80,38.6,97.4,19,26.4,85,138,0.01,12.4,1.34,1,0,0,0.1395,Low,0
SYN-01402,49,1,84,119,74,38.8,95.6,23,22.7,86,224,0.011,13.5,1.59,0,0,0,0.0967,Low,0
SYN-06513,61,1,58,117,71,37.3,98.5,19,34.1,83,223,0.003,5.2,1.25,0,0,0,0.0407,Low,0
SYN-09657,47,0,82,137,89,36.4,99.2,21,29.9,86,263,0.001,1.3,1.26,1,0,0,0.0657,Low,0
SYN-09004,36,1,66,136,76,38.6,99.7,20,26.4,104,250,0.406,12.4,1.23,1,0,0,0.9972,High,1
SYN-02267,64,0,95,141,74,36.0,97.2,17,27.5,155,211,0.003,4.2,1.05,0,1,0,0.2252,Low,0
SYN-05537,40,0,100,127,69,38.3,97.8,22,31.2,74,254,0.004,16.1,1.18,1,0,0,0.0973,Low,0
SYN-01259,82,1,60,138,66,36.5,96.0,13,28.3,157,223,0.001,0.2,1.56,0,1,1,0.4917,Moderate,0
SYN-08262,58,0,60,108,59,36.2,99.0,13,23.1,84,238,0.024,0.4,0.89,0,0,0,0.0195,Low,0
SYN-09807,48,0,79,154,81,36.9,97.9,16,29.1,97,180,0.001,2.5,1.27,1,0,0,0.0724,Low,0
SYN-09685,42,1,69,129,80,36.7,98.9,18,26.6,102,251,0.005,0.7,1.15,0,0,1,0.0475,Low,0
SYN-00588,41,1,90,129,77,36.8,95.7,19,37.5,256,244,0.017,3.1,0.97,0,1,0,0.3915,Moderate,0
SYN-00405,62,0,91,116,71,38.2,97.8,13,21.9,103,170,0.003,17.3,1.14,0,0,0,0.0398,Low,0
SYN-00093,47,1,50,119,75,36.9,97.5,19,22.6,88,241,0.001,2.4,1.3,0,0,0,0.0145,Low,0
SYN-01548,41,0,72,126,83,36.9,99.6,15,27.4,85,203,0.001,5.7,0.86,0,0,0,0.0088,Low,0
SYN-02941,80,1,79,132,76,39.8,96.5,24,23.8,79,208,0.001,7.8,1.6,0,0,0,0.2099,Low,0
SYN-06065,80,1,66,138,85,37.1,97.5,14,22.6,95,231,0.013,4.5,1.59,1,0,0,0.2968,Low,0
SYN-07686,30,1,71,99,71,36.7,97.2,18,17.7,77,209,0.011,2.7,1.14,0,0,1,0.0107,Low,0
SYN-04729,59,1,88,156,93,38.9,96.7,18,35.4,163,259,0.377,16.5,1.58,1,1,0,0.9999,High,1
SYN-00133,64,0,98,159,82,36.7,99.5,17,36.8,96,273,0.006,1.9,1.45,1,0,0,0.3675,Moderate,0
SYN-08912,29,0,73,121,79,37.0,99.4,13,19.4,94,127,0.012,1.2,0.79,0,0,0,0.0033,Low,0
SYN-07225,41,0,71,113,71,37.5,97.4,18,23.8,88,234,0.003,2.1,0.96,0,0,0,0.0091,Low,0
SYN-05534,57,0,92,118,65,38.4,98.7,15,22.0,101,259,0.019,13.1,0.74,0,0,0,0.0633,Low,0
SYN-01380,78,0,65,152,88,36.8,97.9,14,24.7,94,253,0.002,1.1,1.52,1,0,0,0.2131,Low,0
SYN-00104,66,0,61,160,96,36.0,98.7,18,34.6,210,212,0.009,2.3,1.45,1,1,0,0.6204,Moderate,1
SYN-08191,64,0,86,163,85,38.8,97.4,20,29.2,76,240,0.008,7.7,1.44,1,0,0,0.3773,Moderate,0
SYN-05221,69,1,71,150,88,36.2,100.0,15,20.4,105,218,0.003,7.6,1.64,1,0,0,0.1866,Low,0
SYN-06753,41,1,61,134,76,36.8,98.5,16,31.8,76,208,0.005,5.3,1.22,0,0,0,0.0214,Low,0
SYN-06218,43,0,66,149,79,36.6,98.8,16,35.2,211,208,0.016,1.2,1.2,1,1,0,0.3124,Moderate,0
SYN-03303,69,0,84,158,89,37.8,96.8,16,32.3,87,244,0.001,23.0,1.37,1,0,1,0.805,High,1
SYN-07000,62,0,81,140,84,36.6,99.4,15,27.7,78,235,0.017,0.8,1.27,0,0,0,0.0855,Low,0
SYN-08060,76,1,101,170,101,36.5,96.3,16,32.2,186,254,0.001,2.1,1.38,1,1,0,0.8309,High,1
SYN-07422,52,0,73,134,77,36.5,98.3,17,32.4,109,244,0.025,1.9,1.43,0,0,0,0.1211,Low,0
SYN-09130,69,1,86,128,74,36.8,97.8,17,30.2,104,197,0.015,1.7,1.35,0,0,0,0.151,Low,0
SYN-08914,62,0,69,137,73,36.6,97.8,13,24.7,99,183,0.001,1.4,1.09,0,0,1,0.058,Low,0
SYN-09310,33,0,80,148,90,37.1,99.0,14,32.2,169,202,0.019,0.8,0.93,1,1,0,0.152,Low,0
SYN-01914,18,0,65,114,69,36.6,98.8,16,20.3,98,192,0.003,0.6,0.83,0,0,0,0.0017,Low,0
SYN-01624,73,0,97,164,88,36.7,98.3,15,33.8,79,225,0.016,1.7,1.51,1,0,0,0.5055,Moderate,1
SYN-07631,70,0,91,157,90,36.2,99.0,16,36.5,188,250,0.002,0.9,1.59,1,1,0,0.6593,High,1
SYN-08906,57,0,54,125,63,36.8,96.6,13,28.1,95,221,0.034,1.8,1.35,0,0,1,0.1573,Low,0
SYN-08312,56,0,102,168,87,36.1,100.0,17,37.2,191,225,0.001,4.0,1.42,1,1,0,0.5919,Moderate,1
SYN-09651,80,1,97,158,88,36.8,98.1,16,31.7,135,282,0.003,1.3,1.59,1,1,0,0.7487,High,1
SYN-05579,40,1,61,116,59,36.2,98.6,18,26.3,115,214,0.016,1.1,1.18,0,0,0,0.0211,Low,0
SYN-08537,59,1,78,128,71,36.3,98.8,15,29.7,90,187,0.032,0.8,1.15,0,0,0,0.1021,Low,0
SYN-08276,49,0,86,140,81,38.9,96.2,18,25.9,102,171,0.001,11.1,1.09,0,1,0,0.0855,Low,0
SYN-05583,78,1,90,167,96,36.8,96.7,14,32.9,96,231,0.001,0.7,1.39,1,0,0,0.4628,Moderate,0
SYN-03166,59,1,55,116,63,36.6,96.6,15,33.7,105,198,1.717,2.4,1.37,0,0,1,1.0,High,1
SYN-03261,56,0,70,127,77,36.9,96.4,15,28.7,88,237,0.014,0.7,1.24,0,0,0,0.0517,Low,0
SYN-09944,38,0,57,116,63,36.8,97.1,18,27.9,83,239,0.001,2.7,0.87,0,0,1,0.0151,Low,0
SYN-01980,62,0,83,159,83,36.0,97.3,13,27.6,71,193,0.038,1.5,1.31,1,0,1,0.7406,High,1
SYN-01260,46,1,84,137,80,37.1,96.7,14,31.3,104,186,0.002,1.9,1.06,1,0,0,0.0566,Low,0
SYN-01885,22,1,69,125,76,36.6,99.0,18,31.6,200,251,0.004,1.4,1.32,1,1,0,0.0711,Low,0
SYN-02355,35,1,49,109,64,36.7,99.0,13,25.9,93,221,0.005,0.8,1.29,0,0,0,0.0048,Low,0
SYN-06767,84,0,64,159,93,36.4,97.1,13,38.5,89,265,0.003,0.9,1.16,1,0,0,0.3687,Moderate,0
SYN-05870,86,1,92,167,93,36.7,99.5,21,31.0,82,176,0.007,0.8,1.53,1,0,0,0.5825,Moderate,1
SYN-07075,73,0,89,157,80,36.7,96.3,23,27.0,111,201,0.013,0.7,1.38,1,1,0,0.6479,Moderate,1
SYN-05947,67,0,78,151,78,37.1,98.2,15,27.7,102,240,0.002,5.5,1.09,1,0,0,0.1676,Low,0
SYN-05486,67,0,73,134,69,36.9,96.5,14,24.3,106,270,0.002,2.7,1.13,0,0,0,0.0663,Low,0
SYN-08346,69,1,73,152,87,36.8,98.4,17,28.2,142,241,0.014,0.5,1.9,1,1,0,0.6278,Moderate,1
SYN-04356,42,1,59,124,80,37.1,98.6,17,26.0,62,204,0.006,0.9,1.32,0,0,0,0.0118,Low,0
SYN-06267,61,0,76,177,104,36.8,99.4,17,37.8,93,208,0.014,1.7,1.49,1,0,0,0.4071,Moderate,0
SYN-04665,90,1,64,159,84,37.3,98.1,17,27.4,88,252,0.01,0.8,2.03,1,0,1,0.8875,High,1
SYN-06014,55,1,78,123,64,36.9,96.4,22,29.5,102,245,0.015,0.9,1.5,0,0,1,0.2244,Low,0
SYN-08333,90,0,87,148,88,37.2,96.7,13,35.9,90,243,0.606,0.9,1.42,0,0,0,0.9999,High,1
SYN-06178,55,0,64,126,68,36.9,99.2,15,22.7,242,223,0.015,0.7,1.04,0,1,0,0.1347,Low,0
SYN-04142,90,1,73,169,92,36.4,96.7,17,22.5,95,171,0.002,0.6,1.54,1,0,0,0.4715,Moderate,0
SYN-08554,69,1,111,151,78,39.4,98.8,18,29.0,87,193,0.811,30.6,1.49,1,0,0,1.0,High,1
SYN-06706,54,1,94,148,98,36.7,100.0,15,18.6,115,239,0.077,4.2,1.56,1,0,0,0.8532,High,1
SYN-04035,42,0,89,132,74,37.6,99.3,16,29.2,98,270,0.003,2.5,1.21,0,0,0,0.0281,Low,0
SYN-05298,53,0,68,127,79,36.6,99.7,14,33.3,80,259,0.006,0.6,1.02,0,0,0,0.0229,Low,0
SYN-00680,51,0,141,148,89,39.9,92.8,19,24.6,93,205,0.025,11.0,1.42,1,0,0,0.5866,Moderate,1
SYN-03936,57,0,78,129,75,36.6,97.5,15,34.2,70,276,0.001,2.9,1.42,0,0,0,0.0489,Low,0
SYN-00398,58,1,77,150,85,36.3,98.8,13,35.7,142,189,0.01,1.3,1.21,0,1,0,0.2123,Low,0
SYN-02843,63,1,69,131,73,36.9,100.0,17,34.1,172,232,0.008,0.8,1.69,1,1,0,0.3726,Moderate,0
SYN-05812,61,0,74,149,92,36.9,99.4,16,29.1,139,227,0.003,6.6,1.37,1,1,0,0.2923,Low,0
SYN-09830,48,1,83,104,54,36.7,97.7,21,22.8,102,195,0.002,2.4,1.38,0,0,0,0.0185,Low,0
SYN-07263,72,0,71,148,84,36.6,97.0,16,31.2,72,212,0.007,1.6,1.46,1,0,0,0.2133,Low,0
SYN-02895,43,0,102,110,60,36.7,99.2,15,19.7,90,177,0.013,0.4,0.84,0,0,0,0.0099,Low,0
SYN-06332,57,0,68,154,81,36.5,97.7,16,36.2,91,282,0.003,3.3,1.3,0,0,0,0.1101,Low,0
SYN-05260,58,1,97,135,84,37.2,96.2,14,30.1,142,251,0.011,3.3,1.13,0,1,1,0.4354,Moderate,0
SYN-07927,54,0,86,125,72,36.4,98.6,15,26.1,206,188,0.001,6.2,1.08,0,1,0,0.0959,Low,0
SYN-06736,65,0,92,145,82,36.4,99.9,20,31.6,114,228,0.002,0.7,1.5,1,0,1,0.582,Moderate,1
SYN-02879,41,1,69,142,80,36.6,98.3,15,35.8,106,235,0.013,1.4,1.26,1,0,0,0.0956,Low,0
SYN-00728,66,1,80,148,78,36.1,95.4,16,21.4,97,207,0.009,0.6,1.51,1,0,1,0.6016,Moderate,1
SYN-02244,69,0,64,150,87,36.4,97.1,20,24.1,89,188,0.219,1.1,1.02,1,0,0,0.9896,High,1
SYN-06943,45,0,69,110,81,36.6,99.2,15,21.2,105,191,0.473,1.2,1.32,0,0,0,0.9885,High,1
SYN-08104,75,0,109,135,76,39.1,97.9,18,30.8,88,278,0.001,38.7,1.21,0,0,0,0.4646,Moderate,0
SYN-05508,34,0,66,135,73,36.3,97.1,15,30.6,108,267,0.005,0.7,1.04,0,0,1,0.0381,Low,0
SYN-05275,43,1,77,153,87,36.7,95.9,16,39.5,144,281,0.005,0.7,1.38,1,1,1,0.7446,High,1
SYN-04202,22,0,79,142,90,37.0,96.5,14,28.3,58,240,0.019,0.7,1.29,1,0,1,0.1416,Low,0
SYN-03845,55,1,79,99,60,36.8,98.6,13,17.4,85,209,0.024,3.3,1.27,0,0,0,0.0229,Low,0
SYN-06166,63,0,67,145,87,36.0,98.0,15,28.2,95,235,0.003,1.0,1.16,0,0,0,0.0582,Low,0
SYN-04600,84,1,71,159,79,36.4,98.1,17,21.9,111,255,0.013,1.0,1.69,1,0,0,0.5548,Moderate,1
SYN-01981,57,1,88,139,84,35.9,98.5,19,25.1,124,194,0.002,0.2,1.4,0,0,0,0.0747,Low,0
SYN-04654,47,0,58,161,88,36.7,98.7,20,35.3,165,211,0.006,0.5,1.53,1,1,0,0.3185,Moderate,0
SYN-07542,48,1,76,148,89,38.0,95.6,19,32.4,87,256,0.004,48.0,1.64,1,0,0,0.562,Moderate,1
SYN-00045,56,1,86,117,66,37.2,98.5,15,19.0,103,202,0.003,2.9,1.39,0,0,0,0.0257,Low,0
SYN-01688,58,0,93,140,74,36.7,99.1,15,32.9,104,221,0.01,2.9,1.11,0,0,0,0.0888,Low,0
SYN-08917,63,1,86,166,96,36.5,98.8,19,36.2,153,222,0.029,0.6,1.35,1,1,0,0.809,High,1
SYN-02020,62,1,73,134,72,36.4,96.3,16,29.0,177,246,0.005,0.2,1.26,1,1,1,0.722,High,1
SYN-04799,47,1,76,148,77,36.9,98.1,18,35.0,84,227,0.013,6.6,1.6,1,0,0,0.2078,Low,0
SYN-05999,57,1,73,130,74,36.5,100.0,14,33.2,179,202,0.006,1.6,1.42,0,1,0,0.1413,Low,0
SYN-01409,54,1,77,140,86,37.1,100.0,14,28.4,90,227,0.02,4.5,1.66,1,1,0,0.2753,Low,0
SYN-04166,59,0,79,171,102,36.1,98.2,18,37.1,68,226,0.55,2.0,1.22,1,0,0,0.9998,High,1
SYN-07545,32,1,67,127,72,36.9,99.0,12,28.0,149,158,0.003,4.1,1.33,0,1,0,0.0215,Low,0
SYN-00220,43,1,73,116,70,36.7,98.8,20,26.9,103,146,0.007,0.2,1.1,0,0,0,0.014,Low,0
SYN-02228,63,1,82,144,85,36.6,90.5,21,35.6,142,239,0.011,2.2,1.36,1,1,1,0.929,High,1
SYN-01951,55,0,67,131,72,36.7,97.4,17,21.6,90,203,0.017,1.4,1.54,1,0,0,0.0875,Low,0
SYN-04491,82,1,79,161,89,36.9,97.7,20,33.5,202,197,0.014,1.8,1.55,1,1,0,0.88,High,1
SYN-06247,40,0,84,110,64,38.9,93.9,19,30.9,155,223,0.009,6.2,1.04,0,1,1,0.1589,Low,0
SYN-01616,63,1,96,140,79,36.6,98.8,14,28.8,194,281,0.008,0.8,1.28,0,1,1,0.551,Moderate,1
SYN-02348,43,1,67,119,70,36.6,97.8,16,26.2,102,191,0.01,0.5,1.66,1,0,1,0.1713,Low,0
SYN-03841,32,1,69,133,87,36.3,99.4,14,38.2,190,264,0.044,1.2,1.42,0,1,0,0.5543,Moderate,1
SYN-04958,20,1,65,117,68,36.5,98.3,11,25.3,80,195,0.007,1.1,0.88,0,0,0,0.0025,Low,0
SYN-03768,61,0,80,145,87,36.8,94.2,16,30.0,111,244,0.033,0.3,1.34,1,1,1,0.884,High,1
SYN-02620,81,1,100,167,88,38.4,81.7,26,30.8,100,228,0.002,13.9,1.62,1,0,0,0.9461,High,1
SYN-00395,65,0,75,119,67,38.6,98.2,13,35.2,79,218,0.123,6.4,1.18,0,0,0,0.8381,High,1
SYN-09453,87,1,88,151,83,36.9,96.9,15,30.4,176,179,0.009,6.1,1.7,1,1,0,0.8221,High,1
SYN-00423,44,0,64,138,77,36.4,99.1,16,29.9,200,198,0.007,2.1,1.08,1,1,0,0.1352,Low,0
SYN-07284,55,1,76,141,82,37.2,99.4,18,27.4,89,233,0.008,0.8,1.67,1,0,0,0.1311,Low,0
SYN-04037,89,0,67,147,82,37.0,98.4,18,20.8,84,236,0.006,2.4,1.28,0,0,0,0.1817,Low,0
SYN-06373,47,0,71,122,73,36.3,98.4,16,26.8,101,243,0.877,0.2,0.77,0,0,0,0.9995,High,1
SYN-07413,46,1,70,124,71,36.1,96.5,12,17.7,88,150,0.005,1.3,1.18,0,0,1,0.0212,Low,0
SYN-01512,63,0,64,169,102,36.8,98.1,17,32.4,119,253,0.002,1.4,1.23,1,1,0,0.3818,Moderate,0
SYN-06496,22,0,48,99,68,36.7,97.2,14,24.6,91,171,0.026,4.0,0.95,0,0,1,0.0074,Low,0
SYN-07581,71,0,66,154,91,36.6,96.1,21,32.6,223,206,0.003,0.6,1.6,1,1,0,0.6913,High,1
SYN-08561,70,1,70,161,85,36.3,96.6,16,35.3,75,272,0.008,0.9,1.61,1,0,1,0.7849,High,1
SYN-03025,51,1,91,155,89,37.6,98.2,25,25.0,111,199,0.008,1.4,1.38,1,0,0,0.2377,Low,0
SYN-05745,62,1,70,156,91,36.3,98.1,13,25.3,110,236,0.013,5.8,1.35,1,0,1,0.6242,Moderate,1
SYN-09576,65,1,66,146,78,36.5,99.8,17,35.8,194,253,0.008,1.4,1.29,0,1,0,0.3764,Moderate,0
SYN-07475,74,0,69,152,83,36.9,97.4,14,28.6,200,249,0.002,0.6,1.46,1,1,0,0.5329,Moderate,1
SYN-05923,90,1,64,129,79,36.8,98.5,20,24.5,86,274,0.005,3.4,1.53,1,0,0,0.326,Moderate,0
SYN-03439,49,1,104,142,80,36.8,98.2,18,20.0,81,229,0.204,3.3,1.33,1,0,1,0.9963,High,1
SYN-08660,65,1,92,160,92,36.3,97.0,12,40.1,148,227,0.004,1.5,1.37,1,1,0,0.5918,Moderate,1
SYN-07357,56,0,79,172,101,36.3,97.8,12,20.8,97,207,0.003,0.3,1.32,1,0,1,0.3925,Moderate,0
SYN-00716,35,1,83,127,64,37.2,93.5,20,27.9,103,203,0.007,0.6,1.1,0,0,1,0.0678,Low,0
SYN-01234,55,1,71,149,81,36.8,93.7,16,34.6,95,239,0.008,0.6,1.43,1,1,1,0.7406,High,1
SYN-00822,77,0,76,150,82,36.8,98.3,18,28.7,78,244,0.005,1.6,1.39,1,0,0,0.2669,Low,0
SYN-01807,62,1,75,116,65,37.3,100.0,17,21.2,97,196,0.007,1.4,1.0,0,0,0,0.0238,Low,0
SYN-07683,52,1,55,137,84,36.6,98.7,20,28.7,128,243,0.024,0.2,1.82,1,1,0,0.3678,Moderate,0
SYN-06522,66,1,92,136,64,37.0,97.9,18,27.7,70,233,0.002,0.8,1.28,0,0,1,0.1647,Low,0
SYN-03943,41,0,72,113,71,36.3,98.2,14,26.2,102,266,0.002,1.0,1.07,0,0,0,0.0093,Low,0
SYN-04760,45,1,62,113,66,36.2,98.5,15,16.5,82,218,0.216,1.4,1.14,0,0,0,0.8129,High,1
SYN-03229,64,0,82,152,91,36.5,99.2,16,28.3,74,206,0.014,0.4,0.92,1,0,0,0.1419,Low,0
SYN-02573,78,0,73,141,88,36.6,98.3,17,37.1,156,273,0.941,2.5,1.1,0,1,0,1.0,High,1
SYN-00212,33,1,74,120,70,36.9,99.3,14,31.4,224,220,0.004,0.7,1.2,0,1,0,0.0482,Low,0
SYN-05067,20,1,79,114,73,36.7,100.0,14,35.5,83,213,0.011,0.7,1.13,0,0,0,0.0062,Low,0
SYN-09980,37,0,101,139,88,39.3,98.5,18,34.2,90,192,0.001,16.3,1.11,0,1,0,0.08,Low,0
SYN-02040,59,1,86,118,76,36.5,100.0,15,27.7,134,215,0.005,1.3,1.45,0,1,0,0.088,Low,0
SYN-01497,59,0,74,149,96,36.8,99.0,19,29.3,102,195,0.002,0.2,1.41,1,0,0,0.1138,Low,0
SYN-07078,49,1,94,106,72,38.1,89.8,25,25.9,92,191,0.001,18.6,1.39,0,0,0,0.1045,Low,0
SYN-03553,71,0,76,157,94,37.2,98.5,17,24.3,97,189,0.011,5.1,1.48,1,0,0,0.2845,Low,0
SYN-07304,52,1,62,148,85,36.5,99.1,16,31.5,64,169,0.002,1.7,1.58,1,0,0,0.061,Low,0
SYN-06578,26,0,79,123,70,36.3,98.6,18,24.9,79,228,0.001,0.5,0.93,0,0,0,0.0049,Low,0
SYN-09710,49,1,68,132,74,37.0,99.1,13,22.8,96,195,0.001,0.7,1.5,0,0,0,0.0176,Low,0
SYN-07478,57,1,66,111,67,36.7,97.8,13,18.2,101,281,0.005,0.6,1.71,0,0,1,0.0539,Low,0
SYN-03124,63,1,84,161,83,37.4,98.3,14,32.0,175,197,0.009,2.4,1.7,1,1,0,0.6136,Moderate,1
SYN-05053,72,0,60,137,87,37.4,96.4,18,33.6,55,223,0.006,2.0,1.56,0,0,0,0.1058,Low,0
SYN-01712,18,0,69,117,82,36.4,98.9,17,23.2,109,215,0.001,6.8,0.84,0,0,0,0.0031,Low,0
SYN-00926,84,1,72,152,88,36.7,97.4,18,31.9,87,222,0.003,0.7,1.36,1,0,0,0.3813,Moderate,0
SYN-04330,26,0,90,125,78,37.3,99.4,13,33.5,99,252,0.02,3.1,1.19,1,0,0,0.0377,Low,0
SYN-01923,23,0,56,129,81,36.5,97.7,13,20.9,99,195,0.001,0.4,1.16,0,0,0,0.0031,Low,0
SYN-09383,58,0,72,108,71,36.8,98.0,17,27.1,253,248,0.001,0.4,1.4,0,1,0,0.1253,Low,0
SYN-04107,18,0,65,135,80,36.7,98.3,19,32.6,89,198,0.001,2.7,0.92,1,0,0,0.0099,Low,0
SYN-05187,64,0,96,146,72,37.1,98.7,14,31.7,201,242,0.008,1.9,1.06,1,1,1,0.8246,High,1
SYN-03584,53,0,88,135,63,37.1,98.8,12,33.6,110,251,0.001,3.3,1.05,0,0,0,0.0413,Low,0
SYN-02823,65,1,71,150,70,36.8,98.7,16,36.5,139,209,0.001,1.3,1.34,1,1,0,0.3537,Moderate,0
SYN-04510,64,0,81,128,70,37.3,98.3,12,26.7,94,192,0.004,0.2,1.25,0,0,0,0.0337,Low,0
SYN-04474,68,1,85,136,68,37.0,97.9,23,25.1,95,268,0.97,3.7,1.82,1,0,1,1.0,High,1
SYN-06594,73,1,79,136,81,36.8,97.5,14,28.4,110,286,0.003,1.0,1.32,0,0,0,0.142,Low,0
SYN-08369,59,1,74,139,80,36.7,99.0,18,24.4,79,199,0.014,1.1,1.37,1,0,0,0.1187,Low,0
SYN-01334,58,0,88,146,88,37.5,98.6,16,30.5,73,186,0.001,0.6,1.47,1,0,0,0.0897,Low,0
SYN-00742,73,1,77,128,60,37.2,98.0,16,22.2,97,250,0.008,1.4,1.65,0,0,1,0.2231,Low,0
SYN-02088,47,1,69,128,81,37.2,99.4,15,31.2,80,205,0.004,2.6,1.56,0,0,0,0.0248,Low,0
SYN-09704,53,1,69,143,85,36.9,97.4,16,36.6,183,218,0.009,0.7,1.51,1,1,0,0.4013,Moderate,0
SYN-08257,63,1,53,137,87,36.6,98.4,15,30.0,106,272,0.007,0.7,1.58,1,0,0,0.144,Low,0
SYN-02648,46,0,92,156,98,36.6,98.8,13,23.9,92,219,0.005,0.2,1.51,1,0,0,0.0794,Low,0
SYN-09934,61,1,75,108,68,38.1,95.6,19,27.0,76,223,0.008,19.3,1.5,0,0,0,0.0945,Low,0
SYN-08515,69,1,66,110,67,37.6,98.0,16,26.2,202,191,0.009,0.4,1.31,0,1,0,0.1522,Low,0
SYN-09511,59,1,59,109,61,37.4,98.8,18,32.7,76,200,0.021,1.6,1.02,0,0,1,0.0757,Low,0
SYN-01785,65,0,71,107,55,36.9,98.3,13,29.6,150,224,0.001,4.6,1.18,0,1,0,0.0609,Low,0
SYN-07467,48,0,76,149,74,37.0,97.1,18,42.1,173,207,0.007,2.4,1.19,1,1,0,0.3641,Moderate,0
SYN-01363,26,1,82,127,76,37.1,99.0,15,25.4,92,242,0.001,0.2,1.17,0,0,1,0.0162,Low,0
SYN-04542,58,1,77,130,74,36.8,97.8,17,27.3,190,191,0.029,2.9,1.19,0,1,1,0.5261,Moderate,1
SYN-06360,41,1,76,135,81,36.7,98.8,16,25.4,102,220,0.023,1.5,1.4,1,0,0,0.0923,Low,0
SYN-01278,80,0,64,157,94,36.7,98.2,14,27.9,87,214,0.011,0.6,1.27,1,0,0,0.2699,Low,0
SYN-03535,62,1,66,97,66,36.8,97.8,17,26.4,101,220,0.003,0.8,1.05,0,0,0,0.0174,Low,0
SYN-05820,59,0,65,124,86,37.0,98.5,19,24.4,109,182,0.01,4.9,1.08,0,0,0,0.038,Low,0
SYN-02284,58,1,116,147,79,36.9,99.2,20,27.0,130,236,0.013,3.0,1.21,0,1,0,0.3818,Moderate,0
SYN-01483,56,1,92,135,80,36.7,97.0,13,32.1,77,235,0.001,1.5,1.1,0,0,0,0.0492,Low,0
SYN-02080,39,1,88,130,69,36.6,97.7,15,28.4,98,310,0.007,1.4,1.27,1,0,1,0.267,Low,0
SYN-09936,57,1,92,163,81,36.8,98.1,17,31.7,127,233,0.002,3.1,1.58,1,0,0,0.3389,Moderate,0
SYN-04252,47,0,89,121,68,36.7,98.6,12,27.9,100,180,0.001,0.2,1.05,0,0,0,0.0115,Low,0
SYN-06526,72,0,75,150,74,37.0,96.6,14,27.2,109,184,0.001,3.3,1.19,1,0,0,0.1672,Low,0
SYN-08680,58,0,87,126,62,36.7,99.1,16,33.3,145,195,0.019,1.0,1.06,0,1,0,0.1619,Low,0
SYN-07776,36,1,74,116,66,36.7,98.1,13,20.0,83,163,0.002,1.0,1.39,0,0,0,0.0054,Low,0
SYN-01684,74,0,71,155,93,36.6,97.6,17,33.0,108,203,0.002,1.0,1.45,1,1,0,0.4096,Moderate,0
SYN-03032,63,1,59,123,85,36.4,95.5,19,30.7,84,207,0.001,4.8,1.23,0,0,1,0.1044,Low,0
SYN-04304,44,0,86,118,77,36.4,99.1,16,34.1,243,266,0.001,2.0,1.21,0,1,0,0.1122,Low,0
SYN-08012,27,0,81,114,67,36.2,97.3,18,27.6,82,194,0.001,5.3,1.04,0,0,0,0.0059,Low,0
SYN-07433,77,1,69,123,76,36.9,98.8,12,24.0,83,201,0.016,1.0,1.52,0,0,0,0.0851,Low,0
SYN-06094,46,0,65,121,74,36.8,99.6,18,30.2,81,207,0.005,2.9,1.35,0,0,0,0.0162,Low,0
SYN-03901,64,0,59,127,73,35.9,93.6,19,18.3,80,224,0.011,1.0,1.1,0,0,1,0.1029,Low,0
SYN-05686,26,0,98,114,54,37.5,98.9,15,30.5,93,211,0.004,1.1,1.22,0,0,0,0.0075,Low,0
SYN-07851,64,0,61,147,74,36.0,98.7,16,21.7,98,180,0.002,0.2,1.19,0,0,0,0.0368,Low,0
SYN-07491,33,1,73,130,78,37.3,99.6,15,22.0,104,193,0.024,1.9,1.28,1,0,0,0.0393,Low,0
SYN-05846,66,1,90,150,89,36.9,98.7,17,32.6,87,292,0.001,2.0,1.58,1,0,0,0.2982,Low,0
SYN-06222,49,0,67,108,67,37.3,99.0,20,30.8,102,194,0.001,4.7,1.44,0,0,0,0.017,Low,0
SYN-09177,53,0,59,130,81,36.3,99.0,14,23.9,119,253,0.024,1.8,1.11,0,0,0,0.0511,Low,0
SYN-02855,41,0,60,147,89,37.2,98.7,19,30.3,182,226,0.003,3.1,1.36,1,1,0,0.1713,Low,0
SYN-01532,59,1,63,137,79,36.8,97.8,12,31.1,112,254,0.011,1.3,1.21,0,0,0,0.076,Low,0
SYN-09560,18,1,82,118,67,37.2,98.3,17,31.8,87,153,0.002,0.9,0.81,0,0,0,0.0036,Low,0
SYN-04581,48,1,61,155,82,36.6,97.8,16,31.9,176,241,0.018,2.9,1.47,1,1,0,0.4657,Moderate,0
SYN-05724,90,0,65,160,86,36.8,95.0,22,30.4,161,228,0.001,1.1,1.18,1,1,0,0.7578,High,1
SYN-03821,69,1,57,121,75,36.3,96.9,14,34.8,88,265,0.005,1.8,1.23,0,0,0,0.0664,Low,0
SYN-09797,63,1,85,128,87,36.5,97.2,17,25.0,87,285,0.004,0.4,1.5,1,0,1,0.4488,Moderate,0
SYN-00963,38,1,79,136,74,37.4,99.3,12,21.6,88,188,0.001,0.2,1.06,0,0,0,0.0085,Low,0
SYN-06435,59,1,79,131,80,36.6,99.1,14,27.7,77,203,0.001,0.7,1.24,0,0,0,0.0294,Low,0
SYN-09374,57,0,77,127,75,36.4,97.8,20,29.9,196,205,0.006,1.1,1.34,0,1,0,0.1812,Low,0
SYN-02236,37,1,65,113,71,36.8,94.6,20,33.6,112,183,0.003,1.3,1.06,0,0,1,0.036,Low,0
SYN-08837,56,1,97,158,90,36.4,98.1,20,30.7,98,241,0.001,0.7,1.69,1,0,0,0.2859,Low,0
SYN-09400,54,1,104,171,95,39.3,94.8,21,35.4,106,209,0.346,36.6,1.37,1,0,0,0.9999,High,1
SYN-08309,46,0,79,136,77,36.9,98.8,15,34.8,190,178,0.003,4.9,1.26,1,1,0,0.1721,Low,0
SYN-01956,38,1,86,100,63,37.3,97.4,14,24.1,91,177,0.005,2.6,1.31,0,0,0,0.0077,Low,0
SYN-07281,39,0,80,103,60,37.0,98.4,18,19.4,94,184,0.002,0.7,0.88,0,0,0,0.0042,Low,0
SYN-08050,70,1,73,140,83,36.8,98.1,13,26.4,89,270,0.004,0.8,1.41,1,0,0,0.1573,Low,0
SYN-01412,90,1,93,160,92,36.8,95.8,15,28.6,77,213,0.007,1.8,1.53,1,0,1,0.8824,High,1
SYN-00974,64,0,66,108,67,36.8,94.3,20,30.7,79,202,0.01,0.8,1.21,0,0,1,0.0957,Low,0
SYN-01526,71,0,85,149,73,37.2,98.6,17,40.3,204,236,0.832,2.1,1.39,0,1,0,1.0,High,1
SYN-00598,67,1,89,139,85,37.0,98.3,13,30.0,83,226,0.028,0.2,1.1,1,0,0,0.2797,Low,0
SYN-04663,63,1,55,136,77,36.6,98.3,10,20.0,71,183,0.001,2.6,1.58,0,0,1,0.0458,Low,0
SYN-09674,90,1,90,157,95,37.0,100.0,16,34.4,96,246,0.002,8.3,1.51,1,0,0,0.6068,Moderate,1
SYN-06344,41,1,57,122,66,36.7,97.5,19,27.6,99,234,0.001,0.2,1.11,1,0,0,0.0236,Low,0
SYN-07195,43,0,90,161,93,36.9,99.0,15,34.4,163,225,0.014,0.9,1.43,1,1,0,0.3878,Moderate,0
SYN-00229,40,1,84,132,77,36.5,98.5,15,29.9,108,223,0.005,0.5,1.13,1,0,0,0.0441,Low,0
SYN-08754,43,1,70,123,56,36.2,98.0,19,29.8,139,214,0.001,1.0,1.34,0,1,0,0.0517,Low,0
SYN-08352,49,1,65,125,69,37.6,99.4,14,29.1,81,236,0.001,0.4,1.24,0,0,0,0.0155,Low,0
SYN-04504,67,1,67,172,88,37.2,96.9,18,30.6,172,193,0.011,2.2,1.35,1,1,1,0.9177,High,1
SYN-07757,62,1,51,155,76,36.6,94.3,17,22.6,133,217,0.006,0.4,1.56,1,1,1,0.7337,High,1
SYN-03669,26,0,70,108,65,36.8,97.9,14,25.9,103,173,0.003,1.0,0.94,0,0,1,0.0058,Low,0
SYN-01709,70,1,68,145,78,36.4,98.4,15,34.5,80,269,0.423,2.7,1.55,1,0,1,0.9999,High,1
SYN-07468,67,0,96,158,84,36.9,98.7,12,25.9,91,187,0.726,0.4,1.2,1,0,0,0.9999,High,1
SYN-01039,67,0,67,127,82,36.9,99.2,15,18.1,219,192,0.008,0.2,0.95,0,1,0,0.1096,Low,0
SYN-01886,58,1,95,158,81,37.0,97.5,15,28.6,188,145,0.001,1.6,1.35,1,1,1,0.769,High,1
SYN-09776,58,1,59,161,95,36.6,97.1,14,32.4,97,197,0.007,1.0,1.65,1,0,0,0.1965,Low,0
SYN-05687,79,1,89,168,96,38.9,95.1,24,32.1,160,240,0.001,21.5,1.55,1,1,0,0.9325,High,1
SYN-00084,48,1,80,131,75,36.9,98.2,17,29.4,82,183,0.003,0.8,1.37,0,0,0,0.0286,Low,0
SYN-04735,48,0,91,130,75,36.5,98.7,18,21.1,84,178,0.027,2.3,1.28,1,0,0,0.0909,Low,0
SYN-03852,42,1,75,122,68,36.5,97.2,12,23.1,107,197,0.002,0.2,1.09,0,0,1,0.0225,Low,0
SYN-00882,69,1,46,159,95,36.8,97.4,17,33.5,80,230,0.023,2.5,1.28,1,0,0,0.3757,Moderate,0
SYN-04046,52,1,77,133,83,36.0,98.7,15,22.0,95,236,0.008,2.2,1.19,0,0,0,0.0365,Low,0
SYN-03704,42,1,68,143,67,36.7,100.0,19,31.1,91,227,0.016,0.9,1.16,0,0,0,0.0495,Low,0
SYN-05783,35,1,83,128,83,36.7,96.8,19,28.6,109,192,0.004,1.1,1.08,0,0,0,0.0216,Low,0
SYN-01929,68,1,72,147,85,36.9,98.5,16,19.7,102,153,0.004,0.2,1.68,1,0,0,0.1294,Low,0
SYN-00860,65,1,64,123,75,36.6,99.1,12,27.7,220,233,0.009,1.0,1.65,0,1,0,0.2176,Low,0
SYN-01927,45,1,66,103,62,36.9,98.7,17,16.6,170,193,0.534,5.1,1.15,0,1,0,0.9976,High,1
SYN-09866,56,1,80,146,88,37.2,98.3,20,36.8,156,218,0.005,0.7,1.42,1,1,1,0.781,High,1
SYN-07839,58,1,81,131,72,37.1,98.0,13,34.6,109,281,0.001,1.0,1.14,0,0,0,0.0625,Low,0
SYN-06626,52,0,82,147,87,36.8,98.2,18,36.0,220,244,0.01,0.9,1.29,1,1,0,0.5008,Moderate,1
SYN-04276,48,0,67,135,74,36.6,98.1,20,28.9,105,282,0.002,0.4,0.78,0,0,0,0.0294,Low,0
SYN-08295,64,0,65,151,78,36.7,98.0,13,27.5,90,230,0.001,2.5,1.21,1,0,0,0.0953,Low,0
SYN-05848,77,0,76,114,73,36.5,96.6,18,29.2,77,191,0.002,0.2,1.44,0,0,0,0.059,Low,0
SYN-03574,53,1,85,121,78,36.6,97.7,12,25.6,84,147,0.02,0.7,1.27,0,0,0,0.0345,Low,0
SYN-08852,61,1,68,158,84,36.9,98.1,18,30.1,175,208,0.001,2.5,1.52,1,1,1,0.7999,High,1
SYN-08792,78,1,65,145,87,36.7,97.5,16,27.3,181,236,0.01,0.2,1.82,1,1,0,0.6611,High,1
SYN-08015,40,0,61,153,87,36.3,97.9,14,33.5,103,235,0.012,0.6,0.96,1,0,1,0.2546,Low,0
SYN-01961,57,1,73,133,61,36.6,97.3,15,24.4,205,225,0.01,0.2,1.21,0,1,1,0.3365,Moderate,0
SYN-04331,83,0,77,133,87,36.4,97.7,14,23.4,96,260,0.02,1.2,1.1,0,0,0,0.1893,Low,0
SYN-06593,67,0,59,136,77,36.9,98.6,19,33.6,89,233,0.003,3.8,1.24,0,0,0,0.0743,Low,0
SYN-04272,37,0,75,139,81,36.9,97.9,19,30.9,82,193,0.012,0.6,1.17,1,0,0,0.0471,Low,0
SYN-01591,32,0,83,102,59,36.8,98.0,16,29.2,114,241,0.003,1.9,0.78,0,0,0,0.0061,Low,0
SYN-05383,43,0,53,111,68,37.1,97.3,17,22.1,90,220,0.029,0.3,0.99,0,0,1,0.0359,Low,0
SYN-05641,47,0,84,134,80,37.2,99.8,17,34.7,106,263,0.946,1.1,1.16,0,0,0,0.9999,High,1
SYN-06602,49,1,62,129,83,36.7,99.5,18,34.1,70,247,1.165,2.6,1.32,0,0,0,0.9999,High,1
SYN-07146,47,1,64,146,87,36.9,97.9,19,24.0,112,211,0.005,3.5,1.4,1,0,0,0.089,Low,0
SYN-08081,42,1,74,121,75,38.3,98.3,24,34.4,152,220,0.889,12.5,1.49,1,1,1,1.0,High,1
SYN-02524,25,1,61,141,74,36.7,99.1,18,32.4,99,222,0.016,1.0,0.81,1,0,0,0.0312,Low,0
SYN-07287,48,1,72,121,68,36.5,98.8,17,28.7,83,210,0.013,0.3,1.45,0,0,0,0.0319,Low,0
SYN-07718,72,0,77,156,82,36.6,97.8,18,28.6,104,234,0.014,2.3,1.11,1,0,0,0.3541,Moderate,0
SYN-00050,55,0,75,134,81,37.2,98.4,17,28.2,90,278,0.002,0.6,0.79,0,0,0,0.0314,Low,0
SYN-08196,44,1,81,121,68,36.7,99.1,16,25.1,104,195,0.001,2.4,1.28,0,0,0,0.0158,Low,0
SYN-04803,54,0,83,123,73,36.0,100.0,16,23.9,108,227,0.028,0.5,1.41,0,0,0,0.0697,Low,0
SYN-07224,51,0,83,150,94,36.9,98.7,15,23.2,94,212,0.004,2.2,1.37,1,0,0,0.0754,Low,0
SYN-06009,51,0,78,146,87,37.2,100.0,17,25.1,100,209,0.01,0.4,1.25,1,0,0,0.0771,Low,0
SYN-02755,71,0,87,154,87,38.0,91.8,22,31.7,213,226,0.008,37.5,1.59,1,1,0,0.9599,High,1
SYN-06670,39,0,58,114,64,36.5,94.8,19,23.3,94,202,0.008,1.5,0.93,0,0,1,0.0217,Low,0
SYN-00632,90,1,83,154,86,36.7,97.7,19,28.1,99,296,0.008,0.6,1.86,1,0,0,0.6987,High,1
SYN-01318,60,0,76,137,91,36.7,99.4,10,29.6,91,201,1.596,0.2,1.32,1,0,1,1.0,High,1
SYN-01114,50,1,55,142,82,37.0,98.6,23,29.4,185,188,0.006,0.2,1.06,1,1,0,0.2135,Low,0
SYN-06431,40,0,85,115,72,36.8,97.9,15,28.5,76,213,0.015,2.0,0.99,0,0,0,0.0155,Low,0
SYN-07831,87,0,80,144,80,36.7,98.0,19,25.4,99,228,0.002,0.2,1.62,0,0,0,0.2334,Low,0
SYN-03314,56,1,73,157,88,36.8,98.5,17,24.2,80,251,0.003,2.6,1.4,1,0,0,0.1347,Low,0
SYN-04973,70,0,55,147,85,36.8,96.5,17,15.0,110,206,0.009,0.2,1.52,1,0,0,0.1451,Low,0
SYN-09462,58,1,76,122,77,38.7,88.1,17,25.2,90,215,0.001,11.4,1.06,0,0,0,0.0931,Low,0
SYN-02735,54,1,64,127,79,36.9,97.8,14,25.9,103,173,0.009,0.2,1.4,0,0,1,0.0623,Low,0
SYN-06288,39,1,75,152,91,37.1,98.2,15,31.2,83,215,0.004,2.8,1.29,1,0,0,0.0625,Low,0
SYN-08251,43,0,77,127,83,36.7,98.7,17,24.0,101,197,0.008,1.2,1.09,0,0,1,0.0354,Low,0
SYN-08246,47,1,70,138,77,36.0,99.2,19,36.6,170,242,0.004,0.9,1.38,1,1,0,0.2476,Low,0
SYN-07150,61,0,82,154,79,36.5,98.2,16,32.9,192,180,0.002,9.1,1.17,1,1,0,0.4444,Moderate,0
SYN-04448,54,0,72,166,88,36.8,97.1,18,40.3,86,237,0.015,0.6,1.43,1,0,0,0.337,Moderate,0
SYN-00582,35,1,78,140,75,36.8,97.5,20,27.5,158,168,0.003,0.3,1.56,1,1,0,0.1277,Low,0
SYN-09276,72,0,86,134,66,36.8,96.9,23,28.9,90,231,0.001,1.0,1.34,1,0,0,0.2114,Low,0
SYN-06317,53,1,76,120,78,36.4,97.2,17,21.8,92,205,0.001,0.4,1.29,0,0,1,0.0438,Low,0
SYN-03420,74,1,94,130,63,36.8,97.7,14,31.0,97,234,0.008,1.2,1.38,0,0,0,0.1594,Low,0
SYN-03045,57,1,64,143,88,36.4,99.9,16,29.3,166,203,0.001,4.1,1.45,1,1,0,0.221,Low,0
SYN-02230,58,1,81,150,88,36.9,95.5,17,30.0,93,219,0.001,0.3,1.7,1,0,1,0.5577,Moderate,1
SYN-02803,68,0,74,120,81,36.9,99.5,17,27.9,258,187,0.009,0.9,0.81,0,1,0,0.1908,Low,0
SYN-02114,57,1,77,151,81,36.8,99.2,17,29.1,89,248,0.929,2.6,1.55,1,0,0,1.0,High,1
SYN-08902,30,0,56,96,62,37.0,97.9,15,15.4,72,210,0.001,1.8,1.06,0,0,0,0.0013,Low,0
SYN-06449,47,1,68,140,70,36.9,99.3,17,19.3,92,177,0.002,0.4,1.47,1,0,0,0.034,Low,0
SYN-04693,58,1,47,112,67,36.9,99.3,15,25.2,229,224,0.006,1.0,1.22,0,1,0,0.0775,Low,0
SYN-03772,32,0,72,105,60,36.8,98.7,15,25.2,96,254,0.011,1.6,1.08,0,0,0,0.0068,Low,0
SYN-06346,73,1,66,121,80,37.0,97.7,15,27.3,103,180,0.733,0.5,1.23,0,0,0,0.9997,High,1
SYN-01346,90,0,71,171,92,36.8,97.6,17,29.4,84,277,0.013,1.5,1.46,1,0,0,0.6677,High,1
SYN-07798,40,0,67,112,74,36.4,98.7,16,24.7,91,242,0.018,5.1,1.19,0,0,0,0.0171,Low,0
SYN-01364,68,1,73,174,86,36.2,97.9,21,33.8,212,198,0.002,4.7,1.43,1,1,0,0.78,High,1
SYN-00147,44,0,59,124,67,37.2,98.2,14,34.8,73,206,0.03,0.6,1.18,0,0,0,0.0333,Low,0
SYN-04332,35,0,57,125,66,37.0,97.1,12,21.2,77,154,1.526,0.6,1.15,0,0,1,0.9999,High,1
SYN-01171,36,0,71,124,81,36.4,98.4,13,28.3,144,202,0.475,0.2,1.14,0,1,1,0.9981,High,1
SYN-06604,58,1,72,165,89,36.3,99.1,18,32.1,98,234,0.005,6.3,1.79,1,0,0,0.3265,Moderate,0
SYN-01401,73,1,85,153,69,36.5,98.8,15,26.1,99,192,0.003,0.4,1.62,1,0,0,0.2454,Low,0
SYN-07844,42,1,54,114,67,37.5,99.7,11,32.6,83,230,0.005,1.4,1.39,0,0,0,0.009,Low,0
SYN-02455,47,1,79,141,73,36.8,97.9,15,27.0,81,169,0.004,1.2,1.19,0,0,0,0.0268,Low,0
SYN-05512,54,1,70,142,73,36.8,98.7,21,28.0,90,221,0.001,3.9,1.49,1,0,0,0.1084,Low,0
SYN-06394,54,0,81,133,82,36.9,98.4,15,32.8,102,225,0.002,2.1,1.4,0,0,0,0.0463,Low,0
SYN-06624,60,0,67,131,78,36.9,98.7,13,37.0,170,181,0.008,2.2,0.88,0,1,1,0.2051,Low,0
SYN-00052,64,1,102,145,77,37.0,98.8,20,26.4,92,205,0.002,0.7,1.46,1,0,1,0.5609,Moderate,1
SYN-04878,63,1,74,126,73,36.2,98.7,19,30.1,100,254,0.024,3.8,1.53,0,0,0,0.1888,Low,0
SYN-08095,33,1,51,132,72,36.6,99.7,12,28.0,83,211,0.001,0.2,1.58,1,0,0,0.0123,Low,0
SYN-05527,61,1,96,146,85,36.8,98.0,20,18.6,85,214,0.002,0.3,1.13,1,0,0,0.1193,Low,0
SYN-07574,61,0,58,121,77,37.1,95.2,18,21.1,85,248,0.006,0.6,1.36,0,0,1,0.0742,Low,0
SYN-01966,62,0,81,158,96,36.9,98.4,12,25.3,78,238,0.005,2.7,1.45,1,0,1,0.4531,Moderate,0
SYN-00059,40,0,83,124,72,36.8,99.1,19,27.9,79,229,0.01,1.0,1.16,0,0,0,0.0199,Low,0
SYN-03911,76,0,91,147,94,38.4,98.7,17,23.6,153,209,0.002,9.2,1.41,1,1,0,0.5092,Moderate,1
SYN-02383,29,0,72,114,71,36.7,98.5,17,31.8,113,211,0.001,1.8,0.58,0,0,0,0.0049,Low,0
SYN-04833,37,0,62,122,66,36.7,98.7,17,21.8,100,198,0.001,1.2,0.86,0,0,0,0.0053,Low,0
SYN-06682,30,1,70,122,87,36.5,97.8,16,30.3,111,204,0.008,1.0,1.25,0,0,1,0.0293,Low,0
SYN-04554,60,0,89,116,73,38.8,93.5,22,24.2,77,197,0.019,11.2,1.22,0,0,0,0.1296,Low,0
SYN-00183,47,1,70,157,84,37.0,99.1,13,30.8,91,234,0.001,2.2,1.54,1,0,0,0.0867,Low,0
SYN-06538,36,0,66,124,83,36.6,98.4,11,26.2,91,176,0.001,1.7,1.16,0,0,0,0.0051,Low,0
SYN-04786,29,1,72,123,63,36.7,99.2,14,33.8,157,195,0.019,0.5,1.29,1,1,0,0.0829,Low,0
SYN-00055,46,1,74,133,72,37.0,97.4,15,31.6,79,213,0.002,1.7,1.2,1,0,0,0.0438,Low,0
SYN-04834,41,0,69,120,66,36.6,97.4,20,27.5,96,241,0.01,1.4,0.95,0,0,0,0.0196,Low,0
SYN-05563,61,1,57,136,76,36.7,98.3,17,29.3,202,269,0.002,0.2,1.52,0,1,0,0.2266,Low,0
SYN-06823,90,0,92,159,88,36.6,98.8,16,22.4,93,219,0.542,0.2,1.69,1,0,0,0.9999,High,1
SYN-03518,53,0,73,118,70,36.6,97.2,21,25.7,87,207,0.001,0.4,0.96,0,0,0,0.0179,Low,0
SYN-01939,43,1,79,140,85,36.6,97.9,15,25.0,99,273,0.003,0.6,1.51,1,0,0,0.0678,Low,0
SYN-02364,62,1,68,151,68,36.3,98.1,13,29.3,83,217,0.004,0.3,1.54,1,0,0,0.1303,Low,0
SYN-04695,52,1,77,110,75,36.8,98.2,17,19.1,97,205,0.004,0.4,1.39,0,0,0,0.0165,Low,0
SYN-01485,66,0,94,147,83,36.6,97.4,16,27.5,181,231,0.006,4.9,1.4,1,1,0,0.5408,Moderate,1
SYN-01598,58,1,80,150,91,36.8,99.7,13,35.6,160,227,0.011,1.5,1.47,1,1,0,0.4282,Moderate,0
SYN-05274,63,0,76,141,84,36.5,97.3,15,24.1,88,200,0.001,0.9,1.24,1,0,0,0.0738,Low,0
SYN-07675,54,0,93,138,79,36.9,98.5,16,33.8,90,222,0.006,1.0,0.7,0,0,0,0.0454,Low,0
SYN-03022,78,1,79,138,90,36.6,93.7,17,37.2,137,212,0.001,2.4,1.71,0,1,1,0.6898,High,1
SYN-03074,66,1,87,128,79,38.1,97.9,14,22.1,103,224,0.001,38.6,1.27,0,0,0,0.1857,Low,0
SYN-03786,35,0,46,126,67,36.7,98.8,16,28.8,111,246,0.014,2.1,1.15,0,0,1,0.0309,Low,0
SYN-06875,35,1,67,115,57,37.0,97.7,19,30.2,159,233,0.023,1.3,1.42,1,1,0,0.1545,Low,0
SYN-03724,69,1,84,129,66,37.1,97.0,15,28.8,181,228,0.001,0.3,1.17,0,1,0,0.2201,Low,0
SYN-04115,41,0,74,111,67,36.3,98.5,19,27.8,97,227,0.008,2.5,0.95,0,0,1,0.0271,Low,0
SYN-01442,60,1,88,168,92,37.7,97.7,15,32.1,104,213,0.003,1.8,1.46,1,1,0,0.4364,Moderate,0
SYN-09354,56,1,56,106,59,36.0,98.5,13,15.0,88,171,0.57,0.2,1.51,0,0,0,0.9944,High,1
SYN-08545,78,1,82,173,93,37.5,98.0,14,29.0,224,222,0.779,1.8,1.57,1,1,0,1.0,High,1
SYN-07946,31,0,56,130,72,37.4,98.5,14,22.4,85,161,0.055,1.3,1.05,1,0,0,0.1258,Low,0
SYN-06820,44,1,90,149,82,37.1,98.7,13,36.2,180,202,0.004,1.2,1.37,1,1,0,0.267,Low,0
SYN-05472,46,1,81,143,72,36.5,97.0,22,26.7,77,208,0.008,2.1,1.48,1,0,1,0.3984,Moderate,0
SYN-05421,69,1,66,136,82,37.2,97.8,18,22.8,95,204,0.008,0.5,1.5,0,0,0,0.0911,Low,0
SYN-01640,51,1,81,161,95,36.5,98.1,16,27.7,113,255,0.016,0.2,1.16,1,0,0,0.2416,Low,0
SYN-01356,61,1,83,139,76,36.2,99.0,14,21.6,66,229,0.017,0.2,1.48,1,0,0,0.1279,Low,0
SYN-04618,38,0,101,116,70,38.2,88.9,20,25.8,73,249,0.009,48.0,1.3,0,0,1,0.4069,Moderate,0
SYN-06341,50,0,89,126,74,36.2,98.5,13,26.9,86,206,0.001,1.2,1.31,0,0,0,0.0189,Low,0
SYN-00098,38,0,63,109,67,36.8,97.7,10,20.0,75,197,0.001,1.3,0.82,0,0,0,0.0022,Low,0
SYN-07489,51,0,62,121,78,36.3,99.1,19,28.1,99,225,0.002,2.1,0.98,0,0,0,0.0165,Low,0
SYN-09972,71,0,74,129,79,36.7,98.2,17,30.5,80,234,0.002,1.8,1.36,0,0,0,0.0688,Low,0
SYN-06277,66,1,77,124,73,37.0,97.6,18,20.8,63,226,0.004,0.4,1.16,0,0,0,0.038,Low,0
SYN-00419,53,0,90,162,96,36.4,97.7,15,30.7,78,242,0.191,2.3,1.53,1,0,0,0.9892,High,1
SYN-01617,90,1,76,138,81,36.2,97.9,21,23.8,93,224,0.014,1.6,1.79,0,0,0,0.4,Moderate,0
SYN-08351,58,1,83,147,70,38.2,91.5,18,38.9,214,251,0.01,31.1,1.59,1,1,1,0.9842,High,1
SYN-02660,61,1,98,159,83,36.4,97.5,14,31.6,172,210,0.011,4.4,1.64,1,1,1,0.9122,High,1
SYN-06176,58,1,76,149,85,37.2,94.0,17,33.9,151,228,1.066,2.3,1.38,1,1,1,1.0,High,1
SYN-02521,51,0,94,124,66,37.6,99.2,15,32.1,88,249,0.007,0.7,0.94,0,0,0,0.0306,Low,0
SYN-00413,43,1,74,139,77,36.8,99.0,15,22.4,188,180,0.001,1.0,1.29,1,1,0,0.0997,Low,0
SYN-07693,36,1,68,97,66,36.4,98.3,18,18.4,98,190,0.001,1.6,1.29,0,0,0,0.0041,Low,0
SYN-09941,63,0,73,125,67,37.1,97.5,16,19.0,82,208,0.01,1.1,1.28,0,0,0,0.036,Low,0
SYN-02415,72,1,91,145,82,37.5,97.4,16,28.5,81,252,0.008,0.9,1.9,1,0,0,0.3762,Moderate,0
SYN-08173,49,1,76,167,98,36.7,97.0,19,26.6,112,246,0.003,1.3,1.62,1,0,1,0.6026,Moderate,1
SYN-03318,43,0,91,140,82,36.1,99.0,18,30.0,79,256,0.026,0.9,1.4,1,0,0,0.1538,Low,0
SYN-04223,90,1,74,130,79,37.4,95.8,19,18.5,100,212,0.001,1.0,1.66,0,0,1,0.335,Moderate,0
SYN-02808,23,1,60,104,69,36.6,98.9,13,22.7,98,224,0.001,1.8,1.15,0,0,0,0.0022,Low,0
SYN-05953,25,0,60,106,65,36.8,100.0,14,20.8,161,143,0.014,1.2,0.88,0,1,0,0.0059,Low,0
SYN-09369,43,0,80,113,66,37.3,96.8,14,22.2,112,206,0.009,0.5,1.24,0,1,1,0.0541,Low,0
SYN-03829,58,0,67,138,74,36.8,98.7,17,31.4,204,247,0.003,1.6,1.51,0,1,0,0.2177,Low,0
SYN-04117,72,1,84,120,66,36.1,98.7,15,24.6,95,193,0.002,1.1,1.08,0,0,0,0.0431,Low,0
SYN-02024,53,1,107,138,79,39.8,98.6,23,29.6,71,244,0.016,18.5,1.45,0,0,0,0.2789,Low,0
SYN-05960,74,0,96,157,85,36.1,96.8,14,28.9,296,218,0.001,1.1,1.27,1,1,0,0.775,High,1
SYN-07760,23,1,87,131,73,36.6,97.7,15,28.1,89,179,0.019,0.3,1.45,1,0,1,0.1496,Low,0
SYN-07231,49,0,75,121,71,37.0,96.4,18,23.7,103,250,0.012,0.2,1.21,1,0,0,0.0613,Low,0
SYN-08063,74,1,86,152,88,36.8,97.8,17,34.3,201,222,0.008,2.8,1.6,1,1,0,0.776,High,1
SYN-04777,40,1,82,134,90,36.6,96.8,19,32.4,99,228,0.005,2.8,1.08,0,0,1,0.0848,Low,0
SYN-08278,49,1,68,126,77,36.4,98.4,17,26.9,89,235,0.021,0.6,1.5,0,0,0,0.0577,Low,0
SYN-01008,48,1,71,127,75,37.0,94.5,16,24.6,101,251,0.001,0.2,0.92,0,0,1,0.0531,Low,0
SYN-03973,58,0,78,127,58,36.6,97.9,17,30.2,85,219,0.016,2.1,0.93,0,0,0,0.0552,Low,0
SYN-09748,41,1,70,118,75,37.0,99.6,17,17.2,98,233,0.001,1.8,1.4,0,0,0,0.0097,Low,0
SYN-04622,53,0,66,161,90,36.8,97.3,22,36.0,195,241,0.009,4.2,1.05,1,1,0,0.5546,Moderate,1
SYN-02447,48,0,121,116,72,40.7,95.9,24,25.4,92,227,0.002,19.7,1.49,1,0,0,0.1836,Low,0
SYN-07361,45,0,72,148,86,36.9,98.0,16,30.2,97,241,0.001,2.5,1.11,1,0,1,0.2333,Low,0
SYN-03561,65,1,68,145,72,37.2,98.3,17,24.2,126,194,0.002,1.5,1.53,1,0,0,0.153,Low,0
SYN-04567,18,1,96,112,68,36.3,98.9,17,19.8,96,231,0.011,0.5,0.89,0,0,0,0.0053,Low,0
SYN-03822,74,1,82,166,88,36.5,98.8,17,29.5,148,230,0.007,0.2,1.41,1,1,1,0.9049,High,1
SYN-03760,25,1,79,114,64,36.5,98.7,15,27.1,89,238,0.007,0.5,1.15,0,0,0,0.0068,Low,0
SYN-03088,40,1,65,112,69,36.7,96.8,16,25.6,82,211,0.005,0.4,1.34,0,0,1,0.0223,Low,0
SYN-05412,75,1,73,157,82,37.1,97.2,17,26.1,90,209,0.002,1.7,1.49,0,0,0,0.1861,Low,0
SYN-09250,90,0,73,143,84,36.9,97.5,21,30.1,187,234,0.036,0.6,1.73,0,1,0,0.8733,High,1
SYN-09104,57,0,79,139,82,36.8,98.6,17,29.4,71,165,0.002,3.2,1.19,0,0,0,0.0335,Low,0
SYN-07350,64,1,79,158,92,36.2,98.4,14,28.0,109,222,0.007,1.9,1.55,1,0,0,0.2622,Low,0
SYN-05179,26,0,78,144,93,36.9,98.2,15,34.1,99,223,0.001,1.3,1.0,1,0,0,0.0224,Low,0
SYN-03835,77,0,69,157,98,36.6,95.8,16,32.1,158,235,0.001,4.2,1.24,1,1,1,0.875,High,1
SYN-09154,61,1,74,127,77,36.8,98.4,21,20.7,91,209,0.002,2.6,1.34,0,0,0,0.0444,Low,0
SYN-09826,90,0,89,160,82,37.0,96.3,14,24.6,83,224,0.015,1.1,1.6,1,0,0,0.5963,Moderate,1
SYN-07964,37,1,81,145,83,36.0,93.6,17,28.3,84,239,0.014,0.2,1.63,1,0,1,0.452,Moderate,0
SYN-00524,51,1,81,124,71,36.8,99.2,18,27.1,86,186,0.003,6.4,1.35,0,0,0,0.0308,Low,0
SYN-08124,41,1,65,119,72,36.3,100.0,13,37.1,206,249,0.008,1.3,1.27,0,1,0,0.0768,Low,0
SYN-08419,70,0,80,166,81,36.9,97.7,13,23.2,84,200,0.006,1.5,1.25,1,0,1,0.5485,Moderate,1
SYN-05855,41,0,55,123,60,36.6,88.9,19,28.7,101,214,0.553,1.1,0.97,0,0,1,0.9992,High,1
SYN-02176,55,0,88,147,91,36.7,97.1,16,35.7,102,231,0.009,5.1,1.19,0,0,0,0.132,Low,0
SYN-01918,70,0,66,128,68,36.8,97.2,17,20.3,87,257,0.011,0.2,1.12,0,0,0,0.0616,Low,0
SYN-02319,90,0,74,166,90,36.9,89.6,19,33.1,81,235,0.003,2.4,1.55,1,0,1,0.9345,High,1
SYN-09955,18,0,75,105,68,38.3,98.6,21,25.6,98,213,1.499,12.6,0.67,0,0,0,0.9998,High,1
SYN-06185,70,1,55,134,76,37.2,94.0,19,28.5,176,244,0.002,0.3,1.03,0,1,1,0.4279,Moderate,0
SYN-03904,50,0,76,146,81,36.6,99.7,15,22.1,94,213,0.006,0.7,1.07,1,0,0,0.0448,Low,0
SYN-06337,60,0,83,116,66,36.8,99.2,13,28.4,144,234,0.026,0.6,1.28,0,1,1,0.2809,Low,0
SYN-02071,49,0,78,151,90,36.7,98.7,14,23.0,98,223,0.005,0.2,0.98,1,0,0,0.0515,Low,0
SYN-06286,34,0,73,116,69,36.7,97.4,17,28.9,100,214,0.002,0.7,0.98,0,0,1,0.0165,Low,0
SYN-08011,60,1,89,133,83,36.0,99.0,13,26.4,101,232,0.001,1.0,1.46,0,0,0,0.0533,Low,0
SYN-04290,61,0,86,155,79,36.6,98.3,18,39.1,205,219,0.007,1.4,1.21,1,1,1,0.8814,High,1
SYN-00308,75,1,69,172,102,36.3,98.8,16,32.3,98,194,0.012,0.8,1.78,1,0,0,0.513,Moderate,1
SYN-09510,72,1,90,125,66,38.6,94.9,24,22.5,105,201,0.018,48.0,1.29,0,0,0,0.6554,High,1
SYN-07383,55,0,69,149,91,36.0,98.7,14,29.6,94,175,0.006,0.2,1.23,1,0,0,0.0679,Low,0
SYN-00913,63,1,75,133,73,36.5,100.0,13,37.9,192,225,0.504,4.1,1.33,0,1,0,0.9998,High,1
SYN-09903,71,1,84,125,66,38.2,97.1,23,28.0,108,263,0.005,11.3,1.72,0,0,1,0.446,Moderate,0
SYN-04752,58,0,78,132,70,36.6,99.8,19,36.5,109,196,0.009,1.3,1.0,0,0,0,0.061,Low,0
SYN-01787,72,1,96,155,92,39.1,86.2,23,29.9,193,212,0.019,44.0,1.45,1,1,1,0.9977,High,1
SYN-00230,49,0,76,124,77,36.9,99.6,19,20.1,74,234,0.034,1.9,1.2,0,0,0,0.0506,Low,0
SYN-07118,36,0,63,110,63,37.1,98.6,16,24.3,215,224,0.007,0.2,1.11,0,1,0,0.0282,Low,0
SYN-06651,67,0,92,159,92,36.5,99.1,15,32.9,148,238,0.021,4.6,1.23,1,1,0,0.6823,High,1
SYN-02223,55,1,82,128,71,36.8,98.8,14,34.3,103,224,0.002,1.1,1.59,0,0,0,0.0533,Low,0
SYN-00257,61,1,79,124,73,36.8,98.5,12,30.5,96,241,0.017,1.3,1.79,0,0,0,0.1025,Low,0
SYN-00265,62,0,82,131,85,36.4,98.2,20,26.0,94,232,0.011,0.2,1.38,0,0,0,0.0858,Low,0
SYN-00812,45,0,79,151,83,36.7,97.7,19,29.2,110,259,0.028,0.2,1.27,1,0,0,0.2474,Low,0
SYN-07816,18,1,68,127,70,36.6,97.6,18,27.5,97,189,0.008,1.3,1.16,1,0,0,0.0131,Low,0
SYN-05235,44,1,87,106,66,37.0,98.2,20,25.5,80,241,0.006,1.9,1.33,0,0,0,0.0198,Low,0
SYN-05802,32,0,56,117,61,36.9,96.0,18,23.5,85,210,0.006,2.2,0.78,0,0,1,0.0118,Low,0
SYN-02889,48,1,86,125,76,36.3,100.0,16,28.0,90,245,0.003,0.5,1.25,0,0,0,0.0252,Low,0
SYN-09176,58,0,75,152,89,35.9,97.6,18,48.7,123,215,0.003,1.9,1.32,1,1,1,0.779,High,1
SYN-05200,50,0,59,141,85,37.1,97.8,19,30.0,77,196,0.497,0.6,1.27,1,0,0,0.9986,High,1
SYN-02098,41,0,74,115,71,36.9,99.7,13,29.3,93,204,0.016,2.5,0.95,0,0,0,0.0122,Low,0
SYN-03987,36,1,82,118,71,36.9,98.6,18,35.9,178,264,0.014,1.0,1.2,0,1,0,0.1111,Low,0
SYN-01394,61,0,74,151,81,37.1,100.0,17,24.8,89,224,0.045,1.6,1.63,1,0,0,0.6743,High,1
SYN-00628,76,0,100,124,77,37.0,94.0,20,23.6,105,217,0.001,3.5,1.24,0,0,0,0.1497,Low,0
SYN-02338,67,0,98,140,83,38.4,97.9,15,18.2,75,202,0.566,7.5,1.27,1,0,0,0.9997,High,1
SYN-03531,79,0,64,134,73,36.5,92.2,19,32.8,181,218,0.021,2.7,1.58,1,1,1,0.9524,High,1
SYN-01632,41,0,69,105,67,36.5,99.4,13,31.2,95,168,0.007,4.7,0.71,0,0,0,0.0053,Low,0
SYN-06591,60,1,91,138,74,38.8,98.1,20,26.1,87,215,0.002,14.5,1.31,1,0,1,0.5465,Moderate,1
SYN-09173,57,0,76,145,73,37.4,98.5,20,30.4,111,225,0.073,2.0,1.26,1,0,1,0.965,High,1
SYN-00994,75,0,93,148,97,36.6,96.8,13,30.7,86,256,0.005,0.7,1.17,1,0,1,0.6389,Moderate,1
SYN-02030,46,1,77,178,100,37.0,99.0,12,27.7,102,224,0.001,0.6,1.38,1,0,1,0.4069,Moderate,0
SYN-05775,90,0,83,160,76,36.9,97.8,14,28.1,90,238,0.001,0.4,1.29,1,0,0,0.3872,Moderate,0
SYN-05994,49,0,66,105,71,36.9,98.7,15,25.9,97,273,0.003,4.1,0.97,0,0,0,0.0106,Low,0
SYN-07739,54,1,82,163,90,36.9,99.6,14,30.4,105,198,0.01,2.2,1.47,1,0,0,0.2034,Low,0
SYN-01728,46,1,87,126,77,36.5,98.7,14,30.8,217,233,1.915,1.7,1.48,1,1,0,1.0,High,1
SYN-00805,75,0,100,146,82,37.1,96.5,14,30.2,92,212,0.002,2.1,1.18,1,0,0,0.2457,Low,0
SYN-08524,47,1,83,136,64,36.5,98.5,17,34.9,189,200,0.005,0.6,1.16,0,1,0,0.148,Low,0
SYN-09859,42,1,66,133,75,36.4,95.5,19,24.0,225,186,0.001,0.6,0.97,0,1,1,0.164,Low,0
SYN-00370,68,0,71,131,69,36.6,98.7,17,24.3,115,203,0.002,0.6,1.07,0,0,0,0.0442,Low,0
SYN-05216,43,1,100,110,78,38.8,99.5,20,22.4,95,173,0.026,24.0,1.24,0,0,1,0.1592,Low,0
SYN-06514,52,0,121,155,84,39.7,99.5,18,30.5,88,218,0.003,22.4,1.22,1,0,0,0.3083,Moderate,0
SYN-01398,51,1,81,115,70,37.2,99.4,12,25.1,89,197,0.044,2.5,1.53,0,0,0,0.2019,Low,0
SYN-05406,72,1,64,125,80,36.8,97.6,12,24.1,75,185,0.02,0.5,1.79,1,0,0,0.1467,Low,0
SYN-05879,74,0,73,136,82,36.7,97.7,13,28.4,83,293,0.01,0.7,1.4,0,0,0,0.1268,Low,0
SYN-05623,65,0,78,147,83,36.0,99.3,17,29.2,182,238,0.006,0.6,1.6,1,1,0,0.4539,Moderate,0
SYN-07983,54,0,71,141,78,36.7,96.8,23,26.4,94,230,0.008,0.7,1.14,1,0,1,0.3953,Moderate,0
SYN-00181,75,1,76,149,87,36.7,98.4,18,37.4,125,282,0.004,5.1,1.63,1,1,0,0.6721,High,1
SYN-06919,49,0,89,132,76,37.2,97.9,16,24.7,150,187,0.021,1.0,1.01,0,1,0,0.1211,Low,0
SYN-07687,58,1,83,122,72,37.7,100.0,16,28.7,65,247,0.015,0.8,1.33,0,0,0,0.0516,Low,0
SYN-00908,34,1,77,128,65,36.2,98.4,15,29.0,98,247,0.005,1.2,1.29,1,0,0,0.0311,Low,0
SYN-05599,59,0,66,120,73,36.5,99.4,16,31.4,195,243,0.001,1.5,0.92,0,1,0,0.0799,Low,0
SYN-00862,31,0,69,128,81,36.6,99.0,12,29.6,103,191,0.002,0.4,0.83,0,0,0,0.0051,Low,0
SYN-07870,53,1,61,121,69,36.9,98.2,14,28.1,92,216,0.886,0.3,1.3,0,0,0,0.9997,High,1
SYN-08320,62,0,81,142,83,36.5,98.7,18,39.1,70,192,0.017,0.8,1.6,1,0,1,0.6095,Moderate,1
SYN-05417,64,0,83,131,69,37.6,99.4,16,38.9,187,190,0.002,1.5,0.88,0,1,0,0.1613,Low,0
SYN-01012,77,1,80,114,70,36.6,97.7,21,30.6,225,244,0.001,2.4,1.4,0,1,1,0.5833,Moderate,1
SYN-09179,48,1,74,156,85,36.7,99.2,17,26.0,107,189,0.004,0.6,1.28,1,0,0,0.085,Low,0
SYN-07021,56,0,82,133,79,37.4,99.1,13,32.9,156,260,0.001,3.0,0.97,0,1,0,0.0985,Low,0
SYN-00132,32,1,69,151,92,36.9,98.2,13,27.6,94,220,0.018,1.0,1.36,1,0,0,0.0638,Low,0
SYN-01017,55,1,85,128,75,37.1,97.8,15,18.6,98,195,0.003,12.5,1.0,0,0,0,0.0359,Low,0
SYN-08620,54,0,68,169,85,36.5,98.5,17,20.7,98,255,0.01,3.8,1.17,1,0,1,0.4951,Moderate,0
SYN-00569,63,0,67,141,86,36.1,96.3,17,28.3,90,241,0.003,0.9,1.28,1,0,1,0.3982,Moderate,0
SYN-00287,58,0,90,143,80,36.6,97.9,18,26.2,84,241,0.009,0.7,1.01,1,0,1,0.4093,Moderate,0
SYN-01285,55,1,65,127,78,36.5,98.3,16,29.8,101,216,0.002,3.0,1.26,0,0,0,0.0339,Low,0
SYN-05857,66,1,82,156,94,36.7,98.4,19,28.1,91,207,0.01,4.8,1.5,1,0,0,0.3384,Moderate,0
SYN-06499,61,0,81,118,84,36.5,99.0,18,17.9,114,209,0.037,0.2,1.2,0,0,0,0.0913,Low,0
SYN-01476,51,0,78,156,97,36.3,99.8,15,22.4,84,207,0.001,0.2,1.6,1,0,0,0.0622,Low,0
SYN-01945,48,1,69,128,79,37.0,95.3,17,26.0,83,204,0.012,0.5,1.35,0,0,1,0.0832,Low,0
SYN-06922,31,1,70,142,73,36.6,98.7,16,25.7,108,242,0.012,1.1,1.47,1,0,0,0.0525,Low,0
SYN-01613,53,0,70,107,68,36.3,98.1,13,23.2,102,200,0.004,4.8,0.91,0,0,0,0.0099,Low,0
SYN-00445,49,1,68,131,86,36.7,98.0,18,23.8,89,199,0.001,1.9,1.19,0,0,0,0.0212,Low,0
SYN-07119,48,0,85,120,67,37.0,98.9,10,30.3,88,192,0.016,1.1,0.93,0,0,0,0.0184,Low,0
SYN-04488,37,1,82,141,83,36.6,99.2,11,28.2,93,252,0.001,2.7,1.23,0,0,0,0.0193,Low,0
SYN-07584,25,1,83,125,72,36.5,97.0,20,23.8,86,226,0.021,1.3,1.09,0,0,0,0.0222,Low,0
SYN-08674,72,1,79,140,80,36.7,97.4,17,27.9,98,220,0.629,3.8,1.23,0,0,0,0.9998,High,1
SYN-09316,57,1,89,128,75,36.2,99.8,15,38.3,90,213,0.012,0.7,1.62,0,0,0,0.0931,Low,0
SYN-05161,53,1,80,131,77,36.7,97.6,17,32.1,233,216,0.009,1.1,1.5,0,1,0,0.3011,Moderate,0
SYN-08241,35,0,91,105,61,36.6,98.2,17,29.0,110,190,0.036,5.1,1.07,0,0,0,0.0351,Low,0
SYN-04180,41,0,74,115,68,36.5,98.4,21,26.9,196,203,0.003,3.0,1.02,0,1,0,0.0475,Low,0
SYN-06784,79,1,80,154,84,37.4,91.5,20,26.9,194,222,0.033,0.4,1.25,0,1,1,0.9406,High,1
SYN-05990,46,0,87,134,75,38.2,96.9,16,34.0,216,205,0.004,7.8,0.89,0,1,0,0.1656,Low,0
SYN-07336,75,0,77,162,89,36.9,98.8,17,32.1,96,229,3.933,4.3,1.16,1,0,0,1.0,High,1
SYN-06785,48,0,71,136,77,37.2,99.0,14,27.8,97,202,0.011,0.4,1.13,1,0,0,0.0446,Low,0
SYN-05552,51,1,74,148,83,36.5,98.4,16,27.7,197,215,0.006,1.7,1.36,1,1,1,0.6953,High,1
SYN-06811,60,0,79,172,98,36.4,96.9,17,36.6,111,217,0.031,1.0,1.11,1,0,1,0.8645,High,1
SYN-07933,68,0,66,150,80,36.4,99.5,18,28.2,81,270,0.037,0.8,1.28,1,0,0,0.4028,Moderate,0
SYN-00144,58,1,78,152,87,36.5,98.3,14,34.4,136,180,0.804,0.8,1.66,1,1,0,1.0,High,1
SYN-06381,48,1,73,134,67,36.6,97.3,16,34.1,197,218,0.009,2.1,1.08,0,1,1,0.308,Moderate,0
SYN-01545,76,1,77,128,70,39.1,96.8,18,23.0,237,197,0.009,6.9,1.23,0,1,0,0.4694,Moderate,0
SYN-07977,82,1,94,145,78,37.1,97.4,16,25.2,86,200,0.005,0.6,1.68,1,0,0,0.358,Moderate,0
SYN-03965,50,0,76,127,74,37.3,94.7,18,29.9,85,241,0.019,2.1,0.75,0,0,1,0.1153,Low,0
SYN-09261,63,0,83,166,100,36.9,96.9,13,30.8,185,207,1.083,0.6,1.37,1,1,0,1.0,High,1
SYN-03316,68,1,92,157,85,36.9,98.9,20,31.5,135,211,0.002,0.6,1.47,1,1,0,0.5375,Moderate,1
SYN-09720,55,0,83,154,82,37.5,95.8,17,31.5,160,226,0.039,1.5,1.23,1,1,1,0.9255,High,1
SYN-09225,50,0,86,115,61,37.2,100.0,14,26.9,90,171,0.004,1.1,1.18,0,0,0,0.0116,Low,0
SYN-04675,58,1,77,135,71,36.7,98.8,14,33.9,92,255,0.007,3.6,1.29,0,0,0,0.0781,Low,0
SYN-03179,64,0,58,127,86,36.4,97.2,18,27.9,80,222,0.005,3.2,1.03,0,0,0,0.0381,Low,0
SYN-05491,50,0,88,132,73,36.8,97.9,14,24.9,81,175,0.017,0.9,1.04,1,0,0,0.0546,Low,0
SYN-01897,29,1,77,133,77,36.5,99.3,15,30.3,84,183,0.029,2.9,1.66,1,0,0,0.0667,Low,0
SYN-03627,55,1,69,111,65,36.9,98.9,12,26.4,80,231,0.001,0.8,1.41,0,0,0,0.0137,Low,0
SYN-02779,61,0,79,139,80,39.1,97.2,14,19.3,103,274,0.006,18.5,1.17,1,0,0,0.1717,Low,0
SYN-06741,32,0,84,125,75,36.4,97.9,14,28.0,79,225,0.009,2.0,0.94,0,0,0,0.0106,Low,0
SYN-02424,47,0,77,132,76,36.8,98.5,15,32.3,90,201,0.001,1.6,0.97,0,0,0,0.0181,Low,0
SYN-08683,76,1,92,150,89,36.1,96.8,17,24.4,69,230,0.016,0.9,1.52,1,0,1,0.7874,High,1
SYN-00859,23,0,77,116,73,36.8,99.0,21,28.6,68,214,0.001,0.7,0.73,0,0,0,0.0034,Low,0
SYN-08736,40,1,67,100,62,36.9,98.8,17,22.2,112,216,0.005,0.2,1.3,0,0,0,0.0077,Low,0
SYN-01539,39,1,67,134,76,36.6,99.0,16,31.0,114,181,0.015,1.8,1.25,0,0,0,0.0329,Low,0
SYN-07512,35,0,66,102,77,36.5,99.7,15,26.9,84,223,0.017,3.2,1.46,0,0,0,0.0089,Low,0
SYN-03544,60,0,83,161,83,37.0,98.8,12,32.2,162,190,0.001,0.6,1.46,1,1,0,0.3229,Moderate,0
SYN-00837,49,0,82,134,71,36.4,99.0,14,35.7,174,282,0.007,3.0,1.3,1,1,0,0.2564,Low,0
SYN-07749,33,0,99,105,74,39.1,93.6,20,15.0,91,226,0.013,11.8,0.81,0,0,0,0.0183,Low,0
SYN-03560,41,0,58,118,72,37.0,98.3,14,33.1,102,204,0.512,3.1,0.84,0,0,0,0.9925,High,1
SYN-06231,54,1,78,155,86,36.1,97.0,18,32.7,84,234,0.002,2.5,1.53,1,0,1,0.5404,Moderate,1
SYN-06260,38,0,84,145,91,37.0,98.0,13,23.9,100,255,0.005,0.9,1.35,1,0,0,0.046,Low,0
SYN-04294,75,0,65,149,76,36.6,97.5,16,27.5,190,272,0.61,0.8,1.06,1,1,1,1.0,High,1
SYN-05361,46,0,103,122,79,37.1,98.2,18,15.0,105,177,0.001,0.7,0.77,0,0,0,0.0112,Low,0
SYN-07457,78,1,78,176,93,36.8,95.8,15,35.9,103,244,0.001,0.9,1.28,1,0,0,0.5529,Moderate,1
SYN-05927,52,1,69,116,69,36.7,97.0,18,19.3,145,244,0.015,3.5,1.23,0,1,1,0.1859,Low,0
SYN-04088,27,0,74,124,69,36.9,98.3,16,28.8,83,220,0.004,0.5,0.86,0,0,0,0.0057,Low,0
SYN-02154,37,0,60,141,76,37.0,99.0,16,22.9,101,240,0.002,0.2,1.03,0,0,1,0.0232,Low,0
SYN-09017,48,1,82,118,71,36.8,98.4,11,27.3,90,169,1.726,1.3,1.26,0,0,0,1.0,High,1
SYN-06877,40,0,80,131,86,37.4,98.6,19,28.3,105,257,0.011,2.7,1.2,1,1,0,0.1109,Low,0
SYN-02552,52,1,71,135,76,37.0,97.5,18,34.8,128,199,0.01,4.2,1.62,1,1,0,0.2954,Low,0
SYN-03399,24,0,75,117,64,36.8,97.3,17,32.0,82,166,0.004,4.5,0.83,1,0,1,0.0407,Low,0
SYN-01854,65,1,112,163,82,36.8,98.9,18,32.8,96,211,1.454,4.4,1.71,1,0,1,1.0,High,1
SYN-03065,49,1,70,119,65,36.8,97.7,13,25.9,86,181,0.007,0.6,1.3,0,0,0,0.0162,Low,0
SYN-05021,42,1,74,111,63,37.3,98.6,18,28.4,99,188,0.001,0.2,1.53,0,0,1,0.0274,Low,0
SYN-02356,19,0,92,110,63,36.4,99.0,17,35.0,110,178,0.009,0.7,0.92,0,0,0,0.0059,Low,0
SYN-07801,63,1,88,134,69,36.9,99.0,15,28.3,97,238,0.001,0.5,1.51,0,1,0,0.125,Low,0
SYN-00972,52,1,66,114,68,36.4,98.4,14,26.7,98,186,0.009,3.4,1.29,0,0,0,0.0208,Low,0
SYN-03980,66,1,79,149,82,37.1,99.4,19,37.0,101,326,0.001,1.8,1.45,1,0,0,0.3328,Moderate,0
SYN-03846,18,0,82,113,77,38.3,98.8,16,27.3,123,245,0.692,10.5,0.97,0,0,0,0.9972,High,1
SYN-05517,55,1,62,130,77,37.2,99.4,17,34.2,83,222,0.017,2.2,1.1,0,0,0,0.0572,Low,0
SYN-05309,76,1,79,140,79,36.4,93.6,24,24.3,148,214,0.005,1.6,1.43,1,1,0,0.6406,Moderate,1
SYN-00270,54,0,71,149,80,37.1,97.9,16,33.4,94,269,0.012,2.4,1.25,1,0,0,0.171,Low,0
SYN-06860,62,1,65,124,67,36.3,97.6,17,29.8,69,219,0.018,0.8,1.45,0,0,1,0.1478,Low,0
SYN-00542,41,1,78,138,78,37.2,99.1,13,25.3,92,174,0.001,1.6,1.17,1,0,0,0.0236,Low,0
SYN-03540,41,0,91,118,56,36.7,98.7,18,26.7,99,233,0.013,1.7,0.85,0,0,1,0.0439,Low,0
SYN-04237,57,1,69,125,72,37.3,98.9,15,20.0,76,203,0.006,0.8,1.4,0,0,0,0.0225,Low,0
SYN-06781,72,0,76,148,89,36.1,95.4,13,32.3,115,199,0.006,0.7,1.38,0,0,0,0.1688,Low,0
SYN-08525,79,1,99,149,76,36.1,98.2,14,31.8,187,271,0.015,0.9,1.15,1,1,0,0.7873,High,1
SYN-03945,74,1,91,148,88,36.5,97.7,16,29.7,199,224,0.012,0.5,1.18,0,1,0,0.5634,Moderate,1
SYN-05137,61,0,78,163,94,36.6,99.3,15,26.4,76,251,0.005,2.8,1.47,1,0,0,0.1726,Low,0
SYN-05310,65,0,87,139,75,36.6,97.2,18,29.3,93,214,0.002,1.1,1.26,1,0,1,0.4475,Moderate,0
SYN-09854,63,1,61,149,92,36.6,99.0,17,32.7,125,233,0.011,1.3,1.54,1,1,0,0.3989,Moderate,0
SYN-09795,53,0,56,114,72,36.2,98.0,17,26.6,75,209,0.001,0.4,1.2,0,0,0,0.0103,Low,0
SYN-00977,72,0,103,131,75,37.1,99.9,15,30.2,92,195,0.842,3.3,1.12,0,1,0,0.9999,High,1
SYN-09450,40,1,47,126,90,36.8,96.7,17,28.4,103,227,0.011,2.7,1.06,0,0,1,0.0435,Low,0
SYN-01925,53,1,57,114,67,37.3,98.4,19,26.5,123,175,0.022,0.2,0.88,0,1,1,0.1176,Low,0
SYN-03766,73,1,73,154,76,36.1,97.9,16,34.5,87,263,0.007,0.9,1.62,1,0,0,0.3891,Moderate,0
SYN-08041,46,1,91,138,80,36.5,99.5,11,39.7,80,211,0.001,0.8,1.35,1,1,0,0.0989,Low,0
SYN-07095,59,1,77,140,78,36.9,98.9,12,25.6,112,157,0.004,0.2,1.49,1,0,1,0.2868,Low,0
SYN-07490,51,1,80,129,81,36.7,99.0,16,27.7,93,250,0.006,0.5,1.57,0,0,0,0.0463,Low,0
SYN-04011,60,1,67,140,85,37.6,98.9,15,29.2,221,205,0.013,0.2,1.03,0,1,0,0.2475,Low,0
SYN-09123,44,1,94,149,86,36.7,98.6,17,25.4,100,223,0.004,0.2,1.43,1,0,0,0.095,Low,0
SYN-03646,30,1,71,137,59,37.0,98.5,15,20.7,83,237,0.002,2.3,1.46,1,0,0,0.0198,Low,0
SYN-01336,84,0,61,121,65,36.6,98.1,19,35.7,163,228,0.001,3.3,1.29,0,1,0,0.282,Low,0
SYN-06427,69,1,69,151,81,35.9,100.0,15,34.3,98,243,0.006,1.0,1.86,1,0,1,0.6651,High,1
SYN-02313,76,0,91,159,86,37.1,98.3,16,23.9,95,211,0.004,2.7,1.34,1,0,0,0.2913,Low,0
SYN-06671,51,1,74,111,67,36.2,100.0,13,28.7,100,193,2.667,0.3,0.91,0,0,0,1.0,High,1
SYN-08459,36,0,77,117,64,37.2,99.2,16,30.3,86,245,0.015,2.2,0.89,0,0,1,0.0293,Low,0
SYN-06405,51,1,57,153,87,36.9,98.3,21,33.6,166,176,0.01,1.0,1.38,1,1,0,0.3455,Moderate,0
SYN-01841,45,0,86,137,88,36.1,98.8,19,30.0,92,190,0.003,3.2,1.1,1,0,0,0.0504,Low,0
SYN-06130,51,1,110,133,83,40.5,98.5,18,30.2,167,203,0.01,11.8,1.23,0,1,0,0.304,Moderate,0
SYN-08815,82,1,60,129,64,36.4,100.0,18,28.4,187,245,0.008,0.6,1.4,0,1,0,0.3599,Moderate,0
SYN-08294,57,1,86,110,58,36.4,96.5,16,30.8,81,203,0.018,0.7,1.0,0,0,1,0.0968,Low,0
SYN-00916,73,0,72,174,99,37.1,96.5,18,22.6,107,235,0.003,1.3,1.13,1,0,0,0.3323,Moderate,0
SYN-05267,30,0,78,139,69,36.4,98.4,19,34.0,214,231,0.006,1.8,1.04,1,1,0,0.153,Low,0
SYN-05120,64,0,85,140,76,36.9,99.0,17,31.6,172,284,0.003,1.2,1.6,1,1,0,0.4453,Moderate,0
SYN-00176,57,1,64,125,81,36.4,99.0,12,29.1,84,211,0.002,3.6,1.1,0,0,0,0.0203,Low,0
SYN-00730,36,0,85,114,66,36.3,98.2,18,22.1,94,235,0.003,1.8,1.09,0,0,0,0.0091,Low,0
SYN-00625,62,0,88,146,85,36.9,97.3,19,31.4,72,283,0.001,0.8,1.4,0,0,0,0.1166,Low,0
SYN-03460,66,1,86,159,95,37.0,99.2,11,22.0,184,209,1.985,0.2,1.33,1,1,0,1.0,High,1
SYN-06581,23,0,72,126,68,36.5,97.8,15,31.2,94,200,0.005,1.6,1.04,1,0,0,0.0112,Low,0
SYN-08773,51,0,72,159,90,38.2,96.5,16,29.0,169,197,0.002,23.1,1.1,1,1,1,0.7879,High,1
SYN-03083,58,1,87,151,89,36.2,97.3,19,29.6,246,196,0.001,0.2,1.45,0,1,0,0.4232,Moderate,0
SYN-09188,44,0,77,126,72,36.0,99.2,18,20.9,84,254,0.015,0.2,1.03,0,0,0,0.0214,Low,0
SYN-00587,35,0,83,101,71,37.2,99.7,12,31.4,200,172,0.422,0.8,1.08,0,1,0,0.9916,High,1
SYN-07657,36,1,75,113,73,36.5,97.8,19,22.3,95,234,0.028,0.2,1.33,0,0,0,0.031,Low,0
SYN-07781,58,1,90,157,87,39.2,94.4,22,30.8,144,209,0.007,8.4,1.46,1,1,1,0.9143,High,1
SYN-09526,69,0,79,137,73,38.3,92.7,20,29.0,75,176,0.006,22.1,1.13,0,0,0,0.2266,Low,0
SYN-09932,64,0,87,151,95,36.7,98.7,15,32.1,101,211,0.017,0.9,1.51,1,0,0,0.2966,Low,0
SYN-02623,79,1,73,151,86,36.4,96.7,13,31.0,149,249,0.002,1.3,1.56,1,1,0,0.5861,Moderate,1
SYN-08777,64,1,97,148,85,37.2,99.3,13,29.8,68,238,0.001,0.9,1.37,0,0,0,0.0856,Low,0
SYN-05008,61,0,97,140,74,36.1,98.7,18,29.6,71,220,0.002,1.1,1.35,1,0,0,0.1153,Low,0
SYN-02165,64,1,87,119,67,36.4,97.0,16,26.1,197,248,0.001,0.2,1.11,0,1,1,0.2995,Low,0
SYN-02066,51,1,89,126,75,37.2,97.3,16,21.9,90,207,0.057,1.3,1.31,0,0,0,0.4098,Moderate,0
SYN-07808,60,0,91,144,82,36.9,98.8,17,36.6,89,208,0.001,1.1,0.99,1,0,0,0.1125,Low,0
SYN-02692,37,1,78,117,65,36.6,97.0,15,21.2,80,202,0.005,0.4,1.05,0,0,0,0.0082,Low,0
SYN-08432,57,1,67,122,57,36.7,98.3,19,32.1,96,258,0.007,4.3,1.47,1,0,0,0.1161,Low,0
SYN-08033,63,1,75,121,75,37.0,98.3,10,25.5,85,186,0.001,1.3,1.27,0,0,0,0.021,Low,0
SYN-08128,75,0,88,180,97,36.3,97.6,13,30.4,104,267,0.001,1.0,1.7,1,0,0,0.5157,Moderate,1
SYN-02840,55,1,86,114,65,37.0,99.4,18,33.4,274,230,0.018,2.6,1.2,0,1,0,0.3585,Moderate,0
SYN-07807,34,1,88,140,84,36.7,95.8,16,34.0,110,233,0.014,0.6,1.33,0,1,1,0.2275,Low,0
SYN-03996,43,1,90,158,90,37.0,97.9,21,37.6,175,239,0.003,4.9,1.29,1,1,0,0.478,Moderate,0
SYN-06422,64,0,69,139,75,36.8,98.4,20,27.3,88,205,0.004,1.2,1.01,0,0,0,0.0526,Low,0
SYN-03026,54,0,82,129,65,37.2,100.0,14,35.2,97,226,0.004,1.8,1.14,0,0,0,0.0333,Low,0
SYN-02225,36,0,89,128,68,36.8,99.3,19,20.0,78,236,0.032,0.4,1.28,0,0,0,0.0384,Low,0
SYN-06328,47,1,70,125,78,36.8,98.8,17,26.5,107,218,0.007,1.3,1.09,0,0,0,0.0244,Low,0
SYN-04416,40,0,73,133,82,36.4,99.5,15,22.2,118,203,0.003,0.2,1.27,1,0,0,0.0225,Low,0
SYN-09636,54,0,78,138,66,38.8,88.3,25,29.1,78,194,0.014,29.3,1.28,1,0,1,0.8549,High,1
SYN-00438,37,0,78,100,51,37.2,98.0,17,26.4,75,223,0.002,0.3,1.18,0,0,0,0.0051,Low,0
SYN-09714,51,1,75,129,74,36.6,99.9,13,30.8,80,235,0.009,1.0,1.33,0,0,0,0.032,Low,0
SYN-01822,66,0,72,154,85,36.5,98.6,14,21.5,98,202,0.003,3.0,1.34,1,0,0,0.1157,Low,0
SYN-07151,47,1,87,118,72,38.2,96.9,18,31.3,87,205,0.008,9.0,1.45,1,0,0,0.0898,Low,0
SYN-05786,82,0,88,167,97,36.8,95.6,11,22.4,79,242,0.004,2.1,1.21,1,0,0,0.3492,Moderate,0
SYN-05698,48,1,75,107,65,36.6,98.8,16,23.9,94,207,0.001,0.3,1.15,0,0,0,0.0095,Low,0
SYN-04405,53,1,97,149,95,36.8,99.0,15,34.0,170,227,1.816,2.2,1.54,1,1,1,1.0,High,1
SYN-03843,59,1,87,141,75,36.5,96.9,14,26.9,65,166,0.028,0.5,1.63,1,0,1,0.5918,Moderate,1
SYN-03442,55,0,86,162,82,36.3,99.3,14,34.3,102,211,0.004,5.6,1.54,1,0,0,0.2026,Low,0
SYN-07632,24,0,57,108,62,36.0,97.1,16,26.5,116,240,0.004,0.2,1.04,0,0,1,0.0084,Low,0
SYN-07991,56,1,67,124,77,36.7,99.2,18,25.2,78,186,0.015,2.0,1.02,0,0,0,0.0318,Low,0
SYN-02127,89,1,82,146,75,37.1,98.8,18,30.1,184,325,0.001,0.9,2.02,1,1,0,0.8399,High,1
SYN-05453,82,0,97,132,65,36.7,98.0,18,31.8,79,199,0.007,1.7,1.35,0,0,0,0.1838,Low,0
SYN-05169,70,1,80,153,90,36.8,98.4,18,28.2,174,256,0.001,4.8,1.88,1,1,0,0.655,High,1
SYN-02937,26,0,68,110,67,36.5,98.5,11,23.7,81,207,0.034,0.6,0.91,0,0,0,0.0068,Low,0
SYN-04700,54,1,74,156,77,36.7,96.6,15,31.1,133,222,0.007,1.0,1.44,1,1,1,0.7321,High,1
SYN-03496,53,0,77,146,74,36.5,99.1,16,41.0,171,247,0.002,2.5,1.26,0,1,0,0.2097,Low,0
SYN-08793,70,1,81,149,92,36.8,96.4,13,31.7,74,219,0.007,2.7,1.82,0,0,0,0.2045,Low,0
SYN-05608,56,0,59,156,100,36.6,98.2,17,28.9,93,211,0.002,0.5,1.07,1,0,1,0.2928,Low,0
SYN-06353,87,0,74,143,79,36.7,96.9,19,33.3,96,258,0.006,2.3,1.45,1,0,0,0.4684,Moderate,0
SYN-00441,51,0,71,118,74,36.9,98.4,19,26.0,114,192,0.303,1.1,1.25,0,0,0,0.9776,High,1
SYN-04178,59,1,72,140,75,36.5,99.1,14,24.6,90,176,0.006,3.0,1.26,0,0,0,0.0418,Low,0
SYN-09988,59,0,76,140,79,37.1,97.2,19,25.8,82,231,0.006,0.7,1.44,1,0,0,0.1173,Low,0
SYN-05854,31,1,57,97,59,36.9,98.6,15,25.6,84,247,0.01,1.9,1.08,0,0,0,0.0044,Low,0
SYN-09200,37,1,102,131,76,36.6,97.9,16,39.3,94,228,0.016,1.0,1.28,0,0,0,0.0707,Low,0
SYN-03798,37,0,78,127,65,36.3,94.7,18,31.4,89,276,0.005,5.1,0.99,0,0,1,0.063,Low,0
SYN-09388,43,0,66,135,69,36.9,97.2,15,35.6,211,214,0.003,2.8,0.88,0,1,0,0.09,Low,0
SYN-09133,47,1,48,114,73,37.2,94.8,25,22.8,106,177,0.003,0.2,1.29,0,0,1,0.041,Low,0
SYN-08601,60,1,79,158,97,36.5,98.8,16,28.4,181,220,0.001,1.2,1.17,1,1,0,0.3749,Moderate,0
SYN-07488,69,1,70,125,76,36.8,99.6,16,35.3,152,274,0.004,0.6,1.6,0,1,0,0.2371,Low,0
SYN-04922,67,0,82,156,84,36.7,99.0,22,31.1,200,237,0.026,0.9,1.17,1,1,0,0.7839,High,1
SYN-07473,44,0,81,126,76,36.2,97.7,14,34.1,103,177,0.001,0.6,1.55,1,0,0,0.0371,Low,0
SYN-00406,50,1,69,146,79,37.0,98.6,13,35.7,190,218,0.02,0.9,1.3,0,1,1,0.4568,Moderate,0
SYN-07880,66,1,68,132,71,36.4,97.7,15,29.9,182,216,0.017,1.7,1.33,0,1,0,0.3184,Moderate,0
SYN-05076,55,1,74,139,84,36.6,96.8,11,29.9,145,189,0.006,0.3,1.65,1,1,1,0.5798,Moderate,1
SYN-01258,53,1,85,124,82,37.1,97.5,14,24.0,135,205,0.002,0.7,1.25,0,1,1,0.1217,Low,0
SYN-04897,64,0,89,155,80,37.0,98.8,15,34.2,99,227,0.005,0.9,1.32,1,0,0,0.2222,Low,0
SYN-04122,66,0,80,154,89,36.6,100.0,17,35.9,79,241,0.009,1.7,1.48,1,0,0,0.2573,Low,0
SYN-03206,49,1,78,149,84,37.2,98.0,21,28.5,175,225,0.001,1.0,1.53,0,1,0,0.2192,Low,0
SYN-00167,69,0,67,154,87,36.7,97.8,17,25.6,90,214,0.01,5.7,1.45,1,0,0,0.2469,Low,0
SYN-06110,42,1,57,121,90,36.2,100.0,19,22.3,88,184,0.002,1.6,1.08,0,0,0,0.0075,Low,0
SYN-04734,18,1,74,135,82,36.2,97.7,15,26.6,100,190,0.002,1.6,0.86,1,0,1,0.0456,Low,0
SYN-07441,40,0,71,122,72,36.7,97.4,20,18.8,99,211,0.003,2.4,0.78,0,0,0,0.0094,Low,0
SYN-08883,38,0,81,130,77,36.1,96.8,17,31.7,97,186,0.002,1.4,1.25,0,0,0,0.0193,Low,0
SYN-06733,49,1,81,119,72,36.9,98.5,20,25.1,99,183,0.001,1.1,0.96,0,0,1,0.0363,Low,0
SYN-06105,59,1,74,137,85,37.0,98.1,16,40.3,86,221,0.001,0.6,1.27,1,0,0,0.1141,Low,0
SYN-00467,49,0,61,133,74,36.3,98.0,14,20.5,88,177,0.008,0.2,1.35,1,0,0,0.0271,Low,0
SYN-02801,50,1,82,118,65,37.2,97.4,14,22.5,86,204,0.001,2.4,1.31,0,0,1,0.0353,Low,0
SYN-06914,88,1,74,160,87,37.0,97.8,17,28.4,68,225,0.003,1.7,1.32,1,0,0,0.4029,Moderate,0
SYN-09631,66,0,85,124,74,36.2,100.0,14,25.8,82,249,0.028,0.6,1.35,0,0,0,0.1004,Low,0
SYN-04286,81,0,91,136,78,36.4,96.1,14,17.0,91,196,0.001,1.1,1.26,0,0,0,0.0874,Low,0
SYN-02602,77,1,69,168,86,36.7,98.9,19,30.1,163,213,0.014,2.0,1.72,1,1,0,0.8015,High,1
SYN-09051,33,1,71,122,73,36.4,98.3,16,24.0,75,231,0.004,1.2,1.18,0,0,0,0.0084,Low,0
SYN-06411,82,0,55,134,84,36.4,90.5,16,28.0,187,233,0.008,0.8,1.39,0,1,1,0.688,High,1
SYN-06056,64,1,66,147,81,37.2,100.0,14,25.1,180,142,0.001,3.3,1.39,1,1,0,0.2191,Low,0
SYN-01973,56,1,93,119,73,38.4,96.2,16,22.8,94,236,0.006,24.5,1.19,0,0,0,0.1021,Low,0
SYN-09161,42,1,82,138,68,36.8,97.9,14,29.6,70,169,0.001,2.7,1.63,1,0,0,0.0409,Low,0
SYN-00748,62,1,100,152,90,36.7,99.4,17,32.9,257,195,0.027,1.0,1.34,1,1,0,0.8309,High,1
SYN-06385,62,0,79,150,89,36.9,97.9,16,24.9,144,219,0.006,0.3,1.15,1,1,0,0.2734,Low,0
SYN-06703,33,0,64,100,60,37.3,94.1,22,19.6,84,204,0.017,1.5,1.18,0,0,1,0.0218,Low,0
SYN-05312,37,1,80,118,76,38.7,95.2,20,25.9,80,214,0.001,21.6,1.25,0,0,1,0.0703,Low,0
SYN-01537,66,1,56,112,69,37.2,97.0,19,23.7,101,232,0.011,0.3,1.39,0,0,1,0.106,Low,0
SYN-03477,20,1,77,112,76,36.7,96.9,15,23.6,103,190,0.007,4.4,1.14,0,0,0,0.0056,Low,0
SYN-09348,54,1,102,152,95,38.7,95.1,18,29.9,108,227,0.006,8.2,1.46,1,1,1,0.8376,High,1
SYN-02087,52,1,77,143,94,36.2,98.1,18,25.9,94,209,0.019,0.2,1.21,1,0,0,0.1422,Low,0
SYN-04355,38,0,83,126,74,36.8,98.7,14,28.7,86,227,0.002,1.5,1.13,0,0,1,0.024,Low,0
SYN-01674,61,0,78,139,84,36.7,98.1,17,28.1,170,228,0.018,1.9,1.23,0,1,1,0.4686,Moderate,0
SYN-00264,45,0,76,150,86,36.8,98.7,15,26.6,196,254,0.014,4.2,1.16,1,1,0,0.3102,Moderate,0
SYN-09324,46,0,78,124,69,37.3,98.3,10,25.3,90,233,0.009,0.3,1.2,0,0,0,0.0155,Low,0
SYN-00927,51,1,67,102,54,37.0,99.8,12,24.7,90,185,0.002,1.2,1.22,0,0,0,0.0064,Low,0
SYN-02959,57,1,88,110,68,36.9,98.3,16,29.2,105,229,0.049,0.7,1.4,0,0,1,0.5855,Moderate,1
SYN-08850,78,1,78,125,74,36.9,93.7,21,20.2,95,235,0.003,0.3,1.31,0,0,0,0.1425,Low,0
SYN-02876,18,1,50,131,87,36.9,99.5,18,33.7,93,193,0.286,1.1,0.85,0,0,0,0.8806,High,1
SYN-04113,44,1,66,102,62,36.6,96.2,19,24.1,101,209,0.001,0.4,0.98,0,0,0,0.0088,Low,0
SYN-04893,36,0,66,113,71,36.7,98.4,16,33.7,102,265,0.001,1.0,0.79,0,0,0,0.0077,Low,0
SYN-04615,45,1,85,137,86,36.1,98.3,14,34.1,111,250,0.005,0.5,1.38,1,0,1,0.3339,Moderate,0
SYN-04338,46,1,98,122,74,37.0,96.3,20,34.7,83,223,0.007,5.5,1.53,0,0,0,0.0806,Low,0
SYN-09888,77,1,60,132,56,36.2,99.3,20,26.0,76,265,0.002,2.9,1.44,0,0,0,0.1004,Low,0
SYN-04756,44,0,79,125,75,36.7,98.1,13,30.6,311,214,0.002,2.9,1.37,0,1,1,0.2893,Low,0
SYN-03050,77,1,91,122,74,36.9,99.0,18,17.9,111,206,0.014,2.7,1.3,0,0,0,0.1308,Low,0
SYN-01908,56,0,76,147,78,36.3,97.8,13,35.2,83,268,0.602,3.4,1.26,1,0,1,0.9999,High,1
SYN-04512,51,0,106,138,81,39.5,96.1,16,27.3,80,244,0.024,28.0,1.31,1,0,0,0.4376,Moderate,0
SYN-04382,59,1,80,125,73,36.8,97.7,17,24.9,173,233,0.763,0.2,1.34,0,1,0,0.9999,High,1
SYN-09857,28,0,74,143,73,36.9,98.9,16,31.6,106,248,0.847,1.5,1.13,0,0,0,0.9995,High,1
SYN-06403,54,0,83,143,70,37.1,98.8,19,32.8,235,232,0.008,0.6,1.3,1,1,0,0.4654,Moderate,0
SYN-00819,58,0,91,164,83,36.9,97.2,19,29.8,168,235,0.001,5.7,1.06,1,1,1,0.8304,High,1
SYN-01406,65,0,75,123,73,36.4,97.9,19,32.1,109,259,0.003,0.6,1.19,0,1,1,0.2207,Low,0
SYN-02257,59,1,87,151,85,37.1,96.8,15,29.7,175,269,0.004,3.2,1.44,1,1,1,0.844,High,1
SYN-09848,51,0,90,130,78,39.0,97.6,15,20.8,108,221,0.002,27.5,1.02,0,0,0,0.0628,Low,0
SYN-05825,24,0,82,139,72,37.4,98.4,12,33.4,88,192,0.002,1.1,1.22,1,0,0,0.015,Low,0
SYN-03093,69,0,82,116,66,37.6,72.0,33,18.2,100,185,0.014,11.4,1.4,0,0,1,0.8371,High,1
SYN-01397,64,0,63,148,81,36.9,98.4,18,29.5,131,210,0.009,2.3,1.54,1,1,0,0.3461,Moderate,0
SYN-03199,70,1,69,115,74,36.6,98.0,16,26.9,110,160,0.008,1.7,1.35,0,0,0,0.0526,Low,0
SYN-01630,71,0,85,163,92,37.9,95.9,19,28.8,85,217,0.015,9.3,1.31,1,0,0,0.5325,Moderate,1
SYN-08877,58,1,77,159,83,37.2,97.6,20,33.7,74,200,0.005,1.2,1.5,1,0,0,0.2282,Low,0
SYN-08597,54,0,80,151,80,36.3,94.0,15,34.1,222,242,0.002,1.2,1.45,1,1,1,0.846,High,1
SYN-07950,74,0,78,128,72,36.8,97.9,17,28.1,79,200,0.632,1.1,1.26,0,0,0,0.9996,High,1
SYN-08336,53,1,65,156,78,37.1,98.2,17,40.2,101,215,0.001,1.0,1.7,1,0,0,0.1839,Low,0
SYN-00024,52,1,71,114,64,37.2,98.3,20,28.9,78,244,0.001,3.2,1.2,0,0,1,0.0488,Low,0
SYN-08205,74,1,92,143,81,36.3,92.8,24,23.9,94,238,0.013,0.5,1.53,0,0,1,0.6151,Moderate,1
SYN-07253,39,0,76,167,83,36.0,99.4,14,40.5,221,214,0.007,2.2,0.9,1,1,0,0.3236,Moderate,0
SYN-00010,40,1,84,98,60,37.4,97.5,12,25.1,107,237,0.002,3.6,0.96,0,0,0,0.0074,Low,0
SYN-03604,77,1,90,117,73,37.0,97.2,14,16.8,91,167,0.012,0.2,1.46,0,0,0,0.0739,Low,0
SYN-04256,70,1,89,162,89,35.9,98.8,12,29.0,83,200,0.007,4.5,1.29,1,0,0,0.2725,Low,0
SYN-05320,58,0,79,128,78,36.7,97.5,12,28.7,106,195,0.001,0.6,1.51,0,0,0,0.0336,Low,0
SYN-04887,58,1,68,129,75,37.0,97.1,15,24.9,100,270,0.001,1.8,1.39,0,0,1,0.0931,Low,0
SYN-05363,85,1,72,167,85,36.9,98.8,17,29.2,266,270,0.004,0.7,1.63,1,1,0,0.8951,High,1
SYN-07866,53,1,67,148,84,36.6,99.3,17,28.1,73,277,0.007,0.3,1.66,1,0,0,0.1231,Low,0
SYN-07824,79,1,79,158,90,35.7,98.3,19,17.9,74,197,0.001,0.9,1.5,1,0,0,0.2394,Low,0
SYN-09991,61,0,82,170,93,36.9,98.6,10,26.7,73,212,0.005,1.9,1.57,1,0,0,0.1599,Low,0
SYN-07558,78,1,66,142,78,37.2,97.6,15,28.2,88,287,0.016,1.4,1.53,1,0,0,0.3865,Moderate,0
SYN-07278,50,1,89,145,80,37.2,94.2,17,27.9,93,211,0.004,0.2,1.4,1,0,1,0.453,Moderate,0
SYN-01429,64,1,86,137,77,36.7,99.3,15,32.2,95,218,0.006,5.3,1.28,0,0,1,0.1946,Low,0
SYN-07786,88,0,90,151,85,37.7,92.9,22,33.5,123,285,0.001,22.2,1.36,1,1,0,0.9109,High,1
SYN-02026,30,0,68,108,69,36.9,98.8,16,36.9,149,218,0.028,2.7,1.11,0,1,1,0.0982,Low,0
SYN-01000,67,0,70,163,99,36.7,99.4,18,33.5,166,213,0.015,1.6,1.71,1,1,0,0.6686,High,1
SYN-06698,47,1,59,134,84,36.8,99.8,16,28.0,111,253,1.118,5.0,1.64,1,0,0,1.0,High,1
SYN-03891,35,0,100,150,80,37.2,98.7,16,24.7,82,212,0.008,4.8,1.06,1,0,0,0.053,Low,0
SYN-06259,36,0,77,126,77,37.1,97.1,16,23.9,73,175,0.003,0.2,0.88,0,0,1,0.0138,Low,0
SYN-09322,24,1,70,122,72,37.0,99.7,19,22.6,92,241,0.007,0.8,1.49,0,0,0,0.009,Low,0
SYN-00535,29,0,75,122,67,37.0,96.3,19,37.8,65,175,0.005,0.6,1.14,0,0,1,0.0222,Low,0
SYN-02000,89,1,87,154,89,36.5,97.9,17,34.0,79,211,0.003,1.2,1.51,1,0,0,0.5004,Moderate,1
SYN-01540,78,0,81,149,82,36.9,97.8,17,27.1,86,278,0.003,1.7,1.33,1,0,1,0.6661,High,1
SYN-02464,35,0,79,121,76,36.4,97.2,20,29.1,109,196,0.004,5.8,0.98,0,0,1,0.0344,Low,0
SYN-09105,41,0,60,108,60,36.1,98.5,16,28.0,80,194,0.012,0.9,1.38,0,0,0,0.0094,Low,0
SYN-04364,44,1,58,151,83,36.6,98.8,16,27.9,80,215,0.001,1.8,1.2,1,0,0,0.0413,Low,0
SYN-01989,41,0,77,117,64,36.7,97.2,20,31.4,89,216,0.007,1.0,1.21,0,0,0,0.0208,Low,0
SYN-00656,59,1,71,149,90,37.1,99.9,18,25.8,195,198,0.007,1.0,1.35,1,1,0,0.3536,Moderate,0
SYN-06129,75,0,74,186,97,37.4,96.7,18,31.5,205,260,0.001,2.9,1.22,1,1,0,0.8263,High,1
SYN-02722,75,1,88,125,78,37.4,98.4,17,29.6,97,212,0.001,3.1,1.35,0,0,1,0.197,Low,0
SYN-07765,77,0,74,164,91,36.4,96.9,17,31.7,149,259,0.72,0.6,1.44,1,1,0,1.0,High,1
SYN-05022,71,1,93,170,99,36.5,98.6,14,41.6,92,257,0.005,1.7,1.88,1,0,0,0.5996,Moderate,1
SYN-05199,44,0,65,126,78,36.8,97.6,14,30.2,95,191,0.007,2.3,1.29,0,0,1,0.0371,Low,0
SYN-02180,48,0,72,149,85,36.4,98.0,19,36.4,75,182,0.002,4.6,1.26,1,0,0,0.0808,Low,0
SYN-03473,72,1,74,147,74,36.5,98.2,14,31.0,115,211,0.001,0.5,1.5,1,0,0,0.2155,Low,0
SYN-04991,29,0,71,126,70,37.0,97.9,17,28.8,86,229,0.003,0.6,0.76,1,0,0,0.0114,Low,0
SYN-02982,79,1,82,135,87,37.2,97.2,14,31.2,164,220,0.609,1.3,1.35,0,1,0,0.9999,High,1
SYN-08435,59,0,62,127,72,37.2,98.9,13,30.7,81,300,0.003,1.2,1.24,0,0,0,0.031,Low,0
SYN-03047,62,1,65,149,90,36.7,96.6,16,28.7,94,224,0.002,2.7,1.58,1,0,1,0.5068,Moderate,1
SYN-05983,51,0,54,129,70,37.1,98.3,16,18.8,77,220,0.001,0.3,1.16,0,0,0,0.01,Low,0
SYN-09722,41,0,86,128,64,36.5,100.0,15,24.8,75,199,0.004,0.7,0.98,0,0,0,0.0094,Low,0
SYN-06906,66,1,79,118,73,36.7,97.9,17,33.9,95,255,0.001,5.1,1.3,0,0,0,0.0763,Low,0
SYN-01817,65,1,92,127,82,36.8,97.2,18,33.3,131,233,0.517,0.6,1.3,0,1,1,0.9999,High,1
SYN-04627,45,1,72,149,83,36.7,94.9,20,20.4,89,197,0.005,1.2,1.54,1,0,1,0.3467,Moderate,0
SYN-09587,71,0,98,154,83,38.4,97.9,12,30.8,78,211,0.015,9.2,1.12,1,0,0,0.3455,Moderate,0
SYN-06043,32,1,80,110,64,36.2,95.6,17,30.5,90,132,0.002,1.1,1.15,0,0,1,0.016,Low,0
SYN-04284,47,1,87,145,89,36.5,98.4,14,31.3,105,207,0.002,1.2,1.43,1,0,0,0.0867,Low,0
SYN-04226,61,1,62,166,97,36.8,99.9,14,31.6,157,194,0.014,2.3,1.58,1,1,0,0.4985,Moderate,0
SYN-09770,24,1,56,100,69,36.9,99.0,18,31.7,85,198,0.004,2.2,1.15,0,0,0,0.0032,Low,0
SYN-08127,74,0,76,142,87,36.8,93.0,13,21.6,158,248,0.001,1.6,1.08,1,1,1,0.7462,High,1
SYN-05590,38,0,79,153,77,36.8,98.5,16,23.7,79,182,0.006,0.6,1.3,1,0,0,0.038,Low,0
SYN-00224,37,1,77,127,86,36.2,98.5,12,22.5,104,164,0.001,0.6,1.32,1,0,0,0.0147,Low,0
SYN-09240,57,1,68,150,99,36.6,97.0,17,31.0,97,144,0.001,0.9,1.53,1,0,1,0.3843,Moderate,0
SYN-03958,70,0,93,144,85,38.3,93.8,25,32.5,228,239,0.001,25.0,1.05,1,1,0,0.8775,High,1
SYN-07377,37,1,89,121,65,36.4,96.2,18,29.0,111,197,0.002,0.9,1.18,0,0,1,0.0446,Low,0
SYN-07639,47,1,90,115,72,39.3,96.7,22,30.2,92,258,0.008,9.5,1.35,0,0,0,0.076,Low,0
SYN-08059,78,0,59,141,88,36.7,97.0,12,26.6,92,253,0.005,0.3,1.47,0,0,0,0.1042,Low,0
SYN-02898,55,0,87,157,96,36.9,97.3,14,32.5,182,238,0.003,3.2,1.09,1,1,0,0.3894,Moderate,0
SYN-07170,83,1,72,151,78,36.3,98.4,12,26.1,94,235,0.002,0.4,1.4,0,0,0,0.1599,Low,0
SYN-05779,75,0,71,136,77,37.3,98.2,13,26.7,109,230,0.006,6.0,0.96,0,0,0,0.0888,Low,0
SYN-05223,76,0,81,141,80,36.8,97.6,15,23.2,99,229,0.012,0.3,0.8,0,0,0,0.1102,Low,0
SYN-01400,31,1,83,106,60,36.7,98.3,13,20.0,92,232,0.001,0.2,1.04,0,0,0,0.0038,Low,0
SYN-04040,51,0,95,114,68,36.8,97.9,15,20.5,164,191,0.003,4.1,0.92,0,1,1,0.0875,Low,0
SYN-02281,74,1,71,151,83,36.2,93.1,16,21.5,108,215,0.005,1.2,1.55,1,0,1,0.7175,High,1
SYN-08942,53,1,63,101,60,36.8,97.1,18,28.2,203,223,0.002,0.5,1.27,0,1,1,0.1274,Low,0
SYN-01468,32,0,87,134,77,37.2,96.8,21,26.2,88,209,0.002,0.6,1.01,1,0,1,0.121,Low,0
SYN-07499,46,0,62,113,74,36.5,98.4,17,26.4,91,178,0.014,2.7,0.94,0,0,0,0.0126,Low,0
SYN-08354,34,1,70,121,64,36.5,96.4,19,33.3,172,254,0.022,5.1,1.38,0,1,1,0.3032,Moderate,0
SYN-05411,66,0,80,159,76,37.2,99.2,14,39.1,152,224,0.004,4.2,1.53,1,1,0,0.5302,Moderate,1
SYN-03581,64,1,77,125,79,36.5,98.6,15,35.1,125,229,0.01,3.2,1.5,0,1,0,0.2061,Low,0
SYN-03349,63,0,84,126,72,36.4,98.5,11,29.8,84,259,0.01,3.5,0.82,0,0,0,0.0441,Low,0
SYN-00020,53,1,69,124,76,36.5,98.0,18,28.8,92,230,0.002,0.3,1.38,0,0,1,0.066,Low,0
SYN-05696,89,1,96,169,91,36.7,98.1,13,31.1,146,267,0.001,2.2,1.22,1,1,0,0.7911,High,1
SYN-09432,38,1,51,148,83,36.6,97.5,17,34.5,96,233,0.023,1.3,1.41,1,0,0,0.1266,Low,0
SYN-07731,49,1,71,118,68,37.0,98.3,18,29.8,87,177,0.005,0.2,1.24,0,0,1,0.0403,Low,0
SYN-00365,52,1,66,141,84,37.3,99.6,16,36.0,96,200,0.004,6.7,1.27,1,1,0,0.1548,Low,0
SYN-05898,81,0,105,127,75,36.5,96.3,18,29.8,99,276,0.001,4.0,1.19,0,0,0,0.2158,Low,0
SYN-00791,42,1,67,112,65,36.5,98.5,11,28.6,70,203,1.604,0.2,1.11,0,0,0,0.9999,High,1
SYN-07071,58,0,80,106,74,36.7,97.7,17,24.7,116,237,0.001,2.1,0.95,0,0,0,0.0198,Low,0
SYN-04056,60,1,68,134,76,36.2,98.5,22,32.1,161,255,0.001,1.3,1.43,0,1,0,0.2214,Low,0
SYN-04162,33,1,45,120,66,37.0,97.2,19,27.3,152,283,0.028,0.2,0.99,0,1,0,0.0711,Low,0
SYN-09864,62,1,72,125,81,36.7,99.7,11,32.1,105,259,0.001,1.9,1.43,0,0,0,0.0436,Low,0
SYN-02810,32,0,70,142,69,36.3,98.0,12,31.3,146,168,0.017,1.2,1.09,1,1,0,0.0824,Low,0
SYN-06175,81,0,95,123,66,36.6,98.5,12,33.3,198,235,0.001,1.0,1.26,0,1,0,0.3081,Moderate,0
SYN-08861,78,1,106,126,88,38.2,97.2,18,27.2,95,204,0.003,9.1,1.28,0,0,0,0.1965,Low,0
SYN-06696,37,1,87,137,73,36.5,98.6,15,31.4,207,198,0.007,0.9,1.43,1,1,0,0.1993,Low,0
SYN-04228,85,0,76,165,96,36.6,96.0,21,35.4,142,243,0.009,0.7,1.63,1,1,1,0.9676,High,1
SYN-08953,32,0,78,117,60,36.5,99.3,16,21.5,103,205,0.024,0.2,0.78,0,0,0,0.0105,Low,0
SYN-01095,44,0,81,120,67,36.3,98.5,18,36.9,103,204,0.018,0.6,1.29,0,0,0,0.0454,Low,0
SYN-05354,41,1,60,144,84,36.6,96.8,17,27.9,183,209,0.001,0.2,1.41,1,1,0,0.1511,Low,0
SYN-08761,77,1,83,138,90,37.0,97.6,18,32.1,190,215,0.001,2.8,1.24,1,1,0,0.566,Moderate,1
SYN-01909,46,0,65,148,81,36.6,97.6,16,27.0,81,242,0.003,0.2,1.45,1,0,0,0.0563,Low,0
SYN-02993,53,0,86,104,68,36.4,97.6,16,29.1,233,194,0.001,1.0,0.48,0,1,0,0.0489,Low,0
SYN-07560,60,1,64,130,69,36.9,98.2,15,30.9,92,205,0.012,1.0,1.67,1,0,0,0.1204,Low,0
SYN-05644,82,0,91,164,96,36.7,99.3,19,29.1,99,226,0.003,0.2,1.44,1,0,0,0.4473,Moderate,0
SYN-07694,66,0,107,136,88,38.5,98.2,15,26.6,83,233,0.004,34.8,1.25,1,0,1,0.7425,High,1
SYN-08612,46,1,84,143,80,36.4,96.2,16,27.8,244,200,0.001,2.4,1.35,1,1,1,0.7164,High,1
SYN-08607,83,0,72,120,84,36.5,97.8,16,19.2,86,260,0.004,0.2,1.04,0,0,0,0.0582,Low,0
SYN-06757,47,1,66,122,69,36.8,98.5,19,27.0,99,214,0.008,0.3,1.38,0,0,0,0.0276,Low,0
SYN-03339,37,0,83,143,77,36.3,98.2,18,32.4,213,208,0.003,0.9,1.31,1,1,1,0.5505,Moderate,1
SYN-02015,79,0,54,119,72,37.1,96.2,19,35.5,132,219,0.003,1.3,1.23,0,1,0,0.1897,Low,0
SYN-02394,59,1,70,124,75,36.8,98.4,20,26.0,84,201,0.003,0.2,1.47,0,0,0,0.0384,Low,0
SYN-02630,53,1,73,147,76,36.7,98.0,13,30.7,95,201,0.026,0.9,1.19,0,0,0,0.1107,Low,0
SYN-02017,54,1,69,148,84,37.0,97.3,22,26.5,72,214,0.833,0.7,1.55,1,0,0,0.9999,High,1
SYN-08988,18,1,90,143,79,36.5,100.0,18,45.1,159,196,0.001,1.6,1.34,1,1,0,0.0978,Low,0
SYN-04647,53,1,78,123,80,36.7,97.0,12,23.0,102,195,0.003,8.4,1.22,0,0,1,0.0578,Low,0
SYN-00468,85,1,87,138,77,36.8,98.4,20,22.0,93,211,0.001,2.0,1.51,0,0,0,0.193,Low,0
SYN-03106,55,1,78,142,85,36.1,98.2,18,27.1,210,213,0.008,0.3,1.23,1,1,0,0.3665,Moderate,0
SYN-01590,47,0,83,120,64,36.7,96.8,18,31.3,91,291,0.403,0.9,0.83,0,0,1,0.9972,High,1
SYN-08348,59,0,101,104,68,37.1,96.0,16,31.4,76,201,0.015,3.2,1.02,0,0,1,0.0944,Low,0
SYN-09529,57,0,107,150,93,36.5,98.5,16,34.3,71,261,0.007,2.0,1.27,1,0,0,0.2077,Low,0
SYN-01818,69,1,93,146,88,37.0,95.6,20,42.1,81,207,0.001,2.9,1.64,1,0,1,0.7841,High,1
SYN-07630,49,0,70,133,75,36.8,99.8,19,22.8,89,216,0.007,1.5,0.97,0,0,0,0.02,Low,0
SYN-00421,55,1,77,119,68,38.7,98.0,15,26.5,75,211,0.007,34.2,1.39,0,0,0,0.0942,Low,0
SYN-00112,58,0,79,153,79,36.1,95.9,15,26.3,86,229,0.03,2.9,1.07,1,0,0,0.2917,Low,0
SYN-04957,55,1,79,124,71,37.5,98.1,16,28.1,95,182,0.013,0.6,1.26,0,0,1,0.0913,Low,0
SYN-00614,61,1,75,158,86,36.5,98.6,12,19.9,96,195,0.004,0.2,1.56,1,0,0,0.1142,Low,0
SYN-06934,57,1,73,144,75,36.7,97.6,14,34.7,141,237,0.001,0.8,1.37,1,1,0,0.261,Low,0
SYN-00290,52,1,64,127,66,36.6,98.4,20,28.6,217,153,0.023,2.3,1.37,0,1,0,0.2476,Low,0
SYN-01492,54,1,85,131,82,36.0,100.0,19,26.6,100,203,0.026,0.8,1.43,0,0,0,0.1082,Low,0
SYN-04372,45,0,51,122,75,36.5,98.7,11,15.9,80,199,0.003,0.6,1.26,0,0,0,0.0045,Low,0
SYN-09082,50,1,93,121,70,39.1,98.4,19,22.8,92,187,0.002,9.8,1.36,0,0,0,0.0364,Low,0
SYN-07814,65,0,78,161,98,36.8,98.1,13,23.4,95,299,0.003,0.3,1.23,1,0,0,0.176,Low,0
SYN-04072,51,1,60,115,62,36.1,96.7,18,31.7,95,233,0.001,1.8,1.37,0,0,1,0.054,Low,0
SYN-05576,53,1,64,134,81,37.6,97.5,20,31.6,90,234,0.001,2.3,1.12,0,0,1,0.0886,Low,0
SYN-05701,50,1,81,142,65,36.8,98.4,17,34.8,63,259,0.013,0.9,1.46,1,1,0,0.2434,Low,0
SYN-03696,41,0,75,119,64,37.3,98.3,13,23.3,73,204,0.38,8.3,1.09,0,0,0,0.9765,High,1
SYN-01038,45,1,84,145,88,37.1,99.5,16,30.5,89,207,0.016,2.3,1.3,1,0,0,0.1125,Low,0
SYN-00762,64,0,83,135,85,36.5,97.2,15,31.3,78,255,0.019,1.3,1.12,0,0,1,0.2276,Low,0
SYN-06283,64,0,58,124,69,37.3,99.1,18,24.1,91,221,0.006,0.9,1.43,0,0,0,0.0348,Low,0
SYN-01350,52,1,76,146,81,36.5,97.4,17,33.7,113,257,0.028,1.3,1.51,0,0,1,0.4225,Moderate,0
SYN-00865,43,1,54,128,81,37.1,99.0,14,26.7,94,226,0.015,0.5,1.6,1,0,0,0.0441,Low,0
SYN-09497,50,0,71,137,71,37.1,98.1,17,29.2,146,220,0.001,0.2,1.46,1,1,1,0.443,Moderate,0
SYN-07830,47,1,89,111,78,38.2,93.5,18,24.6,94,219,0.007,6.7,1.21,0,0,0,0.0423,Low,0
SYN-06174,35,1,101,112,73,36.6,98.7,15,30.5,74,203,0.021,3.8,1.08,0,0,0,0.0234,Low,0
SYN-01009,66,1,67,162,86,37.3,97.9,17,20.0,88,226,0.005,1.5,1.33,1,0,0,0.1853,Low,0
SYN-07990,48,0,70,118,77,36.4,98.9,18,29.5,84,230,0.001,4.8,1.25,0,0,0,0.0172,Low,0
SYN-05556,57,0,90,146,87,36.6,99.0,11,25.1,96,218,0.008,1.2,1.41,1,0,0,0.0982,Low,0
SYN-01979,79,0,96,164,101,36.4,97.2,13,23.8,87,204,0.023,2.3,1.73,1,0,0,0.5863,Moderate,1
SYN-01689,52,0,69,139,76,37.0,99.8,12,21.2,199,188,0.004,2.2,1.25,1,1,0,0.1137,Low,0
SYN-07905,42,1,68,108,74,36.3,96.0,17,21.7,103,206,0.004,0.2,1.02,0,0,1,0.0203,Low,0
SYN-06276,52,1,86,149,79,36.7,98.7,15,34.2,165,225,0.019,1.5,1.51,1,1,1,0.839,High,1
SYN-09192,23,1,74,99,60,37.2,98.1,18,28.8,85,177,0.02,0.4,1.05,0,0,0,0.0062,Low,0
SYN-07472,60,1,58,111,74,37.0,98.4,15,27.1,85,269,0.011,1.1,1.42,0,0,0,0.0351,Low,0
SYN-09669,64,0,72,146,77,36.3,97.6,16,28.2,98,192,0.014,0.2,1.37,1,0,0,0.1754,Low,0
SYN-00060,69,1,89,162,85,36.0,96.8,13,38.9,113,264,0.002,2.7,1.79,1,0,0,0.5219,Moderate,1
SYN-03636,33,0,89,122,76,36.6,98.5,14,23.1,93,183,0.007,0.9,0.99,0,0,1,0.0158,Low,0
SYN-04928,59,1,85,155,82,36.7,97.8,18,31.4,201,247,0.006,1.6,1.29,1,1,0,0.5873,Moderate,1
SYN-01975,33,1,95,116,65,38.4,96.1,20,27.9,102,201,0.005,35.9,1.57,0,0,1,0.1756,Low,0
SYN-09655,90,1,117,149,80,38.5,98.5,16,40.0,143,256,0.001,48.0,1.45,0,1,0,0.9449,High,1
SYN-04230,68,1,91,145,86,36.4,99.6,19,30.7,206,240,0.018,1.1,1.7,1,1,0,0.7688,High,1
SYN-01936,80,0,71,180,89,36.9,98.2,18,34.5,100,221,0.006,3.7,1.52,1,0,0,0.5977,Moderate,1
SYN-07613,73,0,85,126,71,36.9,95.6,25,29.6,162,232,0.006,0.2,1.06,0,1,0,0.3537,Moderate,0
SYN-07898,67,1,67,154,104,36.4,98.8,16,33.8,82,230,0.001,0.6,1.35,1,0,1,0.5108,Moderate,1
SYN-02170,44,1,75,106,68,36.3,97.6,16,29.3,82,211,0.008,1.3,1.21,0,0,0,0.0144,Low,0
SYN-02795,72,1,87,132,70,36.9,99.2,15,29.1,155,238,0.005,0.7,0.93,0,1,0,0.2105,Low,0
SYN-08733,58,0,82,137,71,36.0,98.4,15,21.8,91,196,0.008,0.8,1.17,0,0,0,0.038,Low,0
SYN-03331,54,0,93,163,90,36.3,98.3,23,40.6,194,217,0.017,0.7,1.4,1,1,0,0.7644,High,1
SYN-01245,71,0,72,136,76,36.8,96.3,15,30.5,166,260,0.033,3.0,1.36,0,1,1,0.7487,High,1
SYN-08669,47,1,45,106,69,36.6,99.0,14,31.9,85,293,0.002,7.7,1.24,0,0,0,0.0127,Low,0
SYN-00319,70,0,69,160,87,36.7,98.2,15,32.2,176,217,0.001,1.6,1.16,1,1,0,0.4394,Moderate,0
SYN-01842,54,0,75,111,67,37.0,97.7,12,25.8,93,224,0.003,2.3,1.02,0,0,0,0.0128,Low,0
SYN-05681,45,0,69,114,76,36.5,97.0,18,20.3,96,231,0.013,7.0,0.79,0,0,1,0.0365,Low,0
SYN-00790,52,0,71,144,79,36.9,97.6,14,28.0,234,230,0.002,1.0,1.47,1,1,0,0.2943,Low,0
SYN-08838,47,0,66,154,75,36.9,97.8,15,31.8,87,243,0.005,0.7,1.18,1,0,0,0.0751,Low,0
SYN-03633,44,0,72,145,92,36.3,98.4,19,33.1,80,203,0.001,9.3,0.87,1,0,0,0.0534,Low,0
SYN-04051,68,0,83,166,89,36.8,98.7,16,27.5,68,282,3.632,0.9,1.54,1,0,0,1.0,High,1
SYN-00581,18,1,79,114,66,36.6,97.9,16,36.3,197,269,0.004,6.8,0.94,0,1,0,0.0358,Low,0
SYN-01045,42,1,66,124,78,36.7,98.1,17,41.6,107,227,0.004,0.9,1.38,0,0,0,0.0345,Low,0
SYN-06281,63,1,66,145,88,36.7,99.0,14,26.2,116,250,0.008,2.5,1.5,1,0,0,0.1743,Low,0
SYN-08627,45,0,70,141,76,36.9,97.1,19,27.8,201,213,0.004,0.7,1.0,0,1,1,0.2094,Low,0
SYN-03005,50,1,95,138,84,36.7,99.0,14,25.1,185,203,0.013,2.9,1.26,1,1,0,0.2891,Low,0
SYN-01261,70,0,108,151,91,39.0,96.9,17,25.1,90,193,0.004,30.2,1.54,1,0,0,0.5411,Moderate,1
SYN-03970,37,0,69,112,56,37.4,97.0,14,18.8,101,169,0.001,3.7,0.97,0,0,1,0.0089,Low,0
SYN-05003,43,0,81,139,79,37.3,97.9,17,31.7,82,195,0.001,3.5,1.11,1,0,0,0.0413,Low,0
SYN-04231,73,0,81,161,92,37.1,96.3,12,27.6,243,229,0.013,0.7,1.41,1,1,0,0.7695,High,1
SYN-08463,33,1,97,115,73,36.8,98.0,20,27.7,89,250,0.922,0.2,1.21,0,0,0,0.9997,High,1
SYN-06700,69,0,86,157,87,36.5,95.8,19,29.2,166,230,0.014,1.3,1.27,1,1,1,0.9197,High,1
SYN-00687,67,0,69,138,79,36.6,98.9,19,34.8,87,197,0.012,0.8,0.96,0,0,0,0.0866,Low,0
SYN-08227,63,1,79,122,75,38.1,95.6,16,20.1,77,183,0.002,21.6,1.05,0,0,0,0.0597,Low,0
SYN-01820,50,1,59,107,75,37.0,97.6,16,26.6,224,251,0.01,2.6,1.26,0,1,1,0.1902,Low,0
SYN-02179,64,0,81,129,80,37.0,100.0,12,27.4,148,209,0.695,0.8,1.25,0,1,0,0.9998,High,1
SYN-03480,54,1,71,168,93,36.5,95.9,17,35.2,100,214,0.003,2.4,1.48,1,0,1,0.6494,Moderate,1
SYN-09678,66,1,62,139,73,36.6,95.3,12,27.0,93,199,0.01,2.4,1.61,0,0,1,0.196,Low,0
SYN-00935,59,0,75,166,104,37.1,96.7,18,32.6,128,247,0.02,1.7,1.12,1,1,0,0.5944,Moderate,1
SYN-02645,77,0,45,141,84,37.2,100.0,14,34.5,204,238,0.004,0.6,1.38,0,1,0,0.2764,Low,0
SYN-03672,62,0,73,128,76,37.2,98.9,13,30.3,103,293,0.014,1.3,1.12,0,0,0,0.0712,Low,0
SYN-04825,66,0,93,152,90,36.3,98.1,17,29.0,66,164,0.007,1.0,1.52,1,0,0,0.1849,Low,0
SYN-06558,50,0,85,133,84,36.2,97.9,20,27.9,92,196,0.005,0.2,1.12,1,0,0,0.0598,Low,0
SYN-02403,58,1,71,128,81,36.9,99.4,14,26.7,204,213,0.006,0.5,1.28,0,1,0,0.1296,Low,0
SYN-04905,88,0,97,122,70,36.5,96.5,17,25.6,159,278,0.004,1.7,1.09,0,1,0,0.4061,Moderate,0
SYN-01270,63,0,74,146,90,36.5,91.3,16,30.8,62,224,0.003,1.3,1.36,1,0,1,0.5287,Moderate,1
SYN-04238,58,1,72,149,82,36.9,97.8,17,25.7,94,250,0.003,1.6,1.22,1,0,0,0.126,Low,0
SYN-02418,44,0,100,113,82,38.9,97.3,17,22.3,84,165,0.011,48.0,1.11,0,0,1,0.1714,Low,0
SYN-06246,74,1,73,114,69,36.8,97.9,14,22.1,77,257,0.001,1.9,1.34,0,0,0,0.0413,Low,0
SYN-03679,43,0,85,158,99,37.1,98.8,16,34.4,89,218,0.012,0.7,1.16,1,0,0,0.1161,Low,0
SYN-01421,51,1,78,115,67,36.8,98.8,14,26.5,106,242,0.007,0.3,1.47,0,1,1,0.101,Low,0
SYN-03194,35,1,70,136,64,36.6,94.1,20,22.9,108,193,0.007,1.9,1.24,0,0,1,0.0656,Low,0
SYN-03196,71,0,77,152,79,37.4,97.6,19,29.4,92,251,0.002,1.5,1.19,1,0,0,0.2321,Low,0
SYN-08202,27,0,72,122,67,36.8,99.2,14,26.6,87,253,0.016,1.7,1.08,0,0,0,0.0095,Low,0
SYN-07762,39,1,83,122,68,36.7,98.2,16,24.2,117,228,0.002,1.6,1.31,0,0,0,0.0185,Low,0
SYN-04314,58,1,75,121,66,36.8,100.0,17,32.5,209,192,0.002,1.9,1.58,0,1,0,0.1531,Low,0
SYN-02852,77,0,63,152,87,36.6,98.8,15,32.1,122,246,0.004,1.0,1.41,1,1,0,0.4161,Moderate,0
SYN-04479,66,0,72,150,85,36.5,99.6,13,37.8,93,233,0.011,3.6,1.29,1,0,0,0.2156,Low,0
SYN-01314,60,1,75,157,93,36.4,98.2,14,30.0,105,252,0.007,0.5,1.47,1,0,0,0.2261,Low,0
SYN-07634,46,1,77,156,91,36.9,99.0,17,35.3,124,220,0.006,1.1,1.29,1,1,1,0.6226,Moderate,1
SYN-03513,44,0,79,109,61,37.0,99.4,15,22.2,191,167,0.005,2.3,0.92,0,1,0,0.0235,Low,0
SYN-07840,50,1,91,108,70,39.2,93.1,17,26.6,177,233,0.018,24.6,1.35,0,1,0,0.3954,Moderate,0
SYN-06962,82,0,83,135,78,36.4,97.9,15,34.5,149,228,0.001,2.4,1.27,0,1,0,0.3308,Moderate,0
SYN-01794,49,1,74,124,68,36.9,99.3,17,18.8,92,232,0.001,0.5,1.37,0,0,0,0.0168,Low,0
SYN-06681,63,0,85,155,80,36.2,97.6,20,33.7,179,284,0.005,0.6,1.5,1,1,1,0.8991,High,1
SYN-01279,60,0,86,156,89,36.8,98.1,20,24.1,96,223,0.004,6.1,1.22,1,0,1,0.5461,Moderate,1
SYN-04208,68,0,81,157,85,36.7,98.5,12,29.1,166,191,0.003,1.2,1.22,1,1,0,0.3531,Moderate,0
SYN-08563,47,1,75,113,74,36.6,96.8,18,32.0,123,192,0.002,2.1,1.47,0,1,1,0.1101,Low,0
SYN-00735,58,0,63,115,66,37.2,97.4,18,21.9,95,190,0.002,0.8,1.29,0,0,1,0.0353,Low,0
SYN-03168,44,1,77,138,76,37.2,98.1,15,30.2,86,276,0.003,1.9,1.5,1,0,0,0.0726,Low,0
SYN-00623,58,0,60,125,73,36.7,97.7,16,31.1,101,286,0.01,1.4,0.75,0,0,0,0.0402,Low,0
SYN-01625,57,0,82,129,78,36.2,98.4,16,26.3,91,224,0.009,0.3,1.03,0,0,0,0.0376,Low,0
SYN-09387,58,0,70,134,72,36.4,97.8,20,26.3,89,236,0.007,0.5,1.13,0,0,0,0.05,Low,0
SYN-00626,45,1,60,112,69,35.7,99.1,17,29.2,85,210,0.007,0.7,1.43,0,0,0,0.0143,Low,0
SYN-00123,58,1,67,127,75,36.9,98.3,16,36.0,88,262,0.005,1.2,1.44,0,0,0,0.063,Low,0
SYN-04669,84,1,60,145,84,36.7,97.1,15,26.7,99,204,2.136,0.6,1.66,1,0,1,1.0,High,1
SYN-06204,51,0,72,140,92,36.3,98.1,10,25.8,86,198,0.001,0.2,1.1,1,0,0,0.0268,Low,0
SYN-00856,54,0,68,110,63,36.6,99.0,20,21.2,78,235,0.018,0.7,1.25,0,0,0,0.0252,Low,0
SYN-02682,50,0,91,138,81,36.1,98.5,18,26.5,75,217,0.007,0.3,1.1,0,0,0,0.0369,Low,0
SYN-06817,45,1,69,126,81,37.0,98.6,20,17.8,94,184,0.002,2.0,0.87,0,0,0,0.0113,Low,0
SYN-03372,29,0,45,93,69,36.5,98.1,23,23.3,110,266,0.007,1.5,0.97,0,0,0,0.004,Low,0
SYN-07169,32,1,77,115,61,36.4,97.0,16,25.2,90,291,0.001,0.2,1.14,0,0,0,0.01,Low,0
SYN-04342,72,1,79,157,82,37.0,98.4,17,24.5,110,233,0.004,0.2,1.74,1,1,0,0.4786,Moderate,0
SYN-01489,59,0,76,130,80,37.0,99.0,13,25.2,194,205,0.001,0.3,1.2,0,1,0,0.0846,Low,0
SYN-00980,61,1,74,126,73,37.6,98.3,17,29.3,112,227,0.005,1.9,1.16,0,0,0,0.0589,Low,0
SYN-09622,57,1,85,148,87,36.2,100.0,11,23.4,95,243,0.025,3.6,1.3,1,0,0,0.1983,Low,0
SYN-06235,51,1,87,126,88,37.1,95.0,16,22.8,70,189,0.002,1.2,1.42,0,0,1,0.0613,Low,0
SYN-08005,57,1,65,133,82,36.9,96.3,18,24.5,103,177,0.009,1.3,1.28,1,0,1,0.3318,Moderate,0
SYN-03482,68,1,81,148,80,36.8,98.2,15,41.1,141,263,0.013,1.3,1.36,1,1,1,0.8969,High,1
SYN-01664,83,1,65,132,65,36.7,96.7,16,32.4,89,175,0.002,2.8,1.47,0,0,0,0.1373,Low,0
SYN-01874,35,1,54,124,67,36.8,97.6,16,23.4,82,245,0.019,1.8,1.24,0,0,1,0.0369,Low,0
SYN-03417,56,0,79,139,79,36.4,97.5,13,28.2,92,226,0.039,1.1,1.28,0,0,1,0.2811,Low,0
SYN-01926,35,0,61,132,75,36.4,98.6,14,28.3,89,201,0.001,1.9,1.0,0,0,0,0.007,Low,0
SYN-08168,36,1,88,113,60,36.0,97.3,15,23.3,82,206,0.004,2.2,1.43,0,0,1,0.0239,Low,0
SYN-07250,46,0,77,102,63,36.8,97.1,11,29.9,85,219,0.038,0.2,1.09,0,0,0,0.0295,Low,0
SYN-09404,64,0,62,141,77,36.9,99.2,14,23.5,111,190,0.001,1.5,1.15,1,0,0,0.055,Low,0
SYN-04159,71,1,89,172,91,36.6,97.6,15,33.7,169,235,0.239,0.7,1.44,1,1,1,0.9999,High,1
SYN-03096,36,1,80,129,78,37.0,98.1,16,28.7,168,268,0.001,0.2,1.54,1,1,0,0.1171,Low,0
SYN-01431,50,0,73,121,72,37.1,97.5,20,28.9,87,226,0.002,1.2,1.04,0,0,0,0.0214,Low,0
SYN-08245,56,0,82,152,92,36.7,98.5,14,32.8,155,253,1.201,1.6,0.94,1,1,0,1.0,High,1
SYN-07891,54,1,92,138,88,36.3,98.5,13,35.8,93,207,0.005,1.0,1.36,0,0,1,0.1327,Low,0
SYN-04105,48,1,75,155,91,36.7,97.9,17,32.0,101,242,0.018,1.0,1.6,1,0,1,0.6313,Moderate,1
SYN-03495,77,1,74,154,83,37.0,97.7,13,32.3,142,198,0.004,2.0,1.78,1,1,0,0.5769,Moderate,1
SYN-05518,77,0,94,149,82,37.2,97.2,18,37.2,99,221,0.022,0.7,1.26,1,0,0,0.5771,Moderate,1
SYN-05913,63,1,70,121,69,36.3,95.7,19,30.8,64,251,0.017,0.6,1.19,0,0,1,0.1795,Low,0
SYN-04407,45,0,76,125,72,36.8,94.3,17,19.8,81,166,0.014,2.4,1.0,0,0,1,0.0451,Low,0
SYN-07588,38,1,83,149,90,37.3,98.6,16,24.3,98,233,0.011,0.2,1.25,1,0,0,0.0716,Low,0
SYN-06302,43,1,80,113,66,36.7,98.4,15,27.4,96,215,0.002,0.2,1.43,0,0,1,0.0295,Low,0
SYN-09709,43,1,86,138,71,36.4,99.2,16,24.9,88,230,0.021,1.8,1.47,1,0,0,0.1081,Low,0
SYN-00214,46,1,72,127,74,36.9,98.9,18,32.9,128,210,0.017,1.8,1.28,0,1,0,0.112,Low,0
SYN-05624,27,1,71,115,65,37.2,94.8,19,30.7,79,171,0.001,1.1,1.2,0,0,1,0.0164,Low,0
SYN-08201,60,0,87,123,60,36.7,98.0,14,30.8,159,227,0.001,2.0,0.99,0,1,0,0.0923,Low,0
SYN-02116,50,1,63,151,83,37.4,99.2,17,30.3,110,261,0.652,1.2,1.15,1,0,0,0.9998,High,1
SYN-02409,18,1,58,119,81,37.0,97.4,19,28.1,107,197,0.001,1.0,1.22,0,0,0,0.0048,Low,0
SYN-02523,51,1,96,107,61,36.8,98.3,13,23.1,93,242,0.016,0.4,1.46,0,0,1,0.0701,Low,0
SYN-03235,46,1,80,164,89,36.7,98.9,14,37.3,108,241,0.001,0.9,1.41,1,1,0,0.2457,Low,0
SYN-09016,51,1,64,134,71,37.0,97.7,17,26.5,104,188,0.003,0.7,1.43,0,0,1,0.0679,Low,0
SYN-00793,62,1,74,144,82,37.1,98.3,13,24.9,220,203,0.013,3.4,1.48,1,1,1,0.8234,High,1
SYN-08574,38,1,80,150,82,36.4,98.1,12,26.8,228,191,0.001,0.4,1.11,1,1,0,0.1507,Low,0
SYN-09608,70,0,84,151,78,37.4,100.0,19,24.4,84,230,0.004,1.1,1.11,0,0,0,0.0963,Low,0
SYN-07555,66,0,74,155,81,36.4,97.0,17,27.3,206,242,0.005,0.2,1.3,1,1,0,0.532,Moderate,1
SYN-09836,32,1,46,106,57,37.1,97.8,18,29.2,95,183,0.955,1.3,1.01,0,0,0,0.9989,High,1
SYN-07924,27,0,95,151,88,36.9,99.1,17,28.7,58,229,0.009,0.8,0.98,1,0,0,0.0318,Low,0
SYN-04953,53,1,86,141,74,36.3,95.0,15,28.1,82,235,0.008,0.8,1.52,0,0,1,0.1825,Low,0
SYN-04774,64,0,81,121,74,37.0,97.9,16,20.4,106,157,0.004,1.1,1.15,0,0,0,0.0269,Low,0
SYN-05426,44,0,53,139,76,36.9,99.4,14,28.7,99,211,0.005,1.4,1.15,1,0,0,0.0266,Low,0
SYN-06467,65,1,86,156,99,36.0,98.7,19,34.2,168,248,0.004,1.4,1.55,1,1,0,0.6326,Moderate,1
SYN-04032,47,0,73,113,70,36.9,96.8,12,20.1,101,187,0.007,0.2,1.15,0,0,1,0.02,Low,0
SYN-03606,67,1,52,128,83,37.2,97.7,17,23.3,107,246,0.013,0.6,1.67,1,0,0,0.1535,Low,0
SYN-08580,81,1,100,158,98,37.3,97.1,20,34.6,191,248,0.006,0.9,1.32,1,1,0,0.865,High,1
SYN-09901,33,0,75,118,68,36.9,99.4,19,22.2,91,190,0.002,1.7,1.1,0,0,0,0.0057,Low,0
SYN-03761,47,1,85,152,93,36.7,99.9,14,26.8,86,161,0.013,1.3,1.46,1,0,0,0.0903,Low,0
SYN-08097,51,1,87,126,84,36.2,96.8,19,19.9,92,212,0.003,3.7,1.36,0,0,0,0.0386,Low,0
SYN-02919,38,1,73,135,77,37.0,100.0,16,22.3,73,198,0.011,3.5,1.45,0,0,0,0.019,Low,0
SYN-03051,70,0,86,162,94,39.0,89.7,25,30.5,138,273,0.018,18.5,1.27,1,1,1,0.9872,High,1
SYN-05804,72,1,65,163,90,36.8,84.2,18,23.5,180,266,0.004,6.5,1.6,1,1,1,0.9754,High,1
SYN-08885,62,0,77,153,90,36.8,97.8,17,33.5,187,262,0.012,1.8,1.35,1,1,0,0.6009,Moderate,1
SYN-02872,43,0,76,123,67,36.4,98.2,18,23.5,85,229,0.005,1.2,0.94,0,0,0,0.013,Low,0
SYN-08090,48,1,75,154,94,37.0,98.7,16,26.7,102,254,0.018,0.9,1.43,1,0,0,0.1877,Low,0
SYN-05559,45,0,105,115,71,36.6,98.2,18,24.4,63,224,0.004,0.7,0.91,0,0,1,0.0285,Low,0
SYN-07646,74,1,82,164,91,36.8,98.9,15,24.8,89,201,0.006,0.2,1.16,1,0,0,0.2529,Low,0
SYN-09604,56,1,68,119,75,36.9,99.2,18,30.9,81,218,0.005,1.3,1.34,0,0,0,0.0309,Low,0
SYN-01940,41,0,79,109,70,38.2,97.4,16,20.9,83,232,0.001,7.4,1.07,0,0,0,0.0085,Low,0
SYN-07930,82,0,90,138,86,36.9,97.7,21,31.5,236,181,0.024,3.2,1.3,0,1,0,0.7809,High,1
SYN-09001,56,0,91,130,79,38.1,86.6,16,25.0,95,201,0.003,15.5,1.23,0,0,1,0.2844,Low,0
SYN-01654,48,1,67,118,74,36.2,98.1,18,26.3,68,181,0.003,2.8,1.05,0,0,0,0.0124,Low,0
SYN-05679,58,1,70,150,79,36.7,98.8,20,26.5,109,184,0.009,1.0,1.62,1,0,0,0.1861,Low,0
SYN-03018,71,1,98,129,77,36.6,96.1,16,28.0,78,218,0.007,1.8,1.61,0,0,1,0.2795,Low,0
SYN-07206,41,0,74,113,69,36.6,99.0,18,26.7,109,225,0.007,0.9,1.22,0,0,0,0.014,Low,0
SYN-04755,83,1,114,162,89,39.7,97.6,18,31.7,80,234,0.001,6.0,1.36,1,0,0,0.6117,Moderate,1
SYN-05501,46,0,92,104,65,39.1,96.0,23,20.9,85,217,0.026,28.8,1.24,0,0,1,0.2186,Low,0
SYN-06116,77,1,85,161,87,36.4,98.1,13,41.9,259,198,0.014,1.2,1.5,1,1,0,0.8941,High,1
SYN-04831,33,1,76,128,81,36.7,98.4,14,20.5,102,202,0.02,0.3,1.31,0,0,0,0.0193,Low,0
SYN-00393,46,1,81,122,61,36.8,97.7,17,38.7,91,238,0.009,5.1,1.28,0,0,0,0.0567,Low,0
SYN-05429,70,0,75,132,78,36.5,98.4,14,26.5,183,250,0.05,0.7,1.34,0,1,0,0.8188,High,1
SYN-06471,65,1,71,105,71,36.7,98.9,10,30.1,91,260,0.014,1.7,1.14,0,0,0,0.0356,Low,0
SYN-03233,37,1,92,103,63,39.0,86.6,19,22.6,91,207,0.002,23.8,1.31,0,0,0,0.0633,Low,0
SYN-09527,53,0,75,133,76,36.4,98.3,15,33.5,131,239,0.004,0.6,1.22,0,1,0,0.0896,Low,0
SYN-02543,49,1,61,155,103,37.0,98.8,15,30.8,198,240,0.004,1.5,1.51,1,1,0,0.3225,Moderate,0
SYN-03097,75,1,78,155,79,36.5,99.0,12,23.9,85,256,0.002,1.5,1.35,1,0,1,0.5548,Moderate,1
SYN-07218,48,1,85,133,88,37.6,97.3,14,27.9,167,200,0.02,1.3,1.71,1,1,1,0.7199,High,1
SYN-04680,36,1,71,131,80,36.9,88.9,18,27.2,103,199,0.008,0.5,1.5,0,0,1,0.1133,Low,0
SYN-05123,49,1,79,137,77,36.7,98.3,16,37.4,83,216,0.001,4.0,1.2,0,0,1,0.0906,Low,0
SYN-03566,81,0,82,147,86,36.2,96.6,12,23.9,145,213,0.429,1.6,1.15,1,1,0,0.9998,High,1
SYN-04005,77,0,80,117,71,36.5,98.2,16,24.9,96,179,0.005,0.7,1.19,0,0,0,0.0503,Low,0
SYN-02215,40,0,74,104,47,37.0,99.3,16,24.0,86,191,0.002,4.7,0.97,0,0,0,0.0047,Low,0
SYN-06775,35,0,58,109,67,36.5,99.4,15,29.5,95,211,0.014,1.3,0.98,0,0,0,0.0068,Low,0
SYN-09611,33,0,73,101,60,36.3,98.6,12,25.9,129,200,0.004,1.4,1.17,0,0,0,0.0046,Low,0
SYN-09437,40,1,65,126,75,37.8,97.3,19,37.7,91,262,0.005,0.8,1.15,0,0,1,0.0643,Low,0
SYN-00464,21,0,65,124,83,37.0,99.6,16,28.5,92,164,0.003,0.2,0.78,0,0,0,0.0026,Low,0
SYN-00549,65,1,87,123,65,36.8,98.6,14,35.8,89,229,0.014,0.5,1.69,0,0,0,0.1261,Low,0
SYN-07502,19,0,87,107,64,36.9,99.9,14,31.6,118,226,0.006,3.3,0.93,0,0,0,0.0044,Low,0
SYN-05362,56,1,87,126,82,36.6,96.6,16,23.8,70,191,0.017,0.7,1.18,0,0,1,0.1062,Low,0
SYN-06944,60,0,84,136,79,36.9,98.8,20,30.5,85,215,0.002,0.8,1.43,0,0,0,0.0644,Low,0
SYN-06506,70,0,91,153,85,37.3,99.0,18,33.0,196,240,0.036,7.5,1.38,1,1,0,0.8864,High,1
SYN-02921,42,0,76,153,75,37.0,99.4,15,32.1,111,191,0.011,1.1,1.18,1,0,0,0.0766,Low,0
SYN-08410,53,1,85,154,79,37.0,100.0,11,29.0,157,171,0.004,0.4,1.4,1,1,0,0.2068,Low,0
SYN-04871,35,1,62,104,70,38.4,97.4,20,20.7,96,181,0.008,21.9,1.08,0,0,0,0.014,Low,0
SYN-08314,41,0,70,108,66,37.3,98.3,16,24.9,260,224,0.001,0.2,0.98,0,1,0,0.0384,Low,0
SYN-02482,40,1,77,119,85,36.9,99.1,20,17.8,93,213,0.007,3.2,1.24,0,0,0,0.0148,Low,0
SYN-00191,82,0,72,135,71,36.6,99.3,17,29.5,115,172,0.012,0.6,1.12,0,0,0,0.1379,Low,0
SYN-05391,80,1,63,137,81,36.6,98.1,16,21.5,92,246,0.01,1.4,1.89,1,0,0,0.2815,Low,0
SYN-07670,88,1,73,125,70,36.4,99.4,17,38.6,134,242,0.001,0.7,1.7,0,1,0,0.3959,Moderate,0
SYN-00624,44,0,84,127,76,38.9,87.3,21,21.9,90,195,0.012,7.0,1.03,0,0,0,0.0819,Low,0
SYN-02987,57,0,68,115,73,36.6,98.1,14,27.5,145,236,0.009,1.6,1.23,0,1,0,0.0676,Low,0
SYN-05520,38,0,79,110,71,36.6,98.1,17,30.8,207,228,0.003,1.8,1.21,0,1,0,0.048,Low,0
SYN-05477,40,0,78,143,83,36.8,82.9,22,27.1,198,179,0.007,0.6,1.23,1,1,1,0.8367,High,1
SYN-05875,34,0,83,107,68,36.5,97.5,21,27.3,76,245,0.554,4.9,1.19,0,0,0,0.9958,High,1
SYN-06850,74,0,84,140,83,36.4,99.0,18,30.7,171,236,0.005,0.7,1.51,1,1,0,0.5134,Moderate,1
SYN-07836,35,1,68,146,89,36.3,99.4,14,34.8,237,267,0.003,0.8,1.56,1,1,0,0.2476,Low,0
SYN-07764,62,0,59,157,88,36.6,98.4,21,26.1,79,212,0.006,1.8,1.53,0,0,0,0.0992,Low,0
SYN-01778,57,1,68,127,78,36.7,96.9,14,28.0,80,227,0.008,1.4,1.62,0,0,1,0.1015,Low,0
SYN-07331,55,0,67,119,75,36.3,99.6,17,19.9,87,240,0.004,0.6,1.48,0,0,0,0.0178,Low,0
SYN-04707,61,0,90,135,80,36.9,98.7,11,23.9,91,207,0.004,3.1,1.05,1,0,0,0.0581,Low,0
SYN-02365,90,0,61,173,85,37.0,92.8,17,32.9,98,241,0.009,1.9,1.39,1,0,1,0.9274,High,1
SYN-01358,46,1,95,131,81,36.1,97.8,18,31.9,88,207,0.006,0.6,1.39,0,0,0,0.051,Low,0
SYN-02018,43,1,56,128,77,36.9,98.5,18,21.8,94,146,0.001,1.4,1.53,1,0,0,0.0198,Low,0
SYN-01243,81,1,74,129,72,37.1,98.5,19,28.6,85,164,0.001,1.4,1.49,0,0,0,0.1016,Low,0
SYN-05276,24,1,96,128,73,36.9,96.3,19,27.6,97,192,0.004,1.3,1.43,0,0,0,0.0187,Low,0
SYN-09512,37,0,70,105,61,37.0,98.4,15,25.5,99,227,0.032,0.6,0.86,0,0,0,0.0151,Low,0
SYN-04543,24,0,101,113,65,37.5,98.2,12,22.0,85,214,0.013,0.2,1.02,0,0,0,0.0057,Low,0
SYN-08570,43,1,67,156,87,36.7,96.6,15,20.1,143,177,2.146,0.4,1.29,1,1,1,1.0,High,1
SYN-09743,35,0,78,108,63,36.7,98.2,17,26.1,81,258,0.003,0.3,1.13,0,0,0,0.0069,Low,0
SYN-07868,41,0,88,152,85,37.0,96.4,16,37.9,100,260,0.001,2.5,1.21,1,0,1,0.3938,Moderate,0
SYN-05030,24,1,79,140,85,36.6,99.8,18,29.2,100,234,0.024,1.6,1.23,1,0,0,0.0604,Low,0
SYN-09819,50,0,69,143,93,37.0,98.9,18,21.7,89,212,0.004,0.6,1.07,1,0,0,0.0407,Low,0
SYN-08817,53,1,73,116,58,36.9,96.3,18,19.9,76,254,0.002,0.4,1.18,0,0,1,0.0422,Low,0
SYN-07360,65,0,69,141,87,36.7,97.0,17,39.9,244,233,0.001,0.5,1.13,0,1,0,0.3751,Moderate,0
SYN-02748,46,1,72,148,93,37.0,96.6,15,28.2,101,166,0.003,1.3,1.07,1,0,1,0.2311,Low,0
SYN-04933,82,1,55,150,85,36.1,97.8,16,31.1,174,215,0.002,2.6,1.37,0,1,0,0.4228,Moderate,0
SYN-02797,63,1,91,131,75,37.0,98.3,18,22.8,92,249,0.016,0.2,1.59,1,0,0,0.2164,Low,0
SYN-02100,79,1,109,177,109,36.4,98.7,20,30.7,88,208,0.009,0.9,1.52,1,0,0,0.6955,High,1
SYN-00304,49,0,57,95,53,36.9,98.6,15,15.0,97,233,0.007,3.7,1.0,0,0,0,0.005,Low,0
SYN-03148,52,1,78,149,81,36.8,99.4,10,38.2,189,243,0.007,1.8,1.27,1,1,0,0.3404,Moderate,0
SYN-02634,54,0,76,155,86,36.8,97.8,15,29.2,82,214,0.001,0.4,1.41,1,0,1,0.329,Moderate,0
SYN-01408,64,1,65,135,77,36.7,98.0,12,32.1,80,230,0.014,1.0,1.63,1,0,0,0.1551,Low,0
SYN-05591,55,1,64,119,79,37.1,95.5,18,24.9,97,187,0.003,1.4,1.49,0,0,1,0.0662,Low,0
SYN-09065,43,1,56,157,88,36.6,97.5,14,30.7,187,206,0.038,0.9,1.42,1,1,0,0.5215,Moderate,1
SYN-07442,47,1,82,128,77,37.2,96.6,16,28.6,100,203,0.006,1.8,1.69,0,0,1,0.0999,Low,0
SYN-06543,65,0,64,134,75,36.5,97.4,18,33.7,224,203,0.004,1.7,1.19,0,1,1,0.4289,Moderate,0
SYN-06189,81,0,81,149,88,37.0,97.3,13,31.2,113,231,0.006,1.4,1.22,1,0,0,0.3273,Moderate,0
SYN-03734,48,0,80,135,88,37.0,97.8,16,29.9,96,222,0.003,2.1,1.15,0,0,0,0.0317,Low,0
SYN-08824,52,1,91,121,78,36.7,98.8,20,22.4,73,199,0.008,3.1,1.56,0,0,0,0.0404,Low,0
SYN-06245,79,0,72,128,79,37.0,97.8,17,16.8,117,200,0.001,0.6,1.3,0,0,0,0.062,Low,0
SYN-03555,69,1,59,131,69,36.2,98.0,13,18.9,108,218,0.88,0.6,1.86,1,0,0,0.9999,High,1
SYN-00131,48,1,81,115,69,36.5,98.6,16,30.9,107,227,0.036,1.8,1.01,0,0,0,0.0769,Low,0
SYN-08795,57,1,80,133,80,37.0,98.0,16,33.4,257,260,0.012,0.6,1.35,0,1,0,0.4325,Moderate,0
SYN-03893,18,1,58,94,64,37.4,96.6,17,20.4,100,179,0.002,0.3,0.99,0,0,1,0.0029,Low,0
SYN-05390,50,0,57,128,85,36.3,99.1,17,33.2,262,224,0.007,3.0,0.74,0,1,0,0.126,Low,0
SYN-00944,73,0,73,143,86,37.1,97.7,12,40.5,168,220,0.92,1.4,1.37,0,1,0,1.0,High,1
SYN-01691,45,1,77,128,79,36.1,96.3,15,34.8,104,221,0.021,0.9,1.35,0,0,1,0.1559,Low,0
SYN-03127,53,1,75,132,71,36.2,99.6,12,25.8,98,237,0.007,0.6,1.45,0,0,1,0.0717,Low,0
SYN-08453,38,1,69,107,68,36.9,97.2,14,29.8,90,240,0.003,0.2,0.99,0,0,1,0.0164,Low,0
SYN-00197,64,1,83,172,91,36.4,99.2,17,25.5,89,212,0.001,0.2,1.44,1,0,0,0.2325,Low,0
SYN-06747,49,0,90,113,53,40.3,96.3,19,31.2,99,200,0.011,17.6,1.15,0,0,1,0.1355,Low,0
SYN-04170,62,0,69,166,92,36.5,97.5,18,29.3,179,238,0.005,0.2,1.45,1,1,0,0.531,Moderate,1
SYN-08638,65,1,86,155,77,37.1,99.0,15,29.5,89,290,0.002,5.9,1.44,1,0,0,0.2778,Low,0
SYN-04387,49,0,90,122,83,37.3,99.0,14,26.3,99,225,0.003,0.2,1.2,0,0,0,0.019,Low,0
SYN-01392,78,1,64,170,94,36.8,95.5,13,27.8,165,225,0.017,0.2,1.65,1,1,0,0.8036,High,1
SYN-09265,90,1,67,144,90,36.5,98.0,10,34.4,90,216,0.018,6.4,1.7,1,0,0,0.5418,Moderate,1
SYN-03138,71,1,72,156,97,36.7,98.9,14,25.7,111,245,0.007,0.2,1.52,1,0,0,0.272,Low,0
SYN-09613,66,0,75,152,80,36.4,99.1,14,31.4,161,251,0.004,0.6,1.23,1,1,0,0.3631,Moderate,0
SYN-08893,34,1,77,132,79,36.8,96.5,19,25.4,93,174,0.006,2.3,1.23,0,0,0,0.0201,Low,0
SYN-03795,30,0,79,105,69,36.9,98.6,14,25.7,187,213,0.003,0.5,1.04,0,1,0,0.014,Low,0
SYN-06240,46,0,46,107,74,36.9,97.7,20,32.6,204,255,0.016,1.4,1.17,0,1,1,0.1713,Low,0
SYN-06810,48,1,77,106,67,36.2,97.9,16,19.2,109,234,0.003,2.8,1.23,0,0,0,0.0141,Low,0
SYN-01373,60,0,86,142,85,37.0,97.7,15,22.6,108,230,0.003,0.6,1.27,1,0,0,0.1002,Low,0
SYN-03164,65,1,49,138,93,36.9,97.6,15,26.7,153,282,0.004,0.4,1.75,0,1,0,0.2082,Low,0
SYN-03917,49,1,94,116,69,36.7,97.9,18,23.5,75,246,0.025,0.7,1.47,0,0,1,0.1326,Low,0
SYN-05285,59,1,61,123,66,36.7,98.1,15,30.6,130,204,0.013,4.6,1.16,0,1,0,0.1112,Low,0
SYN-04868,49,1,91,114,66,37.7,98.8,18,24.2,82,221,0.023,23.8,1.17,0,0,0,0.0972,Low,0
SYN-04655,56,0,80,128,70,36.4,97.2,17,30.4,139,243,0.007,1.0,1.26,0,1,0,0.1318,Low,0
SYN-04702,46,1,62,113,74,36.8,99.1,18,22.8,105,197,0.01,0.2,1.38,0,0,0,0.0161,Low,0
SYN-05148,42,1,87,131,77,39.6,97.5,20,24.0,100,234,0.004,14.7,1.18,0,0,0,0.0547,Low,0
SYN-06069,36,1,64,136,76,36.8,97.5,16,33.1,87,225,0.001,4.4,1.2,0,0,0,0.0201,Low,0
SYN-05718,47,1,94,165,86,36.7,98.0,15,33.2,187,189,0.012,0.9,1.51,1,1,0,0.5359,Moderate,1
SYN-08823,50,0,70,163,103,37.1,98.4,16,39.0,98,225,0.032,2.6,1.1,1,0,0,0.3366,Moderate,0
SYN-00402,57,1,75,145,83,37.3,98.9,21,32.6,104,168,0.008,3.0,1.79,1,0,0,0.2161,Low,0
SYN-08540,59,0,73,148,84,36.1,98.8,14,32.4,84,248,0.001,1.1,1.16,1,0,0,0.087,Low,0
SYN-04411,77,1,83,162,82,37.3,98.2,14,40.7,199,216,0.023,0.5,1.66,1,1,0,0.8974,High,1
SYN-02058,25,0,68,118,61,37.1,96.7,15,28.0,96,192,0.001,1.4,1.07,0,0,0,0.0044,Low,0
SYN-02838,58,1,90,128,88,36.7,98.7,17,21.5,90,244,0.264,4.1,1.51,1,0,0,0.9926,High,1
SYN-01173,52,0,88,130,82,36.2,98.4,19,24.7,85,275,0.015,2.1,1.22,0,0,0,0.0669,Low,0
SYN-08675,52,1,98,133,87,36.8,96.0,19,30.3,100,240,0.006,1.7,1.29,0,0,1,0.1935,Low,0
SYN-01495,48,0,74,164,92,36.0,96.9,12,31.1,97,206,0.002,1.3,1.27,1,0,1,0.3329,Moderate,0
SYN-07417,50,1,91,124,75,37.2,98.3,15,30.7,105,217,0.006,1.1,1.68,0,0,0,0.0536,Low,0
SYN-05717,54,0,73,120,65,36.5,97.8,14,25.1,87,215,0.216,0.5,0.65,0,0,0,0.8852,High,1
SYN-09178,73,1,64,128,75,36.8,95.5,21,25.3,90,179,0.001,0.2,1.32,0,0,0,0.0763,Low,0
SYN-04927,73,1,68,129,74,36.7,97.9,17,29.7,82,233,0.001,3.8,1.73,0,0,0,0.1049,Low,0
SYN-02376,18,0,80,103,71,37.0,98.3,12,18.9,76,133,0.009,0.2,1.15,0,0,0,0.0013,Low,0
SYN-04057,68,0,81,121,67,36.5,98.3,19,20.3,82,225,0.001,0.2,1.38,0,0,0,0.038,Low,0
SYN-08507,49,0,57,114,69,36.7,95.9,18,22.5,89,159,0.011,0.4,0.95,0,0,1,0.0249,Low,0
SYN-04136,44,0,71,130,79,36.5,97.0,20,30.5,72,213,0.016,12.4,0.93,0,0,1,0.0983,Low,0
SYN-02949,66,1,60,164,92,36.3,98.3,14,23.5,101,204,0.009,0.4,1.42,1,0,0,0.1981,Low,0
SYN-00064,63,1,74,129,78,36.6,97.8,19,25.1,92,242,0.013,0.4,1.65,1,0,0,0.1791,Low,0
SYN-02956,38,0,86,146,69,36.8,98.0,18,35.6,107,254,0.004,2.2,1.1,1,0,0,0.0834,Low,0
SYN-02533,58,1,87,154,82,36.4,98.2,19,21.2,96,203,0.011,0.2,1.22,1,0,1,0.5191,Moderate,1
SYN-04394,39,0,73,120,68,36.3,99.2,15,32.3,111,287,0.003,1.8,0.94,0,0,0,0.0145,Low,0
SYN-05435,39,1,79,136,84,36.8,97.9,19,24.6,104,186,0.003,0.9,1.45,1,0,0,0.0456,Low,0
SYN-09998,55,0,59,110,70,37.1,98.5,17,30.1,119,237,0.032,0.6,1.19,0,1,0,0.1072,Low,0
SYN-06633,47,1,106,142,84,39.9,92.3,25,20.6,65,257,0.024,29.8,1.28,1,0,0,0.6138,Moderate,1
SYN-00129,44,1,83,151,76,37.0,98.5,12,31.2,91,236,0.026,1.8,1.49,1,0,0,0.194,Low,0
SYN-06836,54,1,68,119,82,36.7,99.8,12,21.9,85,241,0.001,1.4,1.53,0,0,0,0.0152,Low,0
SYN-07704,49,0,82,131,75,36.4,97.1,20,23.3,88,245,0.241,1.3,1.03,0,0,1,0.9839,High,1
SYN-08748,60,0,81,146,68,36.1,98.0,14,25.8,87,236,0.006,0.4,1.32,1,0,0,0.108,Low,0
SYN-04889,51,1,81,132,79,36.7,98.0,16,37.6,147,222,0.008,1.7,1.3,1,1,1,0.633,Moderate,1
SYN-04641,78,1,75,145,83,36.8,98.0,15,27.0,95,268,0.001,2.6,1.65,0,0,0,0.1925,Low,0
SYN-06097,70,1,83,132,76,36.9,98.3,13,32.6,119,243,0.009,2.3,1.5,0,1,0,0.2628,Low,0
SYN-07198,51,1,62,102,61,36.8,97.9,15,20.6,79,199,0.008,0.3,1.29,0,0,0,0.0093,Low,0
SYN-04100,50,1,70,143,81,36.4,97.8,18,41.0,93,151,0.006,1.3,1.53,0,0,0,0.0738,Low,0
SYN-05771,73,1,84,121,61,36.5,95.1,15,33.5,81,223,0.006,0.7,1.37,0,0,1,0.2215,Low,0
SYN-08772,69,0,101,142,84,38.1,98.5,19,27.9,81,226,0.003,7.0,1.17,0,0,0,0.1371,Low,0
SYN-01517,43,0,65,140,79,36.9,98.3,14,25.8,157,207,0.004,0.9,1.31,1,1,0,0.0873,Low,0
SYN-03264,80,1,83,159,80,37.0,98.8,19,34.4,212,210,0.949,0.6,1.46,1,1,0,1.0,High,1
SYN-03792,79,1,91,142,77,36.4,95.6,18,31.8,94,269,0.003,0.6,1.54,1,0,0,0.4553,Moderate,0
SYN-03406,34,1,80,148,82,36.3,99.4,11,28.2,92,264,0.003,7.7,1.45,1,0,0,0.0523,Low,0
SYN-09182,47,0,69,102,65,36.9,97.7,19,20.1,100,200,0.002,4.4,0.86,0,0,0,0.0072,Low,0
SYN-01505,51,1,68,113,53,37.2,97.7,14,30.0,189,228,0.001,0.2,1.31,0,1,1,0.1255,Low,0
SYN-01382,18,1,66,112,84,36.6,98.7,14,23.1,110,195,0.003,0.2,0.94,0,0,0,0.0023,Low,0
SYN-03039,41,0,75,140,76,36.7,99.5,20,29.8,99,243,0.024,0.5,1.02,1,0,0,0.0988,Low,0
SYN-03498,71,1,88,146,79,36.4,97.3,17,32.0,138,218,0.003,0.9,1.31,1,1,1,0.8217,High,1
SYN-05677,28,0,79,118,62,36.5,99.6,17,28.0,112,210,0.013,1.3,1.11,0,0,0,0.0107,Low,0
SYN-04198,28,0,69,103,66,36.9,98.6,21,28.3,92,324,0.001,0.5,1.09,0,0,1,0.0133,Low,0
SYN-04360,85,0,93,142,66,36.5,96.8,17,35.3,173,281,0.006,1.1,1.07,0,1,0,0.6167,Moderate,1
SYN-08444,58,1,77,122,67,38.1,95.6,13,26.2,110,157,0.002,48.0,1.26,0,0,0,0.1594,Low,0
SYN-05111,51,1,74,130,78,37.1,92.6,18,21.3,83,175,0.004,1.0,1.38,0,0,1,0.0817,Low,0
SYN-03860,60,0,63,126,68,37.1,99.2,14,17.6,93,230,0.023,3.9,0.89,0,0,0,0.0355,Low,0
SYN-05774,72,1,82,161,92,36.9,97.5,17,30.4,108,244,0.003,0.9,1.52,1,0,0,0.4082,Moderate,0
SYN-07594,47,1,74,111,59,35.9,98.1,16,20.0,88,171,0.001,2.9,0.94,0,0,0,0.0075,Low,0
SYN-02816,45,1,88,117,63,36.7,97.6,14,27.3,75,234,0.008,0.4,1.22,0,0,1,0.043,Low,0
SYN-03426,60,1,81,142,81,37.9,93.4,15,28.5,85,189,0.002,48.0,1.52,1,0,0,0.5234,Moderate,1
SYN-01773,33,1,65,108,79,38.5,94.1,20,29.1,178,188,0.002,7.0,1.11,0,1,1,0.0856,Low,0
SYN-02728,51,0,71,110,70,37.0,98.7,17,19.3,91,184,0.001,3.2,1.26,0,0,0,0.0091,Low,0
SYN-07122,57,0,69,129,85,36.0,99.2,12,15.0,78,214,0.004,0.3,1.15,0,0,0,0.0119,Low,0
SYN-05330,63,0,57,137,88,37.2,98.8,16,29.5,99,215,0.001,0.7,0.97,0,0,0,0.032,Low,0
SYN-00482,77,1,66,141,64,36.6,98.7,16,20.2,105,177,0.005,1.6,1.46,1,0,0,0.1565,Low,0
SYN-05241,68,0,77,115,64,36.9,98.5,17,28.6,86,251,0.014,6.6,1.41,0,0,0,0.0896,Low,0
SYN-07469,56,1,85,151,89,36.8,97.8,14,29.4,75,248,0.011,0.7,1.49,1,0,0,0.1868,Low,0
SYN-00085,35,0,64,117,71,38.3,91.8,25,27.5,203,231,0.004,6.9,0.92,0,1,1,0.1906,Low,0
SYN-01375,54,1,97,125,80,36.2,96.5,20,26.6,68,184,0.001,0.9,1.45,0,0,0,0.0436,Low,0
SYN-03095,83,1,72,154,74,36.8,99.2,18,33.0,214,227,0.006,1.2,1.62,1,1,0,0.7952,High,1
SYN-01567,35,0,75,124,65,36.6,97.8,15,29.8,83,155,0.001,1.1,1.38,0,0,0,0.0082,Low,0
SYN-08493,61,0,82,141,92,36.4,98.4,17,26.0,85,200,0.001,1.6,0.93,0,0,0,0.0389,Low,0
SYN-02584,59,0,79,128,74,36.8,98.9,18,29.0,95,227,0.006,0.2,1.29,0,0,0,0.0478,Low,0
SYN-01828,79,0,88,163,98,37.2,97.4,20,30.5,114,223,0.006,0.7,1.28,1,0,0,0.5064,Moderate,1
SYN-02112,62,1,75,172,90,36.5,98.6,13,30.2,105,241,0.008,1.3,1.84,1,0,0,0.3693,Moderate,0
SYN-07381,53,1,84,171,93,36.4,99.1,22,35.1,101,202,0.002,0.6,1.56,1,0,0,0.2921,Low,0
SYN-04844,36,0,57,126,74,37.0,98.0,19,29.0,84,205,0.001,0.9,1.24,0,0,0,0.0091,Low,0
SYN-00232,45,0,93,153,85,36.8,100.0,18,38.5,109,235,0.022,0.9,1.33,1,0,0,0.2567,Low,0
SYN-08807,42,0,69,134,71,37.2,100.0,17,25.2,98,234,0.017,0.2,1.25,1,0,0,0.0482,Low,0
SYN-06938,45,0,63,130,77,37.0,98.3,16,23.6,72,211,0.003,0.4,0.95,0,0,0,0.0095,Low,0
SYN-00268,60,1,80,129,83,36.3,94.5,15,23.9,91,240,0.014,0.2,1.34,0,0,1,0.1827,Low,0
SYN-04962,64,0,63,136,77,36.9,98.9,15,30.6,126,255,0.004,1.2,1.39,0,1,0,0.1277,Low,0
SYN-04659,44,1,73,168,86,37.5,93.6,17,27.0,80,192,0.008,1.9,1.41,1,0,1,0.5108,Moderate,1
SYN-04197,59,1,70,135,83,37.3,99.0,15,25.2,85,248,0.002,0.4,1.56,0,0,0,0.0449,Low,0
SYN-03838,52,0,74,128,71,37.9,96.1,17,24.3,90,195,0.003,17.6,0.96,0,0,1,0.0798,Low,0
SYN-09933,50,1,100,117,76,37.4,97.7,16,20.7,93,229,0.019,0.3,1.62,0,0,0,0.0611,Low,0
SYN-03169,39,1,71,144,90,36.4,95.8,14,29.1,76,223,0.002,0.5,1.09,0,0,1,0.0462,Low,0
SYN-06654,36,0,73,133,76,37.2,99.0,17,31.6,94,164,0.003,0.8,1.17,1,0,0,0.0208,Low,0
SYN-07795,73,0,105,157,90,36.0,99.9,18,33.0,132,185,0.006,6.5,1.51,1,1,0,0.6329,Moderate,1
SYN-09887,45,0,80,147,89,37.0,98.2,19,21.8,91,200,0.008,0.6,1.14,1,0,0,0.0579,Low,0
SYN-04506,80,0,84,155,85,37.0,98.5,17,28.0,97,225,0.002,0.7,1.31,1,0,0,0.2966,Low,0
SYN-07426,31,1,74,127,79,36.8,98.0,16,27.3,101,194,0.002,4.4,1.17,0,0,0,0.0116,Low,0
SYN-04873,32,1,73,135,77,36.9,99.4,15,23.2,90,167,0.003,3.5,1.35,1,0,0,0.0173,Low,0
SYN-03345,31,0,75,128,75,36.6,97.5,20,35.0,77,273,0.002,0.6,1.11,0,0,0,0.0162,Low,0
SYN-07379,32,1,82,121,75,38.7,97.3,22,35.4,73,237,0.025,48.0,1.34,0,0,0,0.2538,Low,0
SYN-03333,24,1,91,128,70,36.6,98.0,14,34.0,111,225,0.003,2.4,1.29,0,0,0,0.0163,Low,0
SYN-03129,42,1,71,157,88,36.8,98.7,19,33.0,107,211,0.027,0.8,1.08,1,0,0,0.2082,Low,0
SYN-06326,90,1,96,148,83,37.3,97.3,19,25.8,229,253,0.024,1.5,1.62,0,1,0,0.9076,High,1
SYN-02208,61,0,80,150,85,36.3,99.5,16,36.1,160,183,0.003,2.3,0.99,1,1,0,0.279,Low,0
SYN-09035,66,0,59,118,80,36.9,98.1,20,26.7,70,224,0.001,0.4,1.11,0,0,0,0.024,Low,0
SYN-09423,50,0,77,173,94,36.5,98.5,14,29.7,165,277,0.001,3.1,1.74,1,1,0,0.4392,Moderate,0
SYN-05564,33,0,67,142,79,36.7,98.1,20,33.5,162,199,0.002,0.9,1.29,1,1,0,0.1005,Low,0
SYN-09435,65,0,75,139,80,36.2,98.7,19,30.8,104,231,0.592,4.8,0.98,0,0,0,0.9996,High,1
SYN-07543,48,0,71,149,87,36.9,98.4,16,25.5,111,183,0.015,0.3,1.36,1,0,0,0.0943,Low,0
SYN-09732,55,0,83,168,90,36.8,97.7,16,24.9,91,140,0.001,0.2,1.14,1,0,0,0.0918,Low,0
SYN-07132,56,1,81,157,99,36.7,96.9,14,37.4,229,259,0.003,2.0,1.72,1,1,0,0.6723,High,1
SYN-09610,51,0,93,152,84,39.6,95.4,20,27.0,99,193,0.002,48.0,1.53,1,1,0,0.676,High,1
SYN-00761,74,0,78,164,83,36.7,97.1,16,35.7,96,252,0.014,2.4,1.5,1,0,0,0.5494,Moderate,1
SYN-08743,30,1,92,139,83,36.8,98.8,14,25.9,120,198,0.007,2.4,1.12,1,0,0,0.0362,Low,0
SYN-05385,78,1,67,117,76,36.7,98.4,15,24.6,103,227,0.001,0.3,1.21,0,0,0,0.0505,Low,0
SYN-09750,61,1,75,152,85,36.6,96.9,18,36.0,95,216,0.012,1.2,1.41,1,0,1,0.6922,High,1
SYN-03907,28,1,70,103,53,37.4,99.7,11,26.0,80,180,0.009,1.4,1.11,0,0,0,0.0029,Low,0
SYN-01127,82,0,113,151,96,36.6,98.8,17,32.1,95,300,0.003,3.2,1.15,1,0,0,0.4966,Moderate,0
SYN-04420,76,0,66,171,92,37.0,99.0,12,36.5,74,287,0.01,1.4,1.23,1,0,0,0.3801,Moderate,0
SYN-07335,51,1,78,142,80,37.1,99.1,16,35.9,102,253,0.001,0.9,1.37,0,0,0,0.0644,Low,0
SYN-06338,32,0,81,105,61,36.7,99.1,17,28.5,111,236,0.004,2.2,1.17,0,0,0,0.0078,Low,0
SYN-02136,48,1,87,130,70,36.5,98.0,17,33.1,93,253,0.004,1.5,1.38,1,0,0,0.0909,Low,0
SYN-05859,72,1,88,138,82,36.7,99.5,16,27.1,76,216,0.003,0.2,1.05,0,0,0,0.0734,Low,0
SYN-05915,62,1,82,154,78,36.7,96.7,16,24.5,230,195,0.012,0.8,1.86,1,1,1,0.9166,High,1
SYN-08147,53,1,65,149,94,37.0,98.5,18,35.9,189,220,0.009,0.6,1.43,1,1,0,0.4229,Moderate,0
SYN-07878,62,0,63,140,82,36.7,97.5,17,24.2,57,240,0.007,34.6,1.2,0,0,0,0.1406,Low,0
SYN-07690,41,1,62,143,63,36.7,97.7,17,30.5,86,187,0.001,1.4,1.55,1,0,0,0.0454,Low,0
SYN-07865,34,0,87,125,76,36.5,99.0,18,25.9,83,227,0.029,2.8,1.01,1,0,0,0.0528,Low,0
SYN-02977,41,0,75,134,70,37.3,97.7,17,22.7,89,234,0.002,1.0,1.12,0,0,0,0.0157,Low,0
SYN-05079,68,1,95,148,81,36.2,98.4,17,24.2,85,268,0.002,0.3,1.56,1,0,0,0.2397,Low,0
SYN-00062,49,0,87,121,67,37.4,97.8,20,18.3,90,186,0.021,0.4,1.03,0,0,1,0.0654,Low,0
SYN-04293,40,0,90,100,59,36.4,97.7,18,21.7,126,178,0.007,0.3,1.29,0,1,0,0.0197,Low,0
SYN-07605,45,1,93,123,79,37.1,98.2,16,30.0,79,188,0.002,1.0,1.37,0,0,0,0.0226,Low,0
SYN-02917,79,0,81,152,90,36.6,98.4,14,24.6,93,242,0.024,0.3,1.34,1,0,0,0.4173,Moderate,0
SYN-02586,70,0,77,148,87,36.4,98.7,18,32.1,82,272,0.011,0.7,1.4,1,0,0,0.2885,Low,0
SYN-05227,55,0,87,126,80,36.8,97.7,11,22.0,91,229,0.001,3.0,1.07,0,0,0,0.0195,Low,0
SYN-06430,50,1,85,160,94,36.6,98.7,14,26.7,154,226,0.011,0.3,1.78,1,1,0,0.413,Moderate,0
SYN-01359,47,0,66,122,70,37.4,99.6,15,24.2,88,219,0.001,0.2,1.14,0,0,0,0.0089,Low,0
SYN-06020,51,1,72,104,71,36.4,98.7,18,30.8,90,178,0.003,5.0,1.21,0,0,0,0.0161,Low,0
SYN-07617,75,1,82,136,76,36.7,95.5,22,38.8,181,244,0.023,9.4,1.63,1,1,0,0.9049,High,1
SYN-02786,56,1,64,120,67,36.8,97.3,20,21.4,93,229,0.003,2.6,1.3,0,0,0,0.0308,Low,0
SYN-05593,69,1,85,136,76,36.7,98.0,15,26.9,109,228,0.005,5.4,1.41,1,1,1,0.7098,High,1
SYN-08769,46,0,102,117,64,38.8,95.2,21,22.5,94,189,0.01,6.5,1.24,0,0,1,0.093,Low,0
SYN-05801,46,1,50,107,73,37.3,92.6,16,19.1,61,186,0.009,0.9,1.03,0,0,1,0.0185,Low,0
SYN-07048,66,0,90,158,89,36.4,99.0,17,30.6,188,201,0.031,2.3,1.2,0,1,0,0.6449,Moderate,1
SYN-00529,58,1,95,140,84,38.8,97.4,14,30.5,93,231,0.01,11.2,1.46,0,0,0,0.1679,Low,0
SYN-00830,18,1,45,104,63,37.0,98.0,17,25.4,89,188,0.004,0.2,1.15,0,0,0,0.0018,Low,0
SYN-05530,53,1,80,110,67,36.5,98.1,19,24.1,70,211,0.001,0.8,1.32,0,0,0,0.0169,Low,0
SYN-02289,70,0,65,128,74,36.4,98.1,11,25.9,147,227,0.011,0.3,1.5,0,1,1,0.2694,Low,0
SYN-07152,64,1,63,159,90,36.9,99.2,16,22.4,99,187,0.022,0.2,1.28,1,0,0,0.2246,Low,0
SYN-06019,71,1,65,154,75,36.6,97.0,16,30.1,105,212,0.013,1.8,1.52,1,0,0,0.3639,Moderate,0
SYN-03230,31,1,67,110,65,37.0,97.1,11,20.4,98,189,0.027,0.2,1.05,0,0,1,0.0191,Low,0
SYN-01519,49,0,81,163,87,36.8,98.4,17,26.1,85,216,0.007,0.7,1.27,1,0,1,0.3859,Moderate,0
SYN-00796,52,0,89,135,73,37.1,98.0,15,27.1,85,227,0.034,2.3,1.19,1,0,0,0.1828,Low,0
SYN-05648,40,1,84,105,68,36.9,96.4,17,30.4,106,260,0.006,1.2,1.17,0,0,1,0.0441,Low,0
SYN-09992,25,0,81,88,61,36.6,98.4,16,30.5,197,195,0.009,1.0,1.2,0,1,0,0.0144,Low,0
SYN-02677,79,1,69,161,79,36.4,98.5,21,27.7,156,202,0.298,1.4,1.61,1,1,1,0.9999,High,1
SYN-00088,54,0,85,150,77,36.1,98.7,15,36.2,153,201,0.01,1.9,1.09,1,1,0,0.3136,Moderate,0
SYN-09395,40,1,92,114,70,36.8,97.2,13,30.1,92,176,0.024,1.2,1.2,0,0,1,0.0638,Low,0
SYN-07758,58,1,86,150,79,36.1,99.6,12,24.0,78,206,0.018,0.6,1.34,1,0,0,0.1399,Low,0
SYN-00753,38,1,79,149,95,36.9,94.9,15,30.3,111,179,0.017,1.3,1.57,1,0,1,0.4687,Moderate,0
SYN-02697,62,0,67,141,84,36.5,97.6,17,31.4,104,180,0.367,0.7,1.53,0,0,0,0.9968,High,1
SYN-02540,64,1,69,166,85,36.8,98.3,15,26.4,84,218,0.005,1.0,1.46,1,0,1,0.5619,Moderate,1
SYN-01962,44,1,88,119,78,36.6,99.2,18,27.7,101,234,0.007,1.1,1.22,1,0,0,0.0466,Low,0
SYN-05422,35,0,85,138,74,36.9,99.2,12,31.4,194,193,0.004,0.7,1.21,1,1,0,0.0915,Low,0
SYN-07559,46,1,87,144,76,35.9,98.1,16,23.4,107,193,0.021,1.1,1.53,0,0,0,0.0933,Low,0
SYN-04279,48,0,75,139,77,36.7,99.7,14,32.2,109,234,0.007,1.2,1.03,1,0,0,0.0563,Low,0
SYN-01550,60,0,77,138,87,36.8,97.9,12,24.6,109,201,0.002,0.2,1.31,1,0,1,0.2497,Low,0
SYN-08571,37,1,77,133,75,36.3,98.2,17,25.7,104,185,0.004,0.5,1.37,0,0,0,0.0194,Low,0
SYN-02185,26,0,81,123,67,36.2,98.8,20,27.9,155,237,0.006,0.5,1.13,0,1,1,0.0613,Low,0
SYN-02141,52,1,73,148,78,37.6,98.6,17,27.0,94,230,0.002,0.2,1.17,0,0,1,0.0942,Low,0
SYN-00022,43,1,63,123,69,36.6,97.1,15,24.4,199,211,0.015,4.6,0.96,0,1,1,0.1672,Low,0
SYN-05218,73,0,86,168,87,36.7,96.7,16,25.9,210,216,0.013,1.0,1.41,1,1,0,0.7848,High,1
SYN-09544,44,1,82,116,71,36.6,95.9,19,28.3,177,232,0.002,2.9,1.42,0,1,1,0.1924,Low,0
SYN-02113,69,1,69,130,80,36.7,99.0,17,21.9,82,243,0.001,0.7,1.4,0,0,0,0.0497,Low,0
SYN-00691,59,1,69,151,93,36.7,97.9,13,24.3,190,246,2.045,0.2,1.56,1,1,0,1.0,High,1
SYN-03910,30,0,80,107,62,36.8,100.0,13,22.5,97,226,0.001,0.4,0.76,0,0,0,0.0024,Low,0
SYN-01286,58,0,80,141,71,37.1,97.7,19,26.1,107,170,0.004,0.2,1.12,1,0,0,0.0851,Low,0
SYN-04302,72,0,76,152,90,35.9,98.2,18,20.5,103,249,0.167,0.7,1.5,1,0,0,0.9876,High,1
SYN-07366,55,1,82,153,83,36.8,97.9,13,26.6,69,175,0.025,0.3,1.48,1,0,0,0.1886,Low,0
SYN-03156,42,0,80,149,70,36.7,97.4,15,35.8,239,248,0.018,1.4,1.24,1,1,0,0.4937,Moderate,0
SYN-08329,42,1,61,104,76,36.6,97.7,19,28.6,93,255,0.002,2.9,1.25,0,0,1,0.0259,Low,0
SYN-09278,39,1,74,119,77,36.5,97.5,16,28.2,86,235,0.003,1.5,1.5,0,0,0,0.0174,Low,0
SYN-02516,45,1,75,124,77,37.9,96.7,19,31.4,199,232,0.003,12.1,1.44,0,1,0,0.1974,Low,0
SYN-00852,46,0,68,120,80,36.6,99.3,19,26.7,85,211,0.014,0.8,0.9,0,0,0,0.017,Low,0
SYN-08113,46,0,95,117,71,36.8,97.1,13,22.6,85,220,0.015,1.1,1.14,0,0,0,0.0229,Low,0
SYN-09997,53,1,80,154,76,36.8,99.8,12,38.6,86,287,0.002,0.7,1.5,1,0,0,0.1505,Low,0
SYN-02932,68,0,72,154,80,36.4,98.1,14,35.0,88,250,0.002,0.8,1.35,1,0,0,0.1922,Low,0
SYN-03162,63,0,72,163,90,36.2,97.5,16,20.7,96,197,0.008,0.5,1.78,1,0,0,0.2063,Low,0
SYN-06893,32,1,84,117,70,36.7,99.2,15,27.3,88,202,0.002,0.2,1.06,0,0,0,0.0067,Low,0
SYN-05941,25,0,62,114,62,36.9,98.7,18,26.2,92,190,0.003,0.9,1.11,0,0,0,0.0035,Low,0
SYN-09931,29,1,72,119,74,36.5,97.9,16,26.2,93,218,0.001,0.5,1.4,0,0,0,0.0079,Low,0
SYN-08334,80,1,97,140,79,36.7,96.4,21,22.4,92,253,0.017,0.3,1.4,0,0,1,0.5718,Moderate,1
SYN-01530,64,1,82,175,102,36.9,98.8,20,32.4,121,201,0.001,0.5,1.34,1,1,0,0.5194,Moderate,1
SYN-02979,44,1,60,101,61,36.8,95.0,16,25.6,100,208,0.02,0.2,1.24,0,0,1,0.0427,Low,0
SYN-08482,56,0,82,115,81,37.0,100.0,21,27.1,91,214,0.006,2.3,1.16,0,0,0,0.0282,Low,0
SYN-03181,38,1,63,149,72,37.1,99.0,19,27.2,137,240,0.001,1.2,1.43,1,1,0,0.12,Low,0
SYN-00337,43,0,72,125,77,37.2,98.1,20,30.9,216,220,0.003,2.0,0.83,0,1,0,0.0774,Low,0
SYN-05928,68,1,73,145,94,36.0,99.2,14,31.9,192,239,0.013,3.8,1.51,1,1,0,0.5968,Moderate,1
SYN-01969,47,0,90,126,72,37.7,98.7,17,27.5,77,189,0.008,0.7,1.03,0,0,0,0.0205,Low,0
SYN-08888,45,1,84,158,89,37.4,98.4,16,27.4,151,206,0.022,3.2,1.64,1,1,0,0.4711,Moderate,0
SYN-00589,58,1,86,158,93,36.4,98.5,21,31.4,201,225,0.004,2.3,1.11,1,1,0,0.5586,Moderate,1
SYN-09376,60,1,67,108,68,36.4,98.8,13,17.9,105,257,0.003,4.6,1.25,0,0,0,0.0187,Low,0
SYN-04436,68,1,87,143,88,36.2,99.4,18,21.1,79,226,0.006,0.7,1.48,1,0,0,0.1637,Low,0
SYN-01898,61,1,84,129,71,37.6,95.6,13,24.8,92,190,1.075,6.4,1.34,0,0,1,1.0,High,1
SYN-05132,54,0,63,125,79,36.5,98.0,14,23.6,78,195,0.005,0.2,1.03,1,0,0,0.022,Low,0
SYN-02768,82,0,85,151,89,37.1,93.8,23,26.5,96,283,0.012,0.5,1.81,1,0,1,0.9201,High,1
SYN-09340,59,0,69,128,82,37.2,97.2,17,26.0,89,227,0.001,0.2,1.16,0,0,0,0.0292,Low,0
SYN-01049,39,1,68,139,75,37.1,97.9,16,29.7,77,194,0.005,0.6,1.34,1,0,0,0.0361,Low,0
SYN-04699,71,0,105,168,85,37.5,97.4,16,29.4,99,241,0.003,0.2,1.49,1,0,0,0.4339,Moderate,0
SYN-09490,35,1,70,119,75,37.0,98.3,17,27.7,71,262,0.016,0.7,1.21,0,0,0,0.0184,Low,0
SYN-08898,75,0,86,176,93,36.8,98.5,14,30.2,119,236,0.012,0.9,1.25,1,0,0,0.5198,Moderate,1
SYN-04021,57,0,72,151,90,36.9,98.0,13,26.1,97,184,0.002,2.9,1.19,0,0,0,0.0416,Low,0
SYN-00219,52,0,84,118,56,38.9,93.6,18,25.6,90,194,0.001,14.8,1.38,0,0,0,0.0512,Low,0
SYN-05602,75,0,84,137,79,36.6,97.6,19,29.4,85,234,0.465,1.4,0.92,0,0,1,0.9996,High,1
SYN-06348,50,0,67,126,80,36.7,99.2,15,28.3,83,197,0.011,1.0,1.08,0,0,1,0.0391,Low,0
SYN-07369,76,1,87,159,87,36.9,98.5,18,32.3,106,213,0.002,3.7,1.26,0,0,0,0.2798,Low,0
SYN-01241,74,1,82,154,89,36.3,98.9,17,28.2,76,258,0.024,1.5,1.69,0,0,0,0.3981,Moderate,0
SYN-08730,35,1,72,138,85,36.9,99.2,14,30.1,74,149,0.005,1.8,1.4,1,0,0,0.0225,Low,0
SYN-05010,59,0,79,120,72,36.3,99.1,12,20.9,97,194,0.002,2.1,1.17,0,0,0,0.0154,Low,0
SYN-04651,39,0,88,155,90,37.1,97.0,13,37.1,165,217,0.003,0.5,1.38,1,1,0,0.2296,Low,0
SYN-07260,37,1,69,125,83,36.6,96.6,18,32.1,95,196,0.004,1.3,1.18,0,0,1,0.039,Low,0
SYN-05289,69,1,88,140,81,36.8,98.9,14,22.7,210,253,0.004,3.3,1.86,1,1,0,0.5594,Moderate,1
SYN-01068,61,0,86,114,68,36.0,98.5,20,26.2,96,222,0.001,0.8,1.34,0,0,0,0.0346,Low,0
SYN-02918,83,0,88,131,69,36.9,95.4,14,27.4,182,226,0.022,0.2,1.16,0,1,0,0.561,Moderate,1
SYN-08166,71,1,97,161,90,36.9,94.4,18,34.2,100,258,0.006,0.6,1.57,1,0,1,0.8851,High,1
SYN-08263,53,1,84,161,88,36.7,99.0,17,34.5,74,247,0.019,2.3,1.37,1,0,0,0.3086,Moderate,0
SYN-00967,50,0,96,110,73,37.2,98.3,17,30.2,200,236,0.001,0.5,1.05,0,1,0,0.0756,Low,0
SYN-00640,62,1,62,122,75,36.3,95.2,18,33.5,93,200,0.003,1.0,0.97,0,0,1,0.0927,Low,0
SYN-01078,90,0,77,134,76,36.9,99.1,13,21.4,169,245,0.011,3.3,1.38,0,1,0,0.4114,Moderate,0
SYN-04915,73,1,86,138,84,37.6,97.9,15,20.1,97,237,0.006,1.7,1.11,0,0,0,0.1013,Low,0
SYN-05543,64,1,91,129,71,36.9,99.1,13,26.8,216,262,0.028,1.3,1.37,0,1,0,0.4891,Moderate,0
SYN-07784,50,1,80,128,79,36.6,98.1,15,16.7,104,184,0.007,2.4,1.28,0,0,0,0.0241,Low,0
SYN-04837,22,1,75,118,75,37.2,98.3,14,20.5,97,189,0.007,0.4,1.1,0,0,0,0.0041,Low,0
SYN-06407,47,1,85,147,86,36.2,98.6,16,33.6,98,212,0.01,2.3,1.56,1,0,0,0.1539,Low,0
SYN-08615,56,0,70,140,79,36.7,97.4,15,23.1,143,191,0.013,3.3,1.17,1,1,0,0.1948,Low,0
SYN-07136,90,1,67,142,92,36.5,96.5,13,23.6,102,254,0.001,0.2,1.5,0,0,1,0.3491,Moderate,0
SYN-00341,18,0,75,115,75,36.9,97.6,15,27.3,85,182,0.007,1.5,1.2,0,0,0,0.0037,Low,0
SYN-08080,90,1,76,137,80,36.8,96.1,14,33.3,98,223,0.005,2.7,1.61,0,0,1,0.5003,Moderate,1
SYN-00475,64,0,51,130,74,36.7,98.5,12,34.8,112,196,0.01,2.3,1.07,0,1,1,0.1488,Low,0
SYN-03787,49,0,79,135,74,36.5,97.6,19,26.0,107,192,0.011,1.8,1.58,1,0,0,0.1,Low,0
SYN-01715,38,0,56,122,70,37.2,98.5,15,30.3,109,250,0.002,2.1,1.05,0,0,0,0.01,Low,0
SYN-02731,35,1,78,130,76,37.6,94.2,18,26.8,93,177,0.005,24.1,1.41,0,0,1,0.1184,Low,0
SYN-04569,64,1,75,136,74,37.4,98.4,21,19.1,83,217,1.057,3.3,1.54,0,0,0,1.0,High,1
SYN-05813,63,1,85,131,79,36.5,98.9,14,25.4,96,227,0.006,4.2,1.36,0,0,0,0.0692,Low,0
SYN-09879,40,1,57,113,69,36.6,97.7,16,30.5,72,207,0.004,3.6,1.22,0,0,1,0.0202,Low,0
SYN-04157,60,0,61,119,74,36.5,96.8,16,22.2,90,193,0.007,2.3,0.93,0,0,0,0.0198,Low,0
SYN-03697,43,0,93,152,81,36.6,97.6,15,28.5,98,231,0.03,1.5,1.25,1,1,0,0.3326,Moderate,0
SYN-00843,82,1,84,142,94,36.5,98.0,16,21.0,98,244,0.006,0.2,1.74,1,0,0,0.3361,Moderate,0
SYN-08447,76,0,72,150,82,37.0,97.0,18,27.0,112,245,0.039,0.7,0.94,0,0,0,0.4242,Moderate,0
SYN-05557,58,0,73,142,90,38.3,95.9,20,23.4,147,240,0.003,9.2,1.22,1,1,0,0.3186,Moderate,0
SYN-09019,44,0,67,129,78,36.8,98.3,18,29.8,167,229,0.006,2.0,1.37,0,1,0,0.0809,Low,0
SYN-03579,63,0,81,131,76,37.9,95.6,16,24.7,223,212,0.16,20.3,1.29,0,1,0,0.9939,High,1
SYN-07256,49,0,78,146,74,36.8,98.5,18,25.4,102,197,0.007,0.2,1.4,1,0,0,0.0802,Low,0
SYN-01208,40,1,63,106,68,37.0,97.8,14,31.0,161,250,0.002,1.6,1.37,0,1,1,0.0642,Low,0
SYN-04956,87,1,78,164,92,36.7,98.3,18,36.4,83,287,0.019,1.3,1.64,1,0,0,0.7816,High,1
SYN-03465,62,1,94,138,75,38.9,94.3,21,28.3,98,257,0.001,8.0,1.55,1,0,0,0.339,Moderate,0
SYN-07897,33,0,66,117,76,36.8,97.3,10,29.3,92,241,0.001,0.2,0.89,0,0,1,0.0094,Low,0
SYN-02044,42,0,58,152,80,36.9,99.1,17,28.1,122,175,0.16,0.5,1.54,1,1,0,0.962,High,1
SYN-06868,56,0,71,121,80,35.6,98.1,18,23.8,114,178,0.011,2.5,1.41,0,0,0,0.0389,Low,0
SYN-09681,51,1,66,122,70,36.7,98.7,18,18.0,96,191,0.021,0.8,1.23,1,0,0,0.0537,Low,0
SYN-03481,46,0,66,94,63,36.6,98.3,16,25.6,93,212,0.001,3.2,1.15,0,0,0,0.0056,Low,0
SYN-03241,72,1,82,158,90,37.3,98.8,17,32.1,88,224,0.008,0.8,1.62,1,0,0,0.3845,Moderate,0
SYN-02218,52,0,82,140,79,36.3,98.7,19,27.1,72,189,0.018,2.6,1.06,0,0,0,0.0574,Low,0
SYN-09765,69,0,69,133,83,36.6,99.3,20,33.5,96,275,0.006,0.7,1.13,0,0,0,0.099,Low,0
SYN-08433,43,1,73,119,69,37.0,97.9,17,25.9,157,238,0.01,0.6,1.35,0,1,1,0.1393,Low,0
SYN-01361,48,1,83,130,77,36.9,99.1,21,36.0,84,234,0.022,1.2,1.04,0,0,0,0.0903,Low,0
SYN-08766,58,0,72,143,75,36.7,99.2,15,29.8,90,250,0.006,0.5,1.25,1,0,0,0.0911,Low,0
SYN-05300,60,0,87,122,84,36.8,97.2,18,26.7,93,209,0.009,2.2,1.62,1,0,0,0.1163,Low,0
SYN-01531,63,0,86,141,88,37.0,96.5,18,28.2,213,223,0.27,3.5,1.4,1,1,1,0.9999,High,1
SYN-04146,25,1,71,121,75,36.7,99.2,14,33.0,84,200,0.002,2.4,1.27,0,0,0,0.0062,Low,0
SYN-00693,69,0,62,157,88,36.6,98.5,17,39.7,189,214,0.001,1.5,1.67,1,1,0,0.5711,Moderate,1
SYN-02280,22,0,78,137,83,36.9,98.9,13,40.3,150,214,0.003,0.8,0.86,0,1,0,0.024,Low,0
SYN-04050,55,0,62,126,72,36.5,95.8,15,27.0,89,198,0.001,0.2,1.26,0,0,1,0.0435,Low,0
SYN-06314,63,1,76,163,91,37.4,98.7,17,36.4,65,257,0.042,1.2,1.8,1,0,1,0.9686,High,1
SYN-03995,64,0,71,158,87,36.5,99.4,17,23.4,122,224,0.003,2.4,1.24,1,0,0,0.1572,Low,0
SYN-00244,31,1,69,133,87,36.7,98.4,17,30.7,100,204,0.001,1.0,1.34,0,0,0,0.014,Low,0
SYN-00455,55,1,65,140,75,36.7,98.5,19,26.7,99,201,0.016,0.9,1.47,1,0,0,0.1419,Low,0
SYN-02820,67,1,79,131,69,36.8,98.8,14,30.8,88,251,0.005,1.9,1.29,0,0,0,0.0789,Low,0
SYN-00620,77,0,86,131,85,36.4,98.6,18,15.0,99,182,0.007,0.2,0.67,0,0,0,0.0492,Low,0
SYN-09135,38,0,57,117,60,37.0,98.0,17,34.9,89,234,0.003,1.7,1.07,0,0,0,0.0101,Low,0
SYN-00073,39,1,80,126,75,37.2,97.3,16,24.1,126,161,0.003,0.6,1.15,0,1,1,0.0594,Low,0
SYN-04648,42,0,66,148,78,37.1,98.5,13,22.1,187,193,0.959,0.4,1.5,1,1,0,1.0,High,1
SYN-00673,43,0,94,148,87,37.1,99.0,17,25.1,101,166,0.01,1.9,1.81,1,0,1,0.3556,Moderate,0
SYN-06441,64,1,91,127,77,36.8,96.3,15,35.5,104,212,0.004,3.8,1.58,0,0,1,0.2441,Low,0
SYN-07628,27,0,86,115,76,36.3,99.4,13,29.9,81,220,0.009,3.2,0.86,0,0,0,0.0057,Low,0
SYN-04948,60,0,76,119,72,36.7,95.5,20,34.4,153,276,0.762,0.6,1.0,0,1,1,1.0,High,1
SYN-08566,40,1,67,123,74,36.9,100.0,17,23.7,86,241,0.015,0.3,1.31,1,0,0,0.0326,Low,0
SYN-01256,44,0,67,146,87,36.2,97.5,18,42.5,158,264,0.369,3.4,1.41,1,1,1,0.9999,High,1
SYN-05906,50,0,96,132,76,37.4,99.3,14,15.0,83,206,0.002,1.3,1.16,1,0,0,0.0257,Low,0
SYN-01194,66,1,63,136,79,36.0,98.6,15,27.2,92,197,0.003,0.3,1.41,0,0,0,0.0515,Low,0
SYN-05174,39,1,57,139,83,36.8,98.5,23,36.4,221,215,0.002,0.7,1.77,1,1,0,0.2877,Low,0
SYN-01513,68,1,83,148,83,36.7,96.3,14,33.6,108,192,0.028,0.8,1.64,1,0,0,0.5175,Moderate,1
SYN-09424,66,1,77,159,78,36.2,98.3,17,32.9,141,225,0.005,1.5,1.78,1,1,0,0.5772,Moderate,1
SYN-08836,28,1,75,106,67,35.7,98.9,16,26.5,88,215,0.009,3.2,1.33,0,0,0,0.0073,Low,0
SYN-00335,55,1,80,119,67,36.9,99.6,17,29.6,157,177,0.001,0.2,1.69,1,1,0,0.1352,Low,0
SYN-06869,31,0,79,117,72,37.5,99.7,15,27.8,97,158,1.194,1.9,1.03,1,0,0,0.9998,High,1
SYN-04460,57,1,71,114,60,36.7,98.5,16,24.9,72,233,0.004,0.9,1.05,0,0,0,0.0178,Low,0
SYN-09050,42,1,72,150,89,36.4,98.3,13,28.7,95,210,0.002,0.7,1.07,1,0,0,0.0422,Low,0
SYN-08268,35,0,84,144,81,36.9,99.4,13,31.8,224,246,0.02,0.6,1.23,1,1,0,0.28,Low,0
SYN-04902,55,0,60,123,74,36.6,98.2,15,21.6,85,269,0.002,0.6,0.99,0,0,0,0.0143,Low,0
SYN-02629,41,1,86,148,81,37.2,98.4,13,27.4,82,227,0.01,1.2,1.37,1,0,0,0.074,Low,0
SYN-08871,77,1,92,131,74,37.4,97.8,15,26.5,144,246,0.003,20.9,1.54,0,1,0,0.5019,Moderate,1
SYN-04232,65,0,78,138,76,37.5,99.2,19,31.4,88,214,0.009,4.2,1.28,0,0,0,0.1019,Low,0
SYN-01073,50,1,86,144,78,36.5,98.9,13,37.3,179,280,0.001,2.0,1.29,1,1,0,0.3146,Moderate,0
SYN-02535,51,0,67,118,73,37.0,97.8,16,27.4,142,218,0.001,3.4,1.32,0,1,0,0.0463,Low,0
SYN-03466,87,1,63,164,95,37.1,92.7,18,33.8,199,248,0.013,1.7,1.59,1,1,0,0.9307,High,1
SYN-02428,45,1,94,123,72,39.4,95.4,21,27.8,102,207,2.797,16.5,1.68,0,0,0,1.0,High,1
SYN-06022,27,1,84,120,73,37.3,99.2,14,27.7,84,191,0.006,2.6,1.34,0,0,1,0.0171,Low,0
SYN-02182,58,0,53,136,70,37.0,98.0,12,33.7,71,217,0.003,2.8,1.25,1,0,0,0.0461,Low,0
SYN-03900,59,0,92,104,48,36.5,100.0,10,22.5,95,194,0.001,0.2,1.4,0,0,0,0.0106,Low,0
SYN-00275,79,1,88,138,83,36.7,97.7,14,29.7,155,189,0.008,0.4,1.57,0,1,0,0.4081,Moderate,0
SYN-02549,26,0,81,123,71,36.6,99.1,12,33.7,160,210,0.009,1.2,1.28,1,1,0,0.0472,Low,0
SYN-00945,59,0,69,131,80,36.7,99.1,19,39.6,98,262,0.001,1.5,1.25,0,1,0,0.1095,Low,0
SYN-07188,65,0,60,145,83,36.8,97.4,18,31.6,201,261,0.005,3.0,0.93,1,1,0,0.4165,Moderate,0
SYN-08803,51,1,76,135,64,36.8,98.3,18,37.3,82,224,0.002,2.2,1.36,1,0,0,0.0908,Low,0
SYN-04790,63,0,88,140,73,38.7,98.1,18,25.7,97,218,0.002,17.4,1.34,0,0,0,0.1301,Low,0
SYN-04320,90,0,78,156,88,36.5,95.3,20,28.2,106,230,0.016,0.5,1.47,1,0,0,0.6913,High,1
SYN-03616,68,1,66,160,95,36.6,98.7,18,25.1,91,206,0.003,0.5,1.76,1,0,0,0.2295,Low,0
SYN-09351,79,1,65,131,66,36.5,98.3,17,27.2,82,225,1.018,0.7,1.61,0,0,1,1.0,High,1
SYN-01873,44,0,81,119,77,36.6,98.4,16,28.3,109,184,0.001,0.4,1.01,0,0,1,0.0243,Low,0
SYN-03128,61,1,101,162,85,37.8,81.4,19,34.8,81,247,0.003,21.0,1.64,1,0,1,0.9701,High,1
SYN-04859,46,1,57,119,74,36.6,98.0,14,16.0,91,157,0.004,2.1,1.21,0,0,1,0.0147,Low,0
SYN-09940,31,1,70,103,71,36.6,96.9,16,24.8,82,156,0.004,1.1,1.29,0,0,1,0.0093,Low,0
SYN-01407,58,0,81,136,88,37.0,99.3,18,28.0,102,204,0.01,1.1,0.97,1,0,0,0.088,Low,0
SYN-06484,82,1,67,147,90,36.4,97.7,20,25.9,215,272,0.001,1.6,1.63,1,1,0,0.7354,High,1
SYN-02628,77,0,75,150,89,37.0,98.2,13,33.2,81,226,0.007,0.8,1.1,0,0,0,0.1347,Low,0
SYN-08330,68,1,81,153,89,36.7,99.6,15,22.5,91,237,0.037,0.3,1.53,1,0,0,0.4533,Moderate,0
SYN-09923,39,1,56,101,59,36.9,99.3,18,20.6,86,155,0.011,0.3,1.03,0,0,0,0.0043,Low,0
SYN-02633,53,1,77,144,86,36.6,96.8,12,29.8,76,247,0.014,0.4,1.33,1,0,1,0.424,Moderate,0
SYN-09269,36,0,90,106,61,36.6,97.6,15,34.2,94,266,0.009,0.6,0.96,0,0,0,0.014,Low,0
SYN-09502,42,0,78,104,64,37.2,98.3,15,17.8,91,188,0.003,1.1,0.77,0,0,0,0.0038,Low,0
SYN-09341,36,0,94,156,87,36.8,98.7,19,30.1,99,241,0.002,1.5,1.85,1,0,0,0.1151,Low,0
SYN-08353,67,1,65,126,72,36.5,99.7,11,32.0,91,240,0.01,1.0,1.71,0,0,0,0.0709,Low,0
SYN-02637,49,0,73,134,84,36.2,98.7,15,33.0,111,278,0.004,3.5,1.3,1,1,0,0.1361,Low,0
SYN-08375,51,0,78,152,79,36.5,97.4,13,35.2,113,242,0.004,3.6,1.37,0,0,0,0.0897,Low,0
SYN-02988,79,0,84,151,85,37.0,94.6,22,31.8,177,191,0.01,2.5,1.01,0,1,1,0.7855,High,1
SYN-06763,49,0,57,139,75,37.3,98.3,16,30.8,146,233,0.547,15.6,1.24,1,1,1,1.0,High,1
SYN-07534,79,0,86,152,79,36.9,96.7,15,36.4,127,273,0.005,3.5,1.76,1,1,0,0.7237,High,1
SYN-06331,77,0,71,127,82,36.6,95.0,20,21.7,82,213,0.003,2.3,1.57,0,0,0,0.1051,Low,0
SYN-02133,48,0,100,124,82,36.2,95.6,17,35.6,160,249,0.009,1.5,1.34,0,1,1,0.3495,Moderate,0
SYN-02597,74,1,75,147,98,36.4,94.1,16,34.9,67,217,0.002,1.5,1.46,0,0,0,0.1975,Low,0
SYN-08797,73,0,78,149,86,36.8,98.6,17,27.5,117,216,0.002,0.7,1.37,1,0,0,0.2141,Low,0
SYN-02367,72,0,75,122,67,36.5,98.3,15,22.0,103,159,0.017,1.5,1.45,0,0,0,0.0711,Low,0
SYN-09215,31,0,85,132,80,37.0,97.4,18,29.1,102,206,0.001,0.4,1.25,0,0,0,0.015,Low,0
SYN-03678,64,1,68,147,83,37.1,98.6,11,26.9,84,226,0.001,0.8,1.21,0,0,0,0.0473,Low,0
SYN-09569,64,0,84,116,68,36.6,98.5,13,22.5,108,227,0.008,0.2,1.37,0,0,0,0.0374,Low,0
SYN-06894,69,0,85,154,77,36.4,97.6,18,32.7,174,264,0.001,0.7,1.37,1,1,0,0.5738,Moderate,1
SYN-02857,53,1,74,170,98,37.1,98.9,12,32.0,101,230,0.015,0.6,1.19,1,1,0,0.3418,Moderate,0
SYN-09950,47,0,82,130,80,36.9,98.5,16,20.1,89,202,0.001,0.3,1.25,1,0,0,0.0249,Low,0
SYN-04289,52,1,76,153,84,37.0,96.1,19,29.4,101,200,0.548,1.6,1.59,1,0,1,1.0,High,1
SYN-02611,27,1,98,110,69,36.4,96.1,20,27.1,100,196,0.007,0.7,1.18,0,0,1,0.0292,Low,0
SYN-04440,39,1,87,128,78,36.9,98.3,20,23.4,105,194,0.01,1.5,1.46,1,0,0,0.0581,Low,0
SYN-09523,61,1,79,136,82,37.3,97.5,14,27.1,88,226,0.014,1.5,1.63,0,0,0,0.1098,Low,0
SYN-05964,53,1,79,141,81,36.9,97.2,13,23.3,177,189,0.031,2.0,0.99,0,1,1,0.4285,Moderate,0
SYN-01583,63,0,80,103,66,36.7,96.7,17,31.0,116,243,0.003,1.8,1.41,0,0,0,0.0456,Low,0
SYN-04901,21,0,69,120,80,36.5,98.7,15,34.3,87,204,0.001,0.6,1.2,1,0,0,0.0073,Low,0
SYN-04467,54,0,70,125,75,36.6,97.9,23,31.1,118,211,0.003,1.8,1.23,0,1,0,0.084,Low,0
SYN-02821,29,1,90,122,56,36.7,99.3,18,32.0,89,206,0.006,0.8,1.52,0,0,0,0.017,Low,0
SYN-03548,71,0,79,150,81,37.1,98.4,16,26.4,92,202,0.002,0.4,0.83,1,0,0,0.115,Low,0
SYN-02845,43,0,72,119,74,37.1,99.3,16,31.8,87,175,0.006,2.2,1.08,0,0,0,0.0115,Low,0
SYN-04081,72,0,76,134,87,36.6,99.3,13,30.8,83,240,0.004,1.8,1.08,0,0,0,0.0603,Low,0
SYN-07525,46,1,90,97,69,36.9,98.1,20,23.1,111,195,0.001,1.6,1.06,0,0,1,0.0241,Low,0
SYN-05286,60,0,102,131,72,36.7,97.1,16,22.6,95,242,0.029,0.4,0.8,0,0,0,0.1203,Low,0
SYN-03501,50,0,106,133,80,38.9,96.2,19,18.9,84,193,4.8,14.4,1.16,0,0,1,1.0,High,1
SYN-01607,62,0,83,145,86,37.1,95.4,18,35.9,124,208,0.003,1.8,1.19,1,1,1,0.7342,High,1
SYN-00380,47,1,101,139,87,36.9,99.4,18,35.9,69,214,0.152,1.4,1.36,0,0,0,0.9287,High,1
SYN-00190,80,1,77,169,91,36.5,98.5,17,28.7,101,262,0.004,0.3,1.51,1,0,0,0.504,Moderate,1
SYN-05692,48,0,93,126,80,37.1,98.4,20,21.3,96,227,0.005,0.2,0.87,0,0,0,0.0228,Low,0
SYN-02217,54,1,71,127,70,37.0,98.4,12,30.2,91,243,0.015,1.2,1.21,0,0,0,0.0467,Low,0
SYN-00844,53,0,78,127,79,36.8,98.4,23,24.7,89,195,0.012,1.2,0.96,0,0,0,0.0383,Low,0
SYN-08531,64,1,73,157,89,37.2,98.1,13,29.3,94,202,0.003,1.7,1.62,1,0,0,0.1857,Low,0
SYN-06301,79,1,71,130,80,37.1,97.8,25,21.6,87,212,0.009,2.2,1.63,0,0,0,0.1917,Low,0
SYN-01323,54,1,89,130,79,39.8,95.9,21,30.8,93,202,0.001,15.1,1.27,0,0,1,0.2037,Low,0
SYN-00527,77,1,72,137,70,36.6,97.8,18,25.7,79,271,0.008,3.7,1.85,1,0,1,0.7146,High,1
SYN-07032,81,0,85,151,86,36.9,96.4,19,29.3,203,235,0.009,2.7,1.44,1,1,0,0.8033,High,1
SYN-07682,63,1,65,147,96,36.5,97.1,14,35.3,233,280,0.009,7.4,1.64,1,1,1,0.9284,High,1
SYN-03029,41,1,71,121,72,36.8,97.9,13,29.9,105,237,0.004,0.2,1.45,0,0,0,0.0188,Low,0
SYN-01306,18,0,67,107,62,36.7,98.5,16,21.6,82,231,0.009,0.8,0.7,0,0,1,0.0041,Low,0
SYN-07342,65,0,67,130,77,36.9,99.1,15,28.9,196,242,0.012,0.4,1.22,0,1,0,0.2075,Low,0
SYN-06131,52,1,67,140,77,37.1,98.4,20,33.8,156,255,0.001,1.5,1.35,0,1,0,0.1694,Low,0
SYN-09789,70,1,79,167,95,36.5,99.2,17,24.0,85,213,1.719,1.9,1.34,1,0,1,1.0,High,1
SYN-09971,74,0,83,170,94,36.6,96.8,16,23.8,187,193,0.006,0.2,1.37,1,1,0,0.652,High,1
SYN-04563,59,1,81,121,71,36.7,97.8,19,22.8,62,200,0.001,2.0,1.0,0,0,0,0.0227,Low,0
SYN-00896,71,0,89,154,92,37.2,97.7,14,30.0,88,248,0.004,0.2,1.6,1,0,0,0.2774,Low,0
SYN-06691,50,0,91,113,79,36.8,98.5,18,26.1,83,246,0.003,1.7,1.05,0,0,0,0.0187,Low,0
SYN-04120,42,1,78,115,68,37.1,97.6,20,22.7,110,214,0.013,0.2,1.35,0,0,0,0.0285,Low,0
SYN-07920,90,1,68,157,86,36.8,97.8,17,27.4,169,284,0.006,0.2,1.44,1,1,1,0.9474,High,1
SYN-04203,63,1,61,119,63,35.8,98.0,16,27.5,107,224,0.019,2.0,1.36,0,0,0,0.0774,Low,0
SYN-05400,73,0,53,130,70,37.1,98.4,15,25.7,215,219,0.001,0.2,1.38,0,1,0,0.1715,Low,0
SYN-00389,58,0,66,142,84,36.9,98.2,20,24.4,117,199,0.003,2.4,1.14,1,0,0,0.086,Low,0
SYN-04242,40,0,64,120,70,36.7,97.5,18,25.2,102,194,0.001,0.2,1.03,0,0,1,0.0176,Low,0
SYN-04457,44,0,68,157,91,36.4,100.0,19,37.0,177,219,0.007,3.4,1.12,1,1,0,0.2769,Low,0
SYN-08556,37,0,85,123,68,37.1,99.8,13,26.4,106,254,0.013,0.7,0.83,0,0,0,0.0139,Low,0
SYN-03381,58,0,84,167,98,37.1,98.6,17,32.4,160,207,0.018,3.7,1.12,1,1,0,0.5864,Moderate,1
SYN-00711,54,0,77,133,76,37.2,98.6,13,20.5,97,287,0.004,0.9,1.42,1,0,0,0.0559,Low,0
SYN-01251,69,1,92,129,75,36.9,99.8,18,31.2,171,297,0.008,3.7,1.52,0,1,0,0.4285,Moderate,0
SYN-05009,41,1,79,103,67,37.2,98.0,19,22.0,98,204,0.001,1.3,1.24,0,0,0,0.0089,Low,0
SYN-01482,63,0,71,143,76,36.9,98.3,15,27.4,107,183,0.01,0.6,0.98,0,0,1,0.1176,Low,0
SYN-05547,81,1,69,114,66,36.6,92.5,18,25.6,218,241,0.005,3.1,1.2,0,1,1,0.6273,Moderate,1
SYN-09301,52,0,79,168,96,37.2,99.5,11,34.6,225,244,0.006,2.5,0.99,1,1,0,0.4296,Moderate,0
SYN-00849,43,1,81,115,75,36.9,98.4,15,25.4,97,201,0.001,0.8,0.92,0,0,0,0.0095,Low,0
SYN-02827,83,1,76,159,74,36.8,96.1,18,30.4,104,182,0.868,1.0,2.03,1,0,0,1.0,High,1
SYN-02019,63,0,73,137,80,36.9,97.6,19,29.6,92,237,0.008,0.2,1.07,1,0,1,0.4162,Moderate,0
SYN-02585,61,1,101,182,99,36.7,97.9,12,35.6,90,205,0.001,0.7,1.51,1,0,1,0.7441,High,1
SYN-01299,35,1,63,122,75,37.0,99.0,14,31.8,91,210,0.024,1.5,0.99,0,0,0,0.0194,Low,0
SYN-03175,66,1,94,118,71,36.2,98.8,19,27.5,199,169,0.003,0.4,1.24,0,1,0,0.1819,Low,0
SYN-08452,46,1,58,117,72,36.4,99.9,17,23.4,80,235,0.001,0.5,1.21,0,0,0,0.0088,Low,0
SYN-03170,35,0,64,129,80,37.5,98.8,16,24.2,223,195,0.002,1.9,1.14,1,1,0,0.0624,Low,0
SYN-05234,87,1,89,162,84,36.8,98.2,15,31.4,90,284,0.004,1.8,1.72,1,0,0,0.6275,Moderate,1
SYN-04358,48,0,49,121,76,36.6,97.7,13,26.6,150,182,1.771,0.5,1.06,0,1,0,1.0,High,1
SYN-02480,50,1,72,124,66,36.6,97.8,19,21.4,94,248,0.007,2.5,1.57,0,0,0,0.0411,Low,0
SYN-09837,44,1,61,110,66,37.1,98.0,18,24.6,80,164,0.003,3.4,1.35,0,0,0,0.0092,Low,0
SYN-07264,47,0,79,139,83,37.5,96.8,16,30.3,82,220,0.007,3.3,1.31,1,0,0,0.0762,Low,0
SYN-06459,48,0,71,157,85,36.6,98.6,14,33.9,100,233,0.005,3.6,0.99,1,0,0,0.0901,Low,0
SYN-09005,73,1,71,148,82,37.0,98.8,20,38.0,86,243,0.003,1.5,1.43,1,0,0,0.3179,Moderate,0
SYN-07793,51,0,53,122,68,36.9,98.0,16,27.3,144,213,0.002,5.3,1.13,0,1,0,0.041,Low,0
SYN-06908,55,1,77,132,67,36.3,99.4,16,25.9,85,203,0.006,3.0,1.5,0,0,0,0.0427,Low,0
SYN-01803,49,1,76,126,67,37.0,94.0,15,31.7,88,207,0.001,3.7,1.47,0,0,1,0.0881,Low,0
SYN-02666,56,1,86,127,82,36.9,98.4,13,26.6,86,180,0.001,5.1,1.34,0,0,0,0.0306,Low,0
SYN-02308,54,0,83,138,78,36.4,98.4,18,27.4,93,214,0.009,2.3,1.44,1,0,1,0.3792,Moderate,0
SYN-04092,55,0,81,149,82,36.4,97.4,13,25.5,179,194,0.012,0.7,1.21,1,1,0,0.2914,Low,0
SYN-09693,64,0,86,145,77,37.3,98.3,18,30.3,201,262,0.004,2.5,1.34,1,1,0,0.5206,Moderate,1
SYN-09597,80,0,97,149,86,36.6,97.7,18,19.4,90,195,0.008,1.1,1.19,1,0,0,0.2747,Low,0
SYN-07890,64,1,55,125,67,36.4,97.4,21,27.6,103,229,0.003,0.5,1.1,0,0,1,0.0997,Low,0
SYN-07854,27,0,72,109,61,36.7,97.6,19,27.0,88,187,0.011,1.7,1.12,0,0,1,0.0139,Low,0
SYN-03430,67,1,63,130,75,36.1,99.6,20,23.3,85,227,0.051,1.6,1.37,1,0,0,0.6413,Moderate,1
SYN-00125,67,0,65,149,82,36.9,97.4,19,25.6,104,163,0.002,0.5,1.38,1,0,1,0.4195,Moderate,0
SYN-01087,32,1,81,130,74,36.8,98.3,14,29.2,78,235,0.002,0.2,1.72,1,0,0,0.0277,Low,0
SYN-07520,30,1,71,110,60,36.2,97.4,19,29.9,203,190,0.005,2.2,1.13,0,1,0,0.0366,Low,0
SYN-07791,47,0,74,126,64,36.1,99.2,14,31.7,94,196,0.004,3.3,1.15,0,0,0,0.0177,Low,0
SYN-06099,70,0,80,158,87,36.8,98.4,13,30.2,87,207,0.009,0.6,1.37,1,0,1,0.5936,Moderate,1
SYN-01744,33,1,78,122,69,37.5,98.8,16,33.9,183,243,0.013,6.1,1.38,0,1,1,0.1999,Low,0
SYN-09841,50,1,63,116,71,36.8,97.8,18,24.6,90,217,0.01,1.3,1.12,0,0,0,0.0216,Low,0
SYN-08008,41,1,71,124,76,36.2,95.5,22,29.8,83,205,0.02,0.4,1.3,0,0,1,0.1083,Low,0
SYN-04823,78,0,98,153,90,37.4,98.4,14,27.6,152,213,0.014,1.5,1.15,1,1,0,0.6186,Moderate,1
SYN-06816,55,1,84,112,74,37.0,98.3,17,25.4,117,199,0.012,0.2,1.18,0,0,0,0.0379,Low,0
SYN-00108,49,0,78,151,84,36.8,98.1,16,29.5,95,174,0.012,0.3,1.39,1,0,0,0.1035,Low,0
SYN-07480,45,1,81,152,83,37.0,99.7,16,23.0,91,228,0.008,2.4,1.18,1,0,0,0.075,Low,0
SYN-05450,57,0,72,104,66,36.0,99.1,15,31.5,79,247,0.009,1.6,1.25,0,0,0,0.021,Low,0
SYN-03461,56,1,74,135,80,36.4,97.4,18,20.7,93,214,0.004,0.8,1.4,1,0,1,0.2911,Low,0
SYN-01289,86,0,77,171,88,37.0,98.1,15,34.1,164,231,0.013,2.3,1.22,1,1,0,0.8242,High,1
SYN-06577,63,0,96,145,66,37.0,97.8,15,32.9,104,179,0.004,2.7,1.59,1,0,0,0.2015,Low,0
SYN-07892,46,1,84,142,79,36.4,99.1,17,30.3,138,249,0.01,0.6,1.42,1,1,0,0.2498,Low,0
SYN-00541,27,1,74,116,61,36.8,98.2,20,22.4,91,226,0.008,1.2,1.51,0,0,0,0.0112,Low,0
SYN-04008,62,1,73,133,72,36.4,95.7,19,21.1,86,232,1.318,1.1,1.35,0,0,1,1.0,High,1
SYN-05656,51,1,68,150,77,36.5,97.8,17,26.7,103,241,0.001,1.9,1.68,1,0,0,0.1196,Low,0
SYN-09076,47,0,85,133,87,37.3,98.5,16,23.7,75,197,0.001,1.1,1.24,0,0,0,0.0168,Low,0
SYN-01959,49,1,73,120,70,36.7,96.0,19,31.5,152,221,0.015,1.3,1.23,0,1,1,0.2723,Low,0
SYN-00740,18,1,68,112,72,37.4,98.2,19,36.3,100,274,0.001,2.8,1.32,0,0,0,0.0083,Low,0
SYN-03102,46,1,74,132,73,38.6,94.7,17,30.9,88,143,0.001,12.1,0.82,0,0,0,0.0314,Low,0
SYN-01475,51,1,81,115,64,39.0,95.9,22,29.0,85,181,0.004,25.8,1.47,0,0,0,0.0939,Low,0
SYN-02503,70,1,74,172,95,36.2,99.5,13,23.9,206,202,0.01,1.8,1.53,1,1,0,0.6596,High,1
SYN-06179,18,0,67,134,87,36.2,98.4,15,20.7,82,178,0.005,2.5,0.7,1,0,1,0.023,Low,0
SYN-05632,78,1,82,120,74,36.4,97.4,17,29.2,107,257,0.004,3.4,1.03,0,0,0,0.1229,Low,0
SYN-06970,71,1,65,171,93,36.7,99.6,16,32.0,78,200,0.003,1.6,1.47,1,0,1,0.6429,Moderate,1
SYN-00602,45,1,100,143,77,36.9,97.5,15,29.3,214,218,0.007,1.0,1.81,1,1,1,0.7942,High,1
SYN-06089,83,1,96,163,79,35.9,98.0,16,31.0,76,181,0.008,1.0,1.48,1,0,0,0.5014,Moderate,1
SYN-09839,55,1,62,123,72,36.5,98.3,19,30.7,135,224,0.006,1.4,1.26,0,1,0,0.0926,Low,0
SYN-08853,35,0,75,120,69,37.1,99.3,15,28.7,100,231,0.029,1.2,0.94,0,1,1,0.0823,Low,0
SYN-07308,25,1,67,101,65,37.1,94.2,15,23.7,139,202,0.007,1.7,1.15,0,1,1,0.0274,Low,0
SYN-09649,32,1,85,128,68,36.3,98.0,13,29.3,90,263,0.017,1.8,1.47,0,0,0,0.0335,Low,0
SYN-07437,71,0,70,160,82,36.5,96.1,17,32.6,85,140,0.012,1.5,1.23,1,0,0,0.2773,Low,0
SYN-06113,56,1,51,105,67,36.7,98.6,12,26.2,110,221,0.013,1.6,1.23,0,0,0,0.0181,Low,0
SYN-09111,63,0,88,150,70,36.8,99.3,11,37.9,104,192,0.022,3.0,1.44,1,0,0,0.3074,Moderate,0
SYN-09281,34,1,58,126,68,36.4,98.5,15,22.7,94,258,0.008,1.8,1.11,0,0,0,0.0109,Low,0
SYN-01644,64,1,91,142,81,36.2,98.7,17,27.6,236,194,0.041,0.6,1.46,1,1,0,0.9334,High,1
SYN-02078,55,1,70,133,77,36.4,98.0,19,24.2,133,260,0.009,1.1,1.38,1,1,0,0.231,Low,0
SYN-09635,62,0,74,149,87,36.6,97.8,18,18.8,115,224,0.023,2.2,1.3,1,0,0,0.2492,Low,0
SYN-09752,78,1,65,161,83,36.8,98.9,12,27.5,173,224,0.013,0.3,1.79,1,1,0,0.6839,High,1
SYN-05586,57,0,88,146,81,36.4,99.6,19,20.4,76,167,0.006,4.3,1.27,1,0,1,0.2983,Low,0
SYN-04176,46,0,84,165,92,36.3,97.9,16,33.6,87,211,0.002,1.2,1.23,1,0,0,0.1106,Low,0
SYN-05497,44,1,90,145,78,36.9,97.4,19,38.9,55,243,0.018,2.9,1.37,0,0,0,0.1313,Low,0
SYN-00238,51,0,80,129,70,36.3,98.6,17,29.5,143,246,0.009,2.0,1.41,1,1,0,0.1934,Low,0
SYN-08283,48,0,79,123,76,36.9,96.7,16,29.9,94,186,0.005,0.9,0.84,1,0,1,0.1382,Low,0
SYN-08087,71,0,115,131,83,39.0,95.5,15,35.1,125,284,0.003,10.3,1.13,0,1,1,0.6231,Moderate,1
SYN-03919,58,0,93,154,88,36.6,98.9,14,32.8,111,277,0.029,1.5,1.31,1,1,0,0.5735,Moderate,1
SYN-09197,32,1,72,119,80,36.5,99.3,16,22.0,102,166,0.005,3.7,1.05,0,0,0,0.0065,Low,0
SYN-08382,52,1,70,136,79,36.3,97.4,13,28.5,200,250,0.001,0.3,1.39,1,1,0,0.2193,Low,0
SYN-05984,65,1,81,141,83,36.6,97.3,16,29.0,105,222,0.003,1.9,1.49,0,0,0,0.1203,Low,0
SYN-04036,57,0,85,165,87,36.6,98.9,13,31.2,161,242,0.386,2.6,1.35,1,1,0,0.9997,High,1
SYN-04456,90,0,80,123,63,36.5,98.1,18,28.5,85,185,0.013,0.2,1.22,0,0,0,0.161,Low,0
SYN-00228,84,0,68,164,91,37.1,99.6,15,33.8,167,172,0.007,1.3,1.39,1,1,0,0.6387,Moderate,1
SYN-00282,26,1,91,103,66,36.7,98.0,19,15.0,105,216,0.006,1.6,0.94,0,0,0,0.0049,Low,0
SYN-01518,75,1,55,143,78,37.3,99.9,17,32.4,89,210,0.008,2.5,1.66,1,0,0,0.2293,Low,0
SYN-03421,54,1,63,129,77,37.3,99.4,21,25.4,102,265,0.001,0.2,1.57,1,0,1,0.2789,Low,0
SYN-01990,32,0,90,126,81,37.1,98.8,14,28.8,254,259,0.001,0.2,1.44,0,1,0,0.0794,Low,0
SYN-01976,66,1,66,112,66,36.9,98.6,17,27.1,90,221,0.012,0.2,1.43,0,0,0,0.0501,Low,0
SYN-07446,71,1,76,148,84,36.8,98.5,15,21.2,97,218,0.004,0.4,1.3,1,0,0,0.1538,Low,0
SYN-04397,55,1,67,139,80,37.1,99.2,15,30.1,201,260,0.002,3.6,1.48,1,1,1,0.6853,High,1
SYN-07339,46,0,97,109,72,36.3,97.6,18,26.4,106,177,0.008,6.0,1.08,0,0,0,0.0231,Low,0
SYN-07894,44,1,66,114,73,36.5,98.8,22,16.5,110,213,0.002,0.2,1.45,0,0,0,0.0134,Low,0
SYN-07848,60,0,93,161,87,39.0,98.8,18,29.3,78,251,0.003,25.8,1.52,1,0,0,0.4257,Moderate,0
SYN-00366,78,0,76,148,95,36.7,96.1,16,17.5,165,202,0.002,0.7,1.51,1,1,1,0.7889,High,1
SYN-00546,51,1,81,166,81,36.6,97.5,17,29.0,90,190,0.01,1.2,1.62,1,0,0,0.23,Low,0
SYN-07104,71,0,70,127,71,36.6,97.2,20,15.2,88,232,1.842,2.1,1.22,0,0,0,1.0,High,1
SYN-04322,56,0,80,152,80,36.9,99.2,15,27.7,96,200,0.005,0.9,1.28,1,0,0,0.0949,Low,0
SYN-06958,64,1,77,120,68,37.2,98.8,14,22.2,158,264,0.002,9.2,1.25,0,1,0,0.1293,Low,0
SYN-06789,31,1,79,168,87,36.8,98.5,14,24.8,88,198,0.001,0.9,1.13,1,0,1,0.1662,Low,0
SYN-02314,55,1,84,114,62,37.0,96.8,18,28.5,146,273,0.008,1.3,1.43,0,1,1,0.2762,Low,0
SYN-07393,42,1,101,124,79,39.8,96.6,21,28.6,91,178,0.014,7.3,1.41,0,0,0,0.0744,Low,0
SYN-00774,76,0,66,118,72,36.9,98.5,12,26.7,201,218,0.012,0.5,1.41,0,1,0,0.2126,Low,0
SYN-01094,57,1,85,150,89,36.2,98.7,18,27.5,202,195,0.004,2.2,1.39,1,1,0,0.4249,Moderate,0
SYN-01424,76,0,68,165,81,36.4,96.5,16,42.2,129,241,0.001,1.1,1.51,1,1,0,0.6562,High,1
SYN-06280,20,0,77,113,66,36.8,98.6,16,24.3,74,189,0.004,0.5,1.03,0,0,0,0.0024,Low,0
SYN-08573,23,0,74,113,62,36.9,96.0,17,29.3,79,163,0.007,5.3,0.85,0,0,1,0.0104,Low,0
SYN-08996,68,1,72,126,68,36.6,96.3,21,18.8,88,217,0.003,1.2,1.38,0,0,1,0.13,Low,0
SYN-03793,48,0,118,116,67,40.1,99.1,22,29.2,96,204,0.002,10.4,1.11,0,0,0,0.0461,Low,0
SYN-06825,58,1,66,144,72,35.9,100.0,16,32.7,77,203,0.007,3.0,1.24,1,0,0,0.0944,Low,0
SYN-00962,56,0,67,129,83,37.4,98.9,16,28.0,162,208,0.02,1.0,1.09,0,1,0,0.1337,Low,0
SYN-09640,62,1,66,152,88,36.4,98.9,14,27.8,87,213,0.006,3.0,1.47,0,0,1,0.1667,Low,0
SYN-02884,72,0,81,154,93,36.7,97.5,16,29.9,203,247,0.004,1.1,1.32,1,1,0,0.6133,Moderate,1
SYN-06523,71,1,76,161,89,37.0,98.2,17,34.7,79,217,0.012,4.4,1.64,1,0,0,0.4627,Moderate,0
SYN-09169,72,0,83,133,83,37.4,94.8,18,34.0,86,268,0.003,1.4,0.95,0,0,1,0.247,Low,0
SYN-05865,44,1,75,118,63,38.2,95.7,16,24.9,76,258,0.001,28.6,1.15,0,0,1,0.0912,Low,0
SYN-08831,27,1,77,115,62,36.8,97.2,20,17.9,98,166,0.013,0.3,1.03,0,0,1,0.0164,Low,0
SYN-07470,67,1,78,151,86,36.7,97.8,13,33.3,200,255,0.004,1.7,1.51,1,1,1,0.8773,High,1
SYN-07073,48,1,83,131,90,36.8,98.2,18,27.7,101,238,0.008,0.6,1.36,0,0,0,0.0521,Low,0
SYN-08523,54,1,71,161,89,36.2,97.5,15,31.4,99,236,0.005,1.8,1.64,1,0,1,0.5693,Moderate,1
SYN-08025,39,1,59,107,75,36.8,99.1,17,25.7,92,241,0.011,0.7,1.01,0,0,0,0.009,Low,0
SYN-00572,53,0,89,157,90,36.7,99.1,17,33.8,220,259,0.006,3.4,1.44,1,1,0,0.5721,Moderate,1
SYN-05055,54,0,76,118,75,36.9,98.4,11,32.8,88,239,0.004,1.7,1.43,0,0,0,0.0242,Low,0
SYN-03122,57,0,70,102,64,37.4,98.8,22,25.9,113,259,0.002,0.5,1.24,0,1,0,0.0408,Low,0
SYN-04588,78,0,85,151,83,37.1,97.2,15,35.1,135,238,0.001,2.0,1.26,1,1,0,0.5343,Moderate,1
SYN-06759,82,0,63,123,74,36.6,97.2,16,26.3,86,246,0.001,0.2,1.25,0,0,0,0.0669,Low,0
SYN-05139,45,0,85,121,68,38.8,97.6,16,22.0,102,231,0.008,10.0,1.23,0,0,0,0.0303,Low,0
SYN-08652,78,0,81,153,76,36.8,99.9,19,31.2,161,251,0.009,1.7,1.27,0,1,0,0.5078,Moderate,1
SYN-06787,26,0,82,120,79,36.3,98.1,15,25.6,89,214,0.009,5.9,0.82,0,0,1,0.0152,Low,0
SYN-01840,40,1,117,130,78,39.8,91.3,19,26.9,100,216,0.025,19.3,1.72,1,0,0,0.5011,Moderate,1
SYN-02070,51,1,85,120,69,36.8,98.7,13,27.6,124,254,0.003,3.2,1.36,0,1,1,0.1301,Low,0
SYN-09045,56,0,64,121,63,36.5,98.9,15,15.2,118,255,0.002,0.5,1.0,0,0,0,0.0139,Low,0
SYN-03354,41,0,51,106,50,36.5,95.9,16,28.8,97,221,0.005,0.7,1.1,0,0,1,0.0166,Low,0
SYN-02360,79,1,62,148,86,37.2,98.5,12,38.7,187,222,0.011,0.9,1.3,0,1,0,0.5025,Moderate,1
SYN-09013,48,1,67,150,83,37.2,97.3,18,24.1,91,199,0.001,1.8,1.26,1,0,0,0.0644,Low,0
SYN-03608,77,0,99,164,92,38.9,95.8,15,17.1,75,268,0.004,10.0,1.62,1,0,0,0.472,Moderate,0
SYN-09413,45,0,83,126,64,36.9,99.4,17,21.2,108,269,0.006,1.0,0.94,0,0,0,0.0195,Low,0
SYN-04562,42,0,60,138,87,36.7,99.3,20,31.9,83,201,0.005,4.2,1.01,0,0,0,0.0205,Low,0
SYN-09347,42,1,104,97,61,38.8,97.6,18,20.5,100,244,0.011,33.8,1.08,0,0,0,0.0587,Low,0
SYN-08176,34,0,74,146,83,37.0,97.9,14,37.0,200,220,0.002,4.3,1.04,1,1,0,0.1464,Low,0
SYN-00784,68,1,83,110,65,37.3,98.4,20,22.3,71,210,0.001,0.3,1.52,0,0,0,0.0367,Low,0
SYN-09008,44,0,64,127,81,36.2,98.7,17,15.0,97,194,0.002,6.8,1.37,1,0,0,0.0199,Low,0
SYN-08725,69,0,61,160,96,36.4,99.1,14,35.5,165,234,0.008,2.4,1.54,1,1,0,0.5363,Moderate,1
SYN-07753,21,1,83,132,73,37.2,98.1,19,27.1,94,238,0.002,1.5,1.3,0,0,0,0.0124,Low,0
SYN-00351,60,1,69,167,85,37.1,99.4,11,37.3,208,250,0.006,1.7,1.65,1,1,0,0.6152,Moderate,1
SYN-07115,30,1,89,145,79,36.8,97.2,14,29.1,113,186,0.018,0.8,1.4,1,0,1,0.3084,Moderate,0
SYN-05505,55,1,97,166,91,36.4,98.4,10,32.6,148,223,0.006,2.3,1.63,1,1,0,0.4834,Moderate,0
SYN-04039,43,0,60,124,72,36.8,97.9,12,28.0,182,175,0.001,3.3,1.01,0,1,0,0.0269,Low,0
SYN-06011,28,1,51,80,54,36.7,97.6,17,21.9,105,173,0.006,6.3,1.23,0,0,1,0.0047,Low,0
SYN-05349,62,0,75,117,77,35.8,98.4,12,22.2,98,210,0.005,0.8,1.13,0,0,0,0.0195,Low,0
SYN-00660,49,1,82,149,89,36.0,97.5,19,21.3,111,208,0.006,3.1,1.46,1,0,1,0.4284,Moderate,0
SYN-05876,72,0,93,159,95,37.3,97.0,15,27.7,162,213,0.003,0.4,1.59,1,1,0,0.583,Moderate,1
SYN-02275,56,0,107,152,96,39.9,93.4,23,15.8,101,226,0.241,8.9,1.08,1,0,0,0.997,High,1
SYN-01223,61,1,86,172,85,36.9,98.5,15,28.5,184,203,0.005,1.5,1.57,1,1,1,0.8831,High,1
SYN-04150,26,1,59,110,66,36.9,99.4,16,24.0,103,199,0.014,1.4,1.4,0,0,0,0.0066,Low,0
SYN-01509,86,0,94,166,95,37.2,96.7,16,17.8,94,261,0.019,0.4,1.64,1,0,0,0.6652,High,1
SYN-08964,29,0,90,123,82,37.0,98.4,13,27.5,89,213,0.001,0.2,1.06,0,0,0,0.0062,Low,0
SYN-00785,54,1,95,132,81,36.6,98.6,17,28.1,80,201,0.005,4.1,1.84,0,0,0,0.0753,Low,0
SYN-09284,26,1,64,96,55,37.0,96.6,18,29.6,115,233,0.012,0.2,0.78,0,0,0,0.0063,Low,0
SYN-01440,72,0,87,144,86,38.9,96.8,18,29.8,93,164,0.001,47.9,1.54,1,0,0,0.6018,Moderate,1
SYN-05146,56,0,70,112,78,36.3,97.8,22,29.0,82,222,0.007,0.2,1.24,0,0,1,0.0602,Low,0
SYN-03143,50,1,76,142,82,36.7,98.3,12,24.1,84,212,0.016,1.0,1.48,1,0,0,0.0889,Low,0
SYN-08884,79,1,77,150,89,36.8,97.4,19,27.4,91,198,0.286,1.5,1.31,1,0,0,0.9986,High,1
SYN-06274,90,1,78,154,86,36.8,97.4,15,20.8,99,215,0.003,0.8,1.84,1,0,0,0.4408,Moderate,0
SYN-06888,38,1,64,134,86,37.1,98.9,20,26.2,110,254,0.011,0.2,1.4,1,0,0,0.0611,Low,0
SYN-01081,58,1,84,146,86,36.7,99.1,11,26.6,99,216,0.012,0.3,1.38,1,0,0,0.1299,Low,0
SYN-00920,24,0,79,118,70,37.1,99.0,17,25.1,99,184,2.19,1.1,1.16,0,0,0,1.0,High,1
SYN-03054,53,0,95,121,69,36.5,97.0,18,34.5,180,201,0.005,1.2,1.23,0,1,0,0.1524,Low,0
SYN-07725,49,0,63,131,73,36.0,99.7,16,30.8,66,235,0.003,0.5,1.05,0,0,0,0.0147,Low,0
SYN-07999,61,0,83,130,78,36.8,98.1,21,26.7,186,204,0.011,0.2,0.83,0,1,1,0.3278,Moderate,0
SYN-04341,21,1,74,117,79,37.5,98.1,17,27.4,86,251,0.001,0.2,1.22,0,0,1,0.0116,Low,0
SYN-08468,35,0,82,139,88,37.0,96.9,13,34.7,219,211,0.002,1.4,1.07,1,1,0,0.1407,Low,0
SYN-04519,49,1,78,143,79,36.4,99.1,16,28.9,100,201,0.03,1.1,1.46,1,0,0,0.201,Low,0
SYN-05345,53,0,80,153,87,37.0,98.6,19,31.9,74,216,0.004,2.3,1.63,1,0,0,0.14,Low,0
SYN-00811,51,0,89,133,93,36.5,99.5,18,18.8,170,198,0.004,0.2,1.46,1,1,0,0.139,Low,0
SYN-07171,52,1,69,136,68,36.1,97.1,18,23.5,86,189,0.426,3.0,1.25,0,0,0,0.9962,High,1
SYN-08950,72,1,67,127,75,36.2,96.7,15,31.9,92,209,0.021,2.0,1.56,0,0,1,0.3193,Moderate,0
SYN-02926,68,1,91,160,91,39.5,94.4,19,24.7,87,215,0.001,21.6,1.71,1,0,0,0.5726,Moderate,1
SYN-08058,74,1,72,148,84,37.1,98.4,21,37.1,93,224,0.004,7.1,1.23,1,0,0,0.3698,Moderate,0
SYN-05476,37,1,93,140,80,39.5,95.7,19,33.6,89,234,0.002,12.3,1.41,1,0,1,0.437,Moderate,0
SYN-05749,42,0,88,146,81,36.3,98.9,20,27.3,119,186,0.009,1.1,1.05,1,1,0,0.1326,Low,0
SYN-08929,49,1,71,148,84,37.2,97.6,13,29.1,190,278,0.007,1.1,1.3,1,1,1,0.6962,High,1
SYN-08064,63,1,67,147,88,37.9,93.3,16,30.7,182,197,0.006,48.0,1.7,1,1,0,0.8818,High,1
SYN-04069,52,0,70,123,75,36.6,96.4,14,38.0,130,202,0.003,1.8,1.07,0,1,1,0.1256,Low,0
SYN-04963,58,0,74,113,68,36.7,99.7,13,20.4,76,206,0.046,5.0,1.25,0,0,0,0.1642,Low,0
SYN-04847,68,1,93,147,79,36.4,100.0,18,32.2,151,222,0.036,0.6,1.8,1,1,0,0.8119,High,1
SYN-09585,63,0,65,117,66,36.4,98.1,18,26.2,106,228,0.008,0.3,1.53,0,0,0,0.0469,Low,0
SYN-08372,46,1,78,109,65,36.4,97.1,12,26.5,98,199,0.3,1.8,1.46,0,0,0,0.9666,High,1
SYN-08564,57,1,78,133,73,36.9,98.8,14,31.3,201,206,0.001,5.1,1.54,0,1,0,0.1936,Low,0
SYN-02344,51,0,108,165,87,38.8,97.3,20,35.0,91,224,0.019,7.8,1.2,1,0,0,0.4705,Moderate,0
SYN-09081,42,1,82,134,64,36.5,97.5,13,29.0,98,217,0.005,0.3,1.04,1,0,0,0.04,Low,0
SYN-09760,62,1,48,130,72,36.9,97.4,15,33.7,202,214,0.005,3.0,1.27,0,1,0,0.1835,Low,0
SYN-06533,72,1,68,124,66,36.8,98.3,21,27.6,79,192,0.007,2.5,1.4,0,0,0,0.0835,Low,0
SYN-02199,51,1,74,144,83,37.2,97.7,15,27.8,106,301,0.004,2.0,1.34,1,0,1,0.4136,Moderate,0
SYN-01780,77,1,92,165,87,37.1,97.7,11,24.9,86,266,0.008,0.5,1.42,1,0,0,0.4094,Moderate,0
SYN-03571,66,0,65,147,87,37.8,98.4,16,23.4,93,203,0.527,3.4,1.39,1,0,0,0.9995,High,1
SYN-00053,31,0,62,130,90,36.2,98.4,18,30.2,78,276,0.004,2.1,1.02,1,0,0,0.0189,Low,0
SYN-02316,60,1,79,139,91,36.8,97.7,20,29.8,223,209,0.004,0.2,1.64,1,1,1,0.8362,High,1
SYN-06918,47,1,72,152,95,37.9,96.6,10,30.7,86,228,0.042,19.9,0.85,1,0,1,0.8909,High,1
SYN-06142,60,0,77,136,82,36.4,100.0,14,27.9,87,245,0.006,0.4,0.85,0,0,1,0.0668,Low,0
SYN-00832,79,1,73,112,75,37.0,96.9,16,24.2,102,231,0.017,0.4,1.47,0,0,1,0.2463,Low,0
SYN-00921,49,1,55,86,45,36.6,98.0,16,24.5,96,229,0.014,0.7,1.56,0,0,0,0.0119,Low,0
SYN-04125,66,1,73,132,83,37.1,98.2,19,33.3,244,234,0.006,0.8,1.51,0,1,0,0.4457,Moderate,0
SYN-07645,61,1,79,132,78,37.1,95.5,23,24.5,78,206,0.008,0.9,1.45,0,0,1,0.1947,Low,0
SYN-08048,38,1,66,115,75,37.8,95.9,19,25.6,77,207,0.006,48.0,1.07,0,0,0,0.0662,Low,0
SYN-02575,53,0,69,121,73,37.0,98.1,16,28.5,85,200,0.003,3.5,1.2,0,0,0,0.0195,Low,0
SYN-00707,39,0,111,167,98,37.1,99.0,17,27.8,99,237,0.007,1.6,0.89,1,0,0,0.1227,Low,0
SYN-08429,82,0,77,163,96,37.0,99.4,15,30.7,74,220,0.02,1.0,1.52,1,0,0,0.4922,Moderate,0
SYN-04377,30,1,95,108,67,37.3,99.1,18,21.3,92,164,0.024,4.6,1.43,0,0,0,0.0181,Low,0
SYN-04762,90,0,90,174,93,36.6,97.0,17,23.7,156,222,0.002,0.4,1.49,1,1,0,0.7968,High,1
SYN-06801,46,1,86,138,85,36.0,96.3,18,29.4,113,207,0.001,1.4,1.13,0,0,0,0.0484,Low,0
SYN-07043,20,0,70,128,74,36.8,97.7,13,35.9,93,229,0.004,3.3,0.91,0,0,0,0.0065,Low,0
SYN-04396,58,1,66,124,72,36.6,99.6,20,19.8,80,224,0.007,0.8,1.2,0,0,0,0.0275,Low,0
SYN-02664,31,0,54,92,71,36.5,98.3,15,18.3,74,175,0.001,4.5,1.0,0,0,0,0.0012,Low,0
SYN-02762,28,1,66,93,74,36.8,92.2,20,25.2,96,198,0.003,2.8,1.37,0,0,1,0.0161,Low,0
SYN-07279,42,0,80,144,82,36.8,100.0,17,30.5,196,223,0.858,1.2,0.92,1,1,0,1.0,High,1
SYN-01041,39,1,75,89,75,37.9,97.6,16,21.3,94,199,0.001,12.7,1.31,0,0,0,0.0068,Low,0
SYN-00466,47,0,97,136,69,36.8,99.3,16,22.4,78,171,0.346,0.3,1.46,1,0,0,0.9925,High,1
SYN-05930,57,1,51,148,77,37.2,98.0,15,35.3,151,191,0.002,0.7,1.52,1,1,0,0.2344,Low,0
SYN-02022,41,0,70,151,98,37.0,93.9,15,25.3,72,228,0.01,0.9,1.25,1,0,1,0.2759,Low,0
SYN-02086,66,0,80,123,70,36.4,95.8,11,25.5,84,259,0.001,0.5,1.29,0,0,1,0.0797,Low,0
SYN-01899,47,1,76,129,71,36.8,94.8,15,33.2,82,265,0.003,1.9,1.08,0,0,1,0.0824,Low,0
SYN-07105,51,0,92,129,66,36.9,98.9,13,27.2,95,186,0.001,1.7,1.11,0,0,0,0.0194,Low,0
SYN-06625,43,1,75,138,78,36.6,99.8,17,23.6,104,177,0.002,1.2,1.23,1,0,0,0.0321,Low,0
SYN-01313,43,0,69,138,85,38.8,94.0,24,33.7,102,253,0.019,28.0,1.27,1,0,1,0.7835,High,1
SYN-03139,63,1,84,135,72,36.6,97.1,16,20.8,149,204,0.01,3.6,1.35,0,1,0,0.2139,Low,0
SYN-03603,32,0,69,129,70,36.6,98.7,15,28.5,85,178,0.014,1.0,0.66,0,0,0,0.0082,Low,0
SYN-05784,46,0,70,109,75,36.4,98.3,13,25.6,81,222,0.011,1.5,1.07,0,0,0,0.0101,Low,0
SYN-09701,46,0,70,126,80,37.0,96.9,19,25.4,82,202,0.011,2.1,0.98,0,0,0,0.0227,Low,0
SYN-07298,50,0,97,119,66,37.5,96.3,17,31.0,84,242,0.003,23.3,1.05,0,0,0,0.0716,Low,0
SYN-02194,55,0,83,164,91,36.8,98.4,15,32.4,85,232,0.005,2.0,1.19,1,0,0,0.1604,Low,0
SYN-02736,48,1,64,150,81,36.8,99.1,12,30.0,191,193,0.016,0.2,1.15,0,1,0,0.1602,Low,0
SYN-02429,54,0,78,150,85,36.5,98.6,15,34.6,182,221,0.007,1.9,1.19,1,1,0,0.3339,Moderate,0
SYN-09308,52,0,65,118,69,36.5,98.1,12,26.0,80,205,0.003,1.6,1.06,0,0,0,0.01,Low,0
SYN-03602,90,0,97,158,76,38.5,97.1,20,27.9,100,248,0.003,8.3,1.27,1,0,0,0.6424,Moderate,1
SYN-08186,35,1,86,111,72,36.9,98.6,19,31.6,100,203,0.01,0.6,1.23,0,0,0,0.0181,Low,0
SYN-06335,28,0,60,97,60,36.8,93.5,21,20.8,88,204,0.006,1.4,0.63,0,0,1,0.0072,Low,0
SYN-07825,37,0,85,129,73,36.7,97.8,14,30.2,83,186,0.005,4.2,1.35,0,0,0,0.0171,Low,0
SYN-02397,47,1,78,113,72,37.0,98.5,17,29.1,133,241,0.001,2.6,1.5,0,1,0,0.0549,Low,0
SYN-01752,44,1,79,125,77,36.5,99.3,12,29.4,105,216,0.011,0.2,1.43,0,0,0,0.0272,Low,0
SYN-03090,70,0,72,133,82,36.7,99.1,16,23.6,93,221,0.003,0.6,1.36,0,0,0,0.0523,Low,0
SYN-08002,74,0,93,142,87,38.7,95.6,20,28.0,178,217,0.003,12.9,1.26,1,1,0,0.684,High,1
SYN-02351,64,0,80,160,84,37.1,97.6,19,29.7,88,249,0.007,1.1,1.36,1,0,0,0.2795,Low,0
SYN-05110,64,1,102,158,88,36.8,97.6,21,34.3,160,165,0.007,2.1,1.53,1,1,1,0.9142,High,1
SYN-08380,85,0,84,146,75,37.1,97.3,21,26.1,99,207,0.016,1.8,1.42,1,0,0,0.513,Moderate,1
SYN-04820,32,0,89,108,64,37.3,98.2,16,25.1,89,238,0.006,0.8,1.03,0,0,1,0.0148,Low,0
SYN-08687,33,0,73,141,84,37.1,96.9,17,33.0,88,245,0.016,0.9,1.08,0,0,1,0.0741,Low,0
SYN-04724,48,1,71,122,82,37.4,97.8,18,24.0,94,163,1.985,3.6,1.0,0,0,1,1.0,High,1
SYN-02091,57,1,85,146,84,36.8,98.5,18,30.4,90,244,0.005,0.6,1.51,1,0,0,0.1778,Low,0
SYN-03929,31,0,70,103,70,37.0,98.7,11,31.6,109,239,0.004,0.9,1.14,0,0,0,0.0047,Low,0
SYN-03280,48,1,54,127,65,36.3,98.4,17,23.6,108,182,0.009,1.2,1.24,0,0,0,0.021,Low,0
SYN-05800,61,1,59,148,86,36.8,95.5,16,23.5,166,194,0.006,8.2,1.74,1,1,1,0.7925,High,1
SYN-04275,60,0,74,139,77,36.7,97.1,18,30.3,88,245,0.001,2.2,1.2,1,0,1,0.3666,Moderate,0
SYN-09942,41,0,91,113,65,36.5,99.0,17,28.9,94,248,0.003,2.0,1.14,0,0,0,0.0148,Low,0
SYN-03220,70,0,56,115,69,36.3,98.5,20,29.8,102,231,0.001,1.4,1.34,0,0,0,0.0426,Low,0
SYN-06953,69,1,68,123,68,36.6,93.5,20,24.7,101,224,0.002,1.4,1.37,0,0,1,0.183,Low,0
SYN-02789,45,0,87,139,73,36.9,98.4,22,31.1,94,236,0.001,1.1,1.45,1,0,0,0.0855,Low,0
SYN-05917,55,1,73,114,54,36.9,99.2,12,19.7,70,221,0.001,2.0,1.1,0,0,0,0.0093,Low,0
SYN-01415,76,1,63,165,90,36.5,98.2,18,40.0,158,235,0.001,2.0,1.68,1,1,0,0.7263,High,1
SYN-02350,66,0,87,116,71,36.6,99.1,16,28.1,247,262,0.001,0.2,1.07,0,1,0,0.1865,Low,0
SYN-01044,56,1,80,128,75,36.3,98.7,17,21.7,150,206,0.002,0.4,1.3,0,1,1,0.1559,Low,0
SYN-01065,44,0,55,151,79,36.2,98.4,12,29.9,92,229,0.008,10.8,1.29,1,0,0,0.0686,Low,0
SYN-01718,46,1,70,121,82,36.7,96.4,15,24.0,98,196,0.007,1.1,1.33,0,0,1,0.0441,Low,0
SYN-07450,54,0,53,107,72,36.7,98.4,16,21.6,99,258,0.003,1.8,1.14,0,0,0,0.0106,Low,0
SYN-04950,68,0,98,153,94,37.6,98.7,15,39.2,91,252,0.002,1.2,1.26,1,0,0,0.2809,Low,0
SYN-09358,34,0,75,115,63,37.1,98.0,15,29.9,102,178,0.01,1.1,1.21,0,0,0,0.0103,Low,0
SYN-01360,50,0,94,131,76,36.3,98.8,17,32.9,192,231,0.005,1.6,1.03,0,1,0,0.1459,Low,0
SYN-03818,57,0,85,149,86,36.4,99.9,13,28.9,205,249,0.004,0.4,1.27,1,1,0,0.3193,Moderate,0
SYN-05595,61,0,82,160,93,35.7,98.1,18,29.1,105,251,0.001,0.8,1.18,1,0,1,0.5407,Moderate,1
SYN-02219,44,0,70,125,78,36.4,98.7,17,25.8,62,247,0.003,3.6,1.06,0,0,0,0.0124,Low,0
SYN-07681,49,1,89,128,83,37.1,98.7,17,18.8,103,203,0.005,0.6,1.3,0,0,1,0.0567,Low,0
SYN-09053,39,0,63,157,77,37.2,97.3,19,27.3,94,225,0.002,5.5,1.13,1,0,1,0.2448,Low,0
SYN-00543,58,0,93,150,89,37.6,95.8,15,31.2,93,242,0.004,7.1,1.46,1,0,0,0.2442,Low,0
SYN-02318,60,1,54,156,85,36.6,97.5,16,29.1,106,188,0.002,3.2,1.62,1,0,0,0.1536,Low,0
SYN-00127,77,0,84,169,96,36.3,99.0,20,29.2,100,219,0.009,0.5,1.63,1,0,0,0.518,Moderate,1
SYN-05806,48,1,84,150,92,38.5,98.3,18,30.1,93,220,0.005,12.8,1.42,1,0,1,0.5256,Moderate,1
SYN-02763,45,0,78,122,71,36.8,96.8,21,18.4,91,217,0.052,0.3,1.02,0,0,0,0.2269,Low,0
SYN-08102,51,1,72,126,74,36.7,97.0,16,34.6,100,228,0.002,1.3,1.23,0,0,1,0.0791,Low,0
SYN-00725,39,1,93,147,75,39.5,95.6,17,28.6,77,252,0.007,11.4,1.07,0,0,0,0.08,Low,0
SYN-07680,42,0,67,130,73,37.9,96.8,18,28.0,152,254,0.155,25.7,0.97,1,1,1,0.9966,High,1
SYN-03689,90,1,75,161,93,37.5,98.3,19,24.7,174,235,0.004,1.4,1.63,1,1,0,0.8017,High,1
SYN-02169,42,0,66,140,78,36.3,98.4,15,32.9,158,218,0.014,1.4,1.24,0,1,0,0.1027,Low,0
SYN-02520,27,1,73,134,86,36.1,97.8,13,20.0,83,191,0.003,0.7,1.31,0,0,1,0.014,Low,0
SYN-00249,90,0,81,159,86,36.6,97.8,15,31.0,103,244,0.004,1.0,1.54,1,0,0,0.5233,Moderate,1
SYN-08350,31,0,84,112,72,37.2,99.2,17,27.0,93,178,0.013,0.2,1.22,0,0,0,0.0088,Low,0
SYN-00646,52,0,70,116,66,36.4,98.8,15,23.1,104,240,0.028,0.2,1.14,0,0,0,0.0388,Low,0
SYN-00675,67,0,71,149,73,37.5,99.2,14,35.3,74,209,0.014,5.2,1.37,1,0,0,0.2156,Low,0
SYN-01928,38,0,77,118,67,37.2,96.5,17,25.4,104,230,0.011,0.8,1.03,0,0,1,0.0359,Low,0
SYN-07091,37,1,84,166,97,37.1,97.6,16,35.0,156,238,0.005,1.1,1.49,1,1,0,0.3454,Moderate,0
SYN-05709,57,1,75,111,71,36.8,98.9,14,26.5,172,265,0.001,1.7,0.98,0,1,1,0.1187,Low,0
SYN-01030,71,1,82,153,84,37.0,98.0,21,28.9,82,241,0.014,1.6,1.8,1,0,0,0.4888,Moderate,0
SYN-03266,60,0,81,129,75,36.8,99.0,22,27.8,91,240,0.013,0.2,1.43,1,0,0,0.1476,Low,0
SYN-03880,59,1,72,121,64,36.8,98.8,19,28.2,89,209,0.001,0.9,1.36,0,0,0,0.0337,Low,0
SYN-07180,55,1,75,117,65,36.5,95.5,17,15.0,105,205,0.011,1.4,1.42,0,0,1,0.0766,Low,0
SYN-03000,49,0,76,113,65,37.3,98.2,20,23.8,79,244,0.011,0.2,0.79,0,0,0,0.0167,Low,0
SYN-03236,63,1,83,162,89,37.0,98.6,20,29.4,178,198,0.013,0.4,1.51,1,1,1,0.9078,High,1
SYN-05245,71,1,68,151,82,36.8,98.8,10,34.8,172,284,0.008,0.5,1.55,1,1,1,0.8633,High,1
SYN-01682,38,0,87,112,71,36.8,97.8,14,21.4,92,217,0.012,0.3,0.8,0,0,0,0.0085,Low,0
SYN-02192,39,1,77,137,82,38.3,89.9,22,33.4,78,217,0.001,29.8,1.5,1,0,0,0.2977,Low,0
SYN-06378,65,1,88,122,74,37.1,94.9,17,22.2,122,230,0.004,0.2,1.23,0,0,1,0.1623,Low,0
SYN-04549,56,0,92,119,66,36.8,99.6,16,29.4,113,201,0.036,0.8,1.22,0,1,0,0.1775,Low,0
SYN-05281,30,1,86,117,65,37.3,98.7,17,26.4,220,189,0.001,0.3,1.08,0,1,0,0.0334,Low,0
SYN-03305,90,1,96,147,87,37.2,96.6,16,33.6,135,242,0.014,0.7,1.6,0,1,0,0.7665,High,1
SYN-06668,67,1,50,159,84,36.9,98.9,12,26.6,119,243,1.413,1.0,1.54,1,0,0,1.0,High,1
SYN-07003,42,0,55,107,71,36.2,97.8,16,24.1,112,220,0.008,1.9,1.13,0,0,0,0.0088,Low,0
SYN-01643,18,0,74,115,75,36.9,97.4,11,26.9,218,252,1.208,0.2,1.08,0,1,0,0.9999,High,1
SYN-09367,66,1,83,126,72,36.9,98.2,16,26.6,90,230,0.03,4.0,1.36,1,0,0,0.283,Low,0
SYN-09263,77,1,79,148,84,37.1,95.6,14,32.2,92,278,0.724,2.9,1.69,1,0,1,1.0,High,1
SYN-05219,68,0,81,151,87,36.5,100.0,12,29.9,91,271,0.017,0.7,1.13,1,0,0,0.2255,Low,0
SYN-08994,77,1,72,163,88,36.6,99.2,15,27.5,97,224,0.003,7.9,1.45,1,0,0,0.3633,Moderate,0
SYN-07100,60,0,66,143,92,36.4,95.7,19,30.7,91,229,0.001,5.3,1.16,1,0,1,0.4254,Moderate,0
SYN-05758,51,0,79,165,85,38.4,97.5,19,29.9,104,185,2.2,6.5,1.06,1,0,1,1.0,High,1
SYN-05975,75,0,68,165,84,36.5,95.5,18,28.3,62,202,0.001,3.0,1.36,1,0,0,0.2695,Low,0
SYN-09097,50,0,61,118,74,37.1,98.8,15,34.7,81,245,0.016,0.6,1.21,0,0,0,0.028,Low,0
SYN-02368,48,0,82,129,71,36.7,98.6,20,22.0,115,249,0.011,2.1,1.39,1,0,0,0.0859,Low,0
SYN-03410,53,1,82,119,79,36.4,95.7,18,26.5,79,150,0.001,6.4,1.34,0,0,1,0.0616,Low,0
SYN-00998,56,0,71,133,81,36.7,97.4,17,37.6,234,197,0.002,8.2,1.17,0,1,0,0.2524,Low,0
SYN-00941,57,0,83,117,73,36.8,98.1,17,22.6,101,210,0.003,0.9,1.06,0,0,0,0.0216,Low,0
SYN-05571,68,0,78,117,71,36.1,99.7,15,19.9,99,242,0.014,0.9,1.12,0,0,0,0.0426,Low,0
SYN-05834,41,0,98,141,88,37.0,99.4,17,29.4,94,242,0.524,2.5,0.99,1,0,0,0.999,High,1
SYN-05738,65,0,68,167,89,36.7,95.5,14,39.9,149,194,0.003,1.2,1.34,1,1,1,0.8418,High,1
SYN-06137,37,1,79,106,65,36.8,98.6,17,26.0,96,182,0.026,2.2,0.92,0,0,0,0.017,Low,0
SYN-03205,61,1,77,123,78,36.7,99.2,17,26.3,91,207,0.009,2.2,1.23,0,0,0,0.0469,Low,0
SYN-05836,22,1,69,139,82,37.1,96.6,20,29.5,100,180,0.002,0.4,1.29,1,0,0,0.023,Low,0
SYN-03735,55,1,73,150,85,36.6,98.3,13,30.3,81,230,0.005,3.6,1.41,1,0,0,0.1163,Low,0
SYN-05134,32,0,73,130,81,36.8,98.1,22,27.5,162,231,0.026,1.0,1.21,1,1,0,0.1842,Low,0
SYN-08360,55,1,67,147,90,36.6,98.4,15,34.8,171,201,0.018,0.8,2.02,1,1,0,0.5277,Moderate,1
SYN-07097,33,1,45,101,66,37.1,97.2,18,28.9,155,275,0.002,0.4,1.24,0,1,0,0.0175,Low,0
SYN-08517,22,1,81,124,66,37.0,98.2,16,28.3,72,156,0.004,2.0,1.36,0,0,0,0.0062,Low,0
SYN-08388,79,0,69,146,89,36.6,96.5,21,23.1,162,262,0.027,0.3,1.44,1,1,1,0.9449,High,1
SYN-00876,23,1,74,106,59,37.3,97.7,19,40.2,78,191,0.004,3.2,1.2,0,0,0,0.0075,Low,0
SYN-00869,45,0,68,115,61,37.3,98.3,13,28.4,84,265,0.009,5.1,0.95,0,0,0,0.0144,Low,0
SYN-09279,27,1,87,104,57,36.5,98.6,15,29.0,170,228,0.002,6.7,1.07,0,1,0,0.0215,Low,0
SYN-07640,58,0,69,126,78,37.0,96.7,20,22.1,72,228,0.005,0.4,1.31,0,0,1,0.0678,Low,0
SYN-00239,37,0,84,120,65,36.5,98.6,21,26.1,84,182,0.001,1.3,1.12,0,0,0,0.0099,Low,0
SYN-04633,40,1,63,129,72,36.9,98.8,19,20.7,178,244,0.007,0.3,1.08,0,1,0,0.0541,Low,0
SYN-07268,64,0,85,145,85,37.0,99.1,13,24.7,101,238,0.002,0.2,1.46,1,0,0,0.1112,Low,0
SYN-02930,49,1,84,138,81,36.6,97.7,12,24.2,99,183,0.039,3.3,1.29,1,0,0,0.1874,Low,0
SYN-03270,41,1,70,133,71,37.1,98.7,14,25.4,103,199,0.004,2.8,1.08,0,0,0,0.016,Low,0
SYN-08471,60,1,70,133,78,37.0,99.8,17,29.8,186,269,0.001,0.2,1.44,0,1,0,0.1804,Low,0
SYN-08149,61,1,63,136,64,36.9,98.9,15,21.0,175,201,0.005,0.4,1.58,1,1,1,0.5629,Moderate,1
SYN-09119,53,0,85,147,86,36.5,97.7,18,26.3,108,234,0.014,0.2,1.36,1,0,0,0.1759,Low,0
SYN-05761,90,1,87,151,86,36.8,96.2,21,33.1,94,228,0.013,1.1,1.67,1,0,0,0.7399,High,1
SYN-03116,66,0,78,133,72,37.2,97.5,17,26.7,81,230,0.021,2.6,1.39,1,0,0,0.2119,Low,0
SYN-04441,59,0,81,118,68,36.6,96.0,17,19.9,103,273,0.002,0.9,1.01,0,0,1,0.064,Low,0
SYN-01922,70,1,79,151,89,36.8,97.0,21,39.2,188,311,0.006,2.2,1.55,1,1,1,0.957,High,1
SYN-04839,73,1,69,148,87,36.8,97.9,13,34.2,151,213,0.004,1.5,1.61,1,1,0,0.4843,Moderate,0
SYN-07652,30,1,83,120,73,37.3,94.8,19,23.5,106,233,0.001,1.4,1.4,0,0,1,0.0362,Low,0
SYN-03694,33,1,75,143,84,38.4,98.1,24,35.8,70,205,0.022,8.1,1.39,1,0,0,0.1575,Low,0
SYN-04527,50,1,74,134,83,38.1,98.1,21,26.7,114,192,0.003,20.7,1.42,0,0,1,0.186,Low,0
SYN-03558,61,0,73,127,75,36.6,98.1,18,22.6,78,270,0.005,0.4,1.25,0,0,0,0.0393,Low,0
SYN-09698,69,0,82,143,88,38.3,96.8,10,16.7,105,219,0.043,9.8,1.38,1,0,0,0.6921,High,1
SYN-04961,43,0,100,172,89,36.4,98.3,17,36.0,98,223,0.001,1.5,1.39,1,0,0,0.1857,Low,0
SYN-00250,35,0,118,141,79,38.0,98.9,17,26.1,83,255,0.003,22.2,0.81,0,0,1,0.1064,Low,0
SYN-01985,41,0,74,117,72,36.9,97.7,17,28.6,89,184,0.008,0.7,1.07,0,0,0,0.0122,Low,0
SYN-06474,38,1,91,126,81,36.9,97.4,15,22.5,71,181,0.008,0.9,1.27,0,0,0,0.0154,Low,0
SYN-06236,50,1,98,147,85,36.3,95.9,16,38.3,133,211,0.001,4.4,1.35,1,1,1,0.742,High,1
SYN-03924,65,0,85,152,86,36.5,97.4,17,31.9,97,227,0.008,4.0,1.55,1,0,1,0.6894,High,1
SYN-04437,47,1,73,147,88,36.8,97.2,14,37.6,98,227,0.001,0.9,1.19,1,0,1,0.3177,Moderate,0
SYN-06183,23,1,88,109,68,37.0,98.6,14,23.1,89,184,0.015,1.1,1.04,0,0,0,0.0056,Low,0
SYN-08155,60,0,76,158,87,36.4,98.6,20,25.8,84,218,0.021,2.2,1.3,1,0,0,0.2724,Low,0
SYN-02396,35,0,80,108,70,36.5,99.3,18,29.8,180,194,0.02,2.0,1.03,0,1,0,0.0481,Low,0
SYN-00440,61,0,91,122,73,36.6,98.0,21,28.7,84,245,0.043,0.9,1.17,0,0,0,0.4549,Moderate,0
SYN-03259,40,0,59,129,71,36.0,98.4,15,36.0,100,228,0.01,0.6,1.24,0,0,1,0.0458,Low,0
SYN-04653,61,0,89,149,82,37.0,97.7,19,30.7,92,187,0.001,2.6,1.38,1,0,0,0.1608,Low,0
SYN-06028,44,0,55,109,69,36.8,98.3,15,16.9,98,197,0.003,0.6,1.01,0,0,0,0.0041,Low,0
SYN-00638,36,1,65,121,75,36.7,98.0,15,23.6,104,227,0.005,0.2,1.06,0,0,1,0.0199,Low,0
SYN-09775,51,0,54,123,70,36.7,97.1,19,27.3,82,252,0.016,1.5,1.2,0,0,1,0.0737,Low,0
SYN-04095,63,0,93,138,82,36.3,98.9,10,33.9,206,173,0.002,1.4,1.0,0,1,0,0.1615,Low,0
SYN-00676,60,0,77,165,91,37.5,98.2,18,28.9,91,206,0.002,0.3,1.27,1,0,1,0.4904,Moderate,0
SYN-00530,79,0,77,150,87,36.9,93.2,20,30.8,81,212,0.008,1.6,1.58,0,0,0,0.3469,Moderate,0
SYN-05770,56,1,82,173,93,37.1,98.0,12,36.1,85,242,0.001,1.2,1.26,1,0,0,0.2105,Low,0
SYN-02866,34,1,73,123,71,36.3,97.4,17,22.8,79,194,0.001,0.7,1.18,0,0,0,0.0078,Low,0
SYN-05492,18,1,65,116,87,37.3,98.4,14,20.9,87,220,0.004,1.1,1.25,0,0,0,0.0029,Low,0
SYN-08504,31,0,85,112,70,36.3,94.5,14,23.3,82,197,0.005,4.3,1.14,0,0,1,0.0167,Low,0
SYN-02626,52,0,76,117,72,36.7,97.9,21,27.6,228,238,0.005,0.2,0.89,0,1,0,0.1143,Low,0
SYN-05152,53,0,57,113,77,37.4,97.8,15,18.4,106,198,0.006,1.2,0.99,0,0,0,0.0097,Low,0
SYN-07114,57,1,98,119,73,36.5,98.2,17,27.4,241,224,2.059,2.6,1.22,0,1,0,1.0,High,1
SYN-04921,49,0,60,120,78,36.7,100.0,15,36.2,117,228,0.007,1.8,0.95,1,0,0,0.0338,Low,0
SYN-08799,61,0,55,152,87,36.7,97.8,14,31.9,111,257,0.005,1.5,1.19,1,0,0,0.1338,Low,0
SYN-05538,19,1,80,102,61,36.8,98.7,12,22.0,117,192,0.016,1.8,0.84,0,0,0,0.0035,Low,0
SYN-03418,69,1,68,112,72,36.8,97.9,14,26.8,159,227,0.004,0.4,1.66,0,1,0,0.1291,Low,0
SYN-05654,64,1,82,129,74,37.5,98.7,13,27.5,76,245,0.006,3.8,1.44,0,0,1,0.128,Low,0
SYN-01018,50,0,86,125,80,36.4,98.8,14,28.3,72,222,0.003,4.5,0.93,0,0,1,0.0365,Low,0
SYN-08904,63,0,79,152,88,36.3,99.4,14,28.4,91,166,0.005,0.3,1.17,1,0,0,0.0932,Low,0
SYN-05688,76,0,77,176,93,36.7,98.9,16,37.4,96,161,0.008,1.6,1.02,1,0,0,0.385,Moderate,0
SYN-02489,76,1,67,161,85,36.9,99.0,15,30.5,157,190,0.007,0.5,1.63,1,1,0,0.5866,Moderate,1
SYN-01756,64,0,90,166,90,36.3,98.6,14,29.3,102,221,0.009,0.2,1.31,1,0,0,0.2708,Low,0
SYN-03344,67,0,71,145,89,36.4,99.8,16,25.4,108,189,0.003,1.4,1.25,1,0,0,0.0985,Low,0
SYN-04832,23,0,82,95,57,37.4,96.5,17,33.5,85,225,0.001,0.6,1.3,0,0,1,0.0089,Low,0
SYN-08745,42,1,56,115,70,37.2,97.7,20,28.3,66,265,0.006,1.2,1.22,0,0,0,0.0151,Low,0
SYN-08530,63,1,75,148,82,37.0,98.1,11,28.1,109,265,0.001,2.8,1.26,1,0,0,0.1404,Low,0
SYN-07997,87,1,90,151,81,37.1,96.9,14,28.4,90,225,0.001,0.8,1.31,1,0,0,0.3802,Moderate,0
SYN-09117,33,1,59,96,63,36.4,91.2,20,28.1,81,204,0.035,1.4,1.32,0,0,1,0.0693,Low,0
SYN-02204,64,1,83,145,91,36.4,98.5,16,31.1,171,215,0.004,1.0,1.76,1,1,0,0.4761,Moderate,0
SYN-06312,74,1,74,146,76,36.7,98.4,15,23.6,87,223,0.002,1.7,1.66,1,0,1,0.5418,Moderate,1
SYN-05974,53,1,73,160,89,36.5,98.4,16,30.2,89,156,0.008,1.0,1.57,1,0,0,0.1447,Low,0
SYN-07551,58,1,72,111,63,36.2,97.2,18,19.0,94,238,0.001,2.7,1.14,0,0,0,0.0213,Low,0
SYN-00277,42,0,98,126,68,36.7,97.8,16,23.8,73,172,0.002,0.3,0.88,0,0,0,0.0104,Low,0
SYN-03655,64,0,77,138,82,36.3,99.2,18,23.3,76,205,0.006,0.2,1.13,0,0,0,0.0435,Low,0
SYN-08808,50,1,89,145,79,37.4,98.7,22,25.7,100,199,0.016,2.6,1.23,1,0,0,0.1816,Low,0
SYN-05084,50,1,88,130,81,36.6,98.5,10,22.3,90,185,0.005,0.9,1.1,0,0,1,0.0368,Low,0
SYN-04929,78,0,64,122,76,37.4,98.1,22,17.3,108,186,0.009,1.0,1.21,0,0,0,0.0697,Low,0
SYN-01113,36,0,90,115,63,37.4,98.4,14,28.8,62,177,0.002,0.2,1.0,0,0,0,0.0053,Low,0
SYN-02968,43,1,79,152,88,37.0,97.8,17,33.3,95,253,0.009,7.5,1.54,1,0,0,0.1927,Low,0
SYN-04167,36,1,81,144,85,36.6,99.8,15,30.0,94,215,0.006,0.7,1.24,1,0,0,0.0429,Low,0
SYN-03114,66,0,80,146,80,36.7,98.1,13,29.0,100,228,0.015,1.6,1.25,0,0,0,0.1306,Low,0
SYN-01466,55,0,70,126,70,36.6,99.2,18,34.8,97,210,0.006,3.1,1.02,0,0,0,0.0353,Low,0
SYN-05141,51,0,75,115,65,37.4,99.2,15,22.2,100,259,0.004,0.5,1.1,0,0,0,0.0142,Low,0
SYN-08986,75,1,65,128,77,36.6,97.6,13,27.4,92,230,0.006,1.3,1.41,0,0,0,0.083,Low,0
SYN-06782,53,1,86,135,80,36.1,99.0,17,28.8,233,229,0.002,0.2,1.44,0,1,0,0.2265,Low,0
SYN-03099,86,1,72,144,72,36.7,96.8,15,20.1,76,191,0.007,2.1,1.6,0,0,1,0.3189,Moderate,0
SYN-06221,78,1,76,167,89,36.8,98.3,16,30.4,91,214,0.001,1.1,1.45,1,0,0,0.3676,Moderate,0
SYN-00618,58,1,74,141,85,36.7,93.2,17,27.8,116,236,0.019,1.6,1.53,1,0,1,0.7299,High,1
SYN-05005,58,0,84,145,80,36.8,99.9,13,24.2,190,232,0.009,3.1,1.09,1,1,0,0.2728,Low,0
SYN-06702,82,0,95,143,86,36.6,97.8,17,18.0,71,215,0.005,1.3,1.14,0,0,0,0.1219,Low,0
SYN-08855,85,1,105,159,78,40.3,95.1,23,30.9,100,237,0.008,29.5,1.23,1,0,1,0.9762,High,1
SYN-00105,39,1,69,132,81,36.9,96.4,17,25.2,100,209,0.005,4.5,1.35,0,0,1,0.0559,Low,0
SYN-08258,42,0,79,115,60,36.5,98.2,19,25.2,185,220,0.01,1.1,1.35,0,1,0,0.0698,Low,0
SYN-05056,54,1,73,148,81,36.7,100.0,13,26.3,90,164,0.008,0.8,1.33,1,0,0,0.0663,Low,0
SYN-01755,72,0,93,167,85,36.3,97.7,17,33.4,184,220,0.016,0.8,1.28,1,1,0,0.8006,High,1
SYN-04022,60,0,91,158,92,36.5,98.5,14,30.1,87,232,0.005,2.5,1.01,1,0,0,0.1538,Low,0
SYN-03557,51,1,62,149,76,36.9,97.6,13,21.9,89,186,0.045,0.5,1.36,1,0,0,0.44,Moderate,0
SYN-07692,46,1,65,145,74,36.9,99.2,14,21.3,104,199,0.004,0.2,1.06,0,0,0,0.0193,Low,0
SYN-00431,37,1,83,124,70,36.8,97.4,14,27.1,91,197,0.011,0.6,1.04,1,0,1,0.1271,Low,0
SYN-06475,26,0,78,142,86,36.8,97.9,15,23.0,149,201,0.004,2.4,1.25,1,1,0,0.0504,Low,0
SYN-01459,83,1,102,125,73,39.5,98.7,18,26.0,84,267,0.034,28.9,1.55,0,0,0,0.7107,High,1
SYN-07524,62,0,91,156,85,38.6,95.3,20,31.3,94,251,0.005,9.1,1.53,1,0,1,0.7901,High,1
SYN-03920,60,1,51,146,83,36.8,97.5,12,27.5,85,210,0.009,0.3,1.53,1,0,0,0.0964,Low,0
SYN-09337,55,0,92,121,72,36.7,98.8,19,29.5,94,258,0.011,0.6,0.96,0,0,0,0.0496,Low,0
SYN-01119,60,1,79,155,85,36.9,97.4,17,29.6,98,264,0.004,4.0,1.3,1,0,1,0.6173,Moderate,1
SYN-00218,75,0,105,155,86,36.4,97.3,19,30.3,104,235,0.011,2.0,1.17,1,0,0,0.4979,Moderate,0
SYN-02466,42,0,107,125,68,38.3,90.0,19,16.6,91,199,0.019,35.1,1.35,1,0,1,0.7254,High,1
SYN-03954,47,1,91,143,90,36.8,90.9,13,28.5,99,231,0.576,1.2,1.43,1,0,1,1.0,High,1
SYN-02093,56,0,73,137,77,36.6,98.5,15,15.1,92,173,0.666,1.7,1.37,1,0,0,0.9994,High,1
SYN-08086,53,1,76,134,82,37.4,100.0,14,28.4,139,259,0.004,1.2,1.33,0,1,0,0.0951,Low,0
SYN-03425,90,0,95,169,82,39.1,93.8,17,35.5,219,286,0.011,9.5,1.5,1,1,0,0.9717,High,1
SYN-08302,44,1,66,129,85,37.2,98.1,15,25.4,102,187,0.01,0.4,1.2,0,0,0,0.0209,Low,0
SYN-01237,54,1,86,121,74,37.1,98.1,18,25.5,88,177,0.008,1.1,1.39,0,0,0,0.0376,Low,0
SYN-03376,44,1,78,155,81,36.3,98.6,19,34.0,94,268,0.002,1.2,1.51,1,0,1,0.4537,Moderate,0
SYN-09749,54,0,66,140,78,36.6,98.8,17,31.7,79,250,0.006,1.6,0.97,0,0,0,0.0385,Low,0
SYN-06571,43,1,73,107,64,36.4,99.1,18,31.2,179,209,0.007,1.0,1.36,0,1,1,0.1109,Low,0
SYN-07970,79,1,91,129,80,37.1,96.9,20,25.2,83,199,0.014,0.7,1.67,1,0,0,0.3588,Moderate,0
SYN-04020,54,1,77,123,63,36.7,97.9,13,26.4,102,239,0.002,3.4,1.24,0,0,0,0.0302,Low,0
SYN-04578,18,1,67,99,67,36.7,97.3,15,29.1,99,228,0.005,5.5,1.29,0,0,1,0.0089,Low,0
SYN-00014,72,1,79,137,69,36.8,99.4,17,32.5,101,298,0.018,2.8,1.12,1,0,1,0.7368,High,1
SYN-01292,47,0,77,143,89,36.8,98.8,15,23.0,66,182,0.002,2.2,1.04,1,0,0,0.0255,Low,0
SYN-05249,59,0,91,132,82,37.0,100.0,13,23.4,106,196,0.001,1.8,1.07,0,0,0,0.0259,Low,0
SYN-00550,65,1,76,143,86,36.9,99.5,17,29.5,112,169,0.001,1.0,1.45,1,1,1,0.573,Moderate,1
SYN-01507,20,0,69,121,79,36.8,98.1,15,24.9,101,198,0.011,0.2,1.25,0,0,0,0.0055,Low,0
SYN-00027,63,0,103,156,100,37.0,95.8,21,24.2,110,257,0.005,0.8,1.12,1,0,1,0.7067,High,1
SYN-05873,57,1,84,144,75,37.0,97.6,20,29.9,111,185,0.324,0.2,1.37,0,0,1,0.9983,High,1
SYN-00246,33,0,82,130,86,36.5,98.7,19,25.3,93,191,0.014,2.3,1.1,0,0,0,0.0185,Low,0
SYN-02181,88,0,76,162,105,37.1,96.6,16,38.5,234,296,0.002,1.5,1.32,1,1,0,0.8892,High,1
SYN-08107,65,1,64,139,82,36.8,96.3,15,34.6,81,188,0.005,0.8,1.41,0,0,1,0.1619,Low,0
SYN-02293,73,0,86,142,93,36.9,96.6,17,27.5,96,235,0.025,1.5,1.27,0,0,0,0.2917,Low,0
SYN-08585,52,0,64,145,89,36.3,98.9,19,27.2,151,222,0.001,0.3,1.4,1,1,0,0.162,Low,0
SYN-04000,34,1,62,115,66,37.1,97.3,14,29.6,88,268,0.002,6.4,0.98,0,0,1,0.0199,Low,0
SYN-03637,50,1,79,141,78,37.4,98.1,15,36.6,92,226,0.006,0.7,1.27,0,0,0,0.063,Low,0
SYN-05966,74,1,65,160,91,36.5,96.7,13,38.5,260,253,0.003,2.7,1.54,1,1,0,0.8188,High,1
SYN-02220,30,0,71,123,62,36.6,98.7,15,31.4,97,171,0.001,0.7,1.27,0,0,0,0.0063,Low,0
SYN-07365,53,1,66,121,71,37.2,96.6,21,25.3,81,225,0.005,2.5,1.42,0,0,1,0.0785,Low,0
SYN-02773,50,0,70,150,93,36.3,98.3,14,37.0,168,217,0.289,2.1,1.37,1,1,0,0.9983,High,1
SYN-00435,69,1,93,151,77,36.7,97.8,13,30.2,94,217,0.011,1.1,1.29,1,0,0,0.2932,Low,0
SYN-03690,76,0,100,163,91,39.0,94.4,19,34.8,177,230,0.004,9.2,1.41,1,1,0,0.8698,High,1
SYN-00295,50,1,81,140,79,37.3,96.8,17,26.4,141,260,0.004,0.2,1.35,0,1,1,0.2688,Low,0
SYN-08223,40,0,64,148,89,36.1,97.6,14,34.7,83,241,0.01,1.2,1.13,1,0,1,0.2336,Low,0
SYN-09744,57,1,89,163,100,38.2,98.1,17,45.1,91,275,0.033,19.3,1.51,1,0,1,0.9561,High,1
SYN-02371,36,1,63,115,72,37.3,98.3,16,19.3,213,182,0.424,0.4,1.13,0,1,0,0.9945,High,1
SYN-06072,33,0,67,121,63,36.6,97.6,18,28.5,101,201,0.022,0.3,0.86,0,0,0,0.0165,Low,0
SYN-02903,70,1,68,145,77,36.7,98.1,18,29.9,102,226,0.006,1.4,1.52,0,0,1,0.2886,Low,0
SYN-00554,87,1,95,156,96,37.0,96.3,17,41.1,199,231,0.005,1.0,1.97,1,1,0,0.925,High,1
SYN-01247,47,0,87,139,86,37.0,98.4,15,35.7,118,207,0.003,0.6,1.31,1,1,0,0.1367,Low,0
SYN-07810,60,1,67,146,75,36.8,98.5,17,39.6,153,192,0.007,1.7,1.44,0,1,0,0.2757,Low,0
SYN-06201,78,1,82,131,82,36.9,98.3,20,25.3,187,192,0.001,0.9,1.51,0,1,0,0.3413,Moderate,0
SYN-09061,68,1,91,125,82,37.2,96.5,18,31.6,94,239,0.001,1.2,1.28,0,0,0,0.104,Low,0
SYN-08509,53,1,89,116,75,36.7,93.7,18,31.9,188,180,0.012,0.6,1.34,0,1,1,0.3881,Moderate,0
SYN-09336,23,0,74,108,67,36.2,91.6,25,24.9,102,188,0.007,0.7,1.06,0,0,1,0.023,Low,0
SYN-08265,55,0,71,133,79,36.8,98.3,16,15.0,76,213,0.015,1.3,0.99,0,0,0,0.0249,Low,0
SYN-03752,44,1,59,133,77,36.9,97.7,18,26.3,87,173,0.012,2.3,1.3,0,0,0,0.0277,Low,0
SYN-05051,61,1,81,121,78,36.1,97.6,18,32.2,114,267,0.001,3.2,1.36,0,0,1,0.1593,Low,0
SYN-06637,49,0,98,125,79,37.2,98.7,21,22.0,101,191,0.003,2.2,1.22,0,0,0,0.0291,Low,0
SYN-04912,62,1,69,109,67,36.8,97.8,20,20.7,181,176,0.013,1.2,1.24,0,1,0,0.1151,Low,0
SYN-00915,70,1,78,128,75,36.2,98.6,16,27.8,103,290,0.012,0.3,1.38,0,0,1,0.2566,Low,0
SYN-04947,76,1,86,165,97,37.1,98.8,17,22.5,84,231,0.003,0.2,1.67,1,0,0,0.3561,Moderate,0
SYN-03539,68,0,89,150,89,37.0,99.7,15,42.3,174,170,0.001,0.6,1.37,1,1,0,0.4482,Moderate,0
SYN-05546,81,1,92,136,73,36.6,95.9,16,22.5,100,240,0.004,1.8,1.46,0,0,0,0.2168,Low,0
SYN-06162,44,1,84,118,70,36.7,97.4,20,26.6,96,202,0.001,6.5,1.51,0,0,1,0.0621,Low,0
SYN-02076,33,1,76,117,68,36.9,99.1,15,23.8,100,227,0.003,0.6,1.27,0,0,0,0.0082,Low,0
SYN-00143,20,0,77,145,86,36.2,98.8,12,19.5,81,183,0.004,1.9,0.86,1,0,0,0.0067,Low,0
SYN-05954,61,0,85,140,85,36.2,98.4,16,26.9,89,212,0.003,3.6,1.16,0,0,0,0.0566,Low,0
SYN-05118,51,0,69,122,71,37.6,93.0,20,21.9,85,235,0.001,9.3,0.86,0,0,0,0.0304,Low,0
SYN-08180,83,1,85,157,86,37.1,98.5,17,32.1,228,243,0.004,4.2,1.52,1,1,0,0.8518,High,1
SYN-01455,77,0,61,117,78,36.3,95.1,13,25.5,152,271,0.003,1.1,1.18,0,1,0,0.1493,Low,0
SYN-06325,58,1,70,146,79,36.4,99.6,13,20.3,100,228,0.019,3.4,1.39,1,0,0,0.142,Low,0
SYN-01960,45,1,63,126,71,36.5,96.8,10,23.9,88,209,0.013,1.3,1.5,0,0,1,0.0452,Low,0
SYN-09684,72,0,100,185,102,39.3,94.6,17,30.2,138,253,0.003,13.9,1.17,1,1,0,0.8583,High,1
SYN-08610,39,1,73,133,79,36.6,98.8,14,32.8,110,205,0.002,1.1,1.49,0,0,0,0.0235,Low,0
SYN-08039,58,1,95,125,78,36.4,98.4,17,25.6,100,184,0.014,0.2,1.12,0,0,0,0.0617,Low,0
SYN-07546,79,1,68,111,65,36.6,99.8,14,21.8,107,271,0.003,0.2,1.46,0,0,0,0.0538,Low,0
SYN-02056,63,1,83,162,88,37.0,98.0,17,38.8,160,204,0.001,1.9,1.59,1,1,0,0.5887,Moderate,1
SYN-02778,47,0,83,139,77,36.3,98.5,18,30.5,91,236,0.001,3.0,1.07,0,0,0,0.0343,Low,0
SYN-08464,50,0,76,146,81,37.0,99.7,15,26.7,102,183,0.001,3.3,0.87,1,0,0,0.0385,Low,0
SYN-04019,49,0,83,124,75,37.0,97.2,16,25.5,84,216,0.017,1.6,1.1,0,0,0,0.0358,Low,0
SYN-05032,67,1,78,142,75,36.6,93.7,14,33.4,205,193,0.4,0.7,1.3,0,1,1,0.9999,High,1
SYN-08076,40,1,88,168,88,36.5,98.2,15,32.2,84,198,0.01,2.3,1.31,1,0,0,0.144,Low,0
SYN-00741,70,0,81,124,74,36.6,100.0,18,21.4,113,259,0.032,1.2,1.37,0,0,0,0.1772,Low,0
SYN-04713,72,1,106,144,74,37.2,98.1,15,28.6,259,211,0.005,0.2,1.4,1,1,0,0.7204,High,1
SYN-06172,24,1,83,117,72,37.0,99.3,16,33.4,107,200,0.01,1.0,1.05,0,0,0,0.0101,Low,0
SYN-07313,54,1,72,152,83,38.5,96.1,19,39.9,187,238,0.002,7.4,1.07,0,1,0,0.3912,Moderate,0
SYN-02322,74,1,77,163,101,36.5,99.1,15,35.2,173,204,0.004,3.1,1.52,1,1,1,0.9085,High,1
SYN-08594,51,1,78,160,96,36.5,98.0,17,22.1,89,244,0.012,1.1,1.39,1,0,0,0.1723,Low,0
SYN-02372,50,0,82,110,70,36.5,97.6,15,23.8,97,195,0.019,0.5,1.31,0,0,1,0.054,Low,0
SYN-08759,48,0,74,121,72,37.1,97.7,16,30.0,84,210,0.001,0.6,0.87,0,0,0,0.0125,Low,0
SYN-02687,26,0,75,137,82,36.5,98.7,17,27.8,94,219,0.002,2.3,0.95,1,0,0,0.0151,Low,0
SYN-00189,32,1,72,143,70,36.8,98.6,13,33.8,201,249,0.008,4.0,1.37,1,1,0,0.1948,Low,0
SYN-01451,49,0,89,125,77,36.5,98.3,18,32.6,82,198,0.011,0.6,0.78,0,0,0,0.0291,Low,0
SYN-09091,35,0,65,141,82,36.5,97.0,11,26.3,113,236,0.001,3.3,1.17,1,0,1,0.1111,Low,0
SYN-06327,52,0,100,157,92,37.9,97.2,15,29.5,85,216,0.004,9.7,1.35,1,0,0,0.1928,Low,0
SYN-04656,53,1,75,121,61,36.1,96.9,20,32.8,91,219,0.006,1.3,1.5,0,0,0,0.0578,Low,0
SYN-09259,28,1,89,126,76,36.5,98.0,17,31.1,112,215,0.001,0.8,1.38,0,0,0,0.0168,Low,0
SYN-08022,31,1,70,145,90,36.4,99.2,17,32.3,108,240,0.008,2.6,1.14,1,0,0,0.0516,Low,0
SYN-00766,25,0,76,126,82,37.2,96.8,16,25.7,87,201,0.013,0.2,0.91,0,0,1,0.0178,Low,0
SYN-01033,46,0,86,140,87,36.6,95.5,15,21.7,87,232,0.012,0.4,1.46,1,0,1,0.3217,Moderate,0
SYN-05367,45,1,82,139,79,36.8,98.3,20,28.5,95,190,0.015,3.8,1.23,1,0,0,0.1141,Low,0
SYN-09146,64,0,85,143,77,36.6,97.6,14,22.1,102,186,0.005,2.4,1.66,1,0,0,0.133,Low,0
SYN-04776,65,1,63,135,77,37.3,98.1,19,18.4,74,225,0.016,0.9,1.17,0,0,0,0.0678,Low,0
SYN-03976,59,1,81,131,77,36.8,95.6,18,29.1,102,200,0.005,0.7,1.23,0,0,1,0.1481,Low,0
SYN-09410,30,1,72,124,65,36.7,97.5,15,31.7,85,199,0.008,2.3,1.0,0,0,1,0.0234,Low,0
SYN-09115,69,0,74,140,60,37.2,97.4,20,21.5,132,256,0.005,1.4,1.17,1,1,1,0.6883,High,1
SYN-05207,30,1,83,125,74,36.9,98.7,16,26.6,219,249,0.005,0.7,1.15,0,1,0,0.0598,Low,0
SYN-03960,41,0,74,154,78,36.7,98.3,20,29.4,187,210,0.009,0.2,1.28,1,1,0,0.2644,Low,0
SYN-05086,75,1,96,154,91,37.2,97.0,19,26.2,83,218,0.004,2.2,1.38,1,0,0,0.3749,Moderate,0
SYN-02920,69,0,50,127,82,37.0,98.8,13,22.7,90,219,3.489,1.8,1.27,0,0,0,1.0,High,1
SYN-09730,90,0,87,152,99,37.4,98.2,15,18.7,83,251,0.014,5.1,1.32,1,0,0,0.4601,Moderate,0
SYN-07618,67,0,69,124,73,35.8,96.8,15,28.2,94,169,0.001,1.7,1.29,0,0,0,0.0355,Low,0
SYN-06132,57,1,66,126,75,36.8,98.6,14,18.4,85,186,0.009,0.2,0.98,0,0,0,0.0175,Low,0
SYN-05747,25,1,67,111,71,37.2,97.2,16,30.7,81,186,0.004,4.3,0.89,0,0,1,0.0099,Low,0
SYN-08424,73,1,102,156,88,36.7,96.8,21,29.0,90,238,0.01,0.2,1.54,1,0,1,0.8588,High,1
SYN-08030,56,1,86,139,85,37.3,97.4,13,32.3,120,243,0.007,1.9,1.59,1,0,0,0.1926,Low,0
SYN-09073,62,1,77,158,86,37.3,99.2,14,25.5,113,204,0.017,5.3,1.23,1,0,0,0.2674,Low,0
SYN-01433,40,0,69,100,58,36.6,99.9,16,31.0,121,170,0.014,2.0,1.26,0,0,0,0.0106,Low,0
SYN-05332,60,0,84,127,75,37.0,97.8,14,30.8,90,164,0.016,4.6,1.58,0,0,1,0.1536,Low,0
SYN-02039,38,1,91,121,78,37.1,98.7,17,29.7,196,236,0.004,0.2,1.29,0,1,0,0.0807,Low,0
SYN-04560,34,0,80,149,90,36.6,96.6,13,34.1,127,169,0.019,2.4,0.97,1,1,0,0.1433,Low,0
SYN-05601,81,1,79,123,72,36.1,96.2,16,24.8,152,210,0.003,0.5,1.39,0,1,0,0.2618,Low,0
SYN-04480,60,1,76,134,68,37.0,97.5,17,29.0,188,204,0.005,3.8,1.35,1,1,1,0.7242,High,1
SYN-02302,40,0,64,110,66,37.0,98.4,13,32.9,87,245,0.029,1.4,1.39,0,0,0,0.0264,Low,0
SYN-01462,42,0,83,143,92,36.3,99.3,16,29.1,69,202,0.002,0.2,1.5,1,0,1,0.1641,Low,0
SYN-05720,62,1,82,110,72,36.5,98.3,17,26.0,153,254,0.003,0.2,1.31,0,1,0,0.1004,Low,0
SYN-03012,48,0,74,138,80,36.3,99.4,15,32.2,157,276,0.009,1.5,1.08,1,1,0,0.1833,Low,0
SYN-04557,60,0,88,144,78,35.9,97.2,16,29.9,105,166,0.015,0.2,1.29,1,0,0,0.1817,Low,0
SYN-08662,59,1,102,125,77,36.6,99.4,16,27.8,147,238,0.001,0.3,1.5,0,1,0,0.144,Low,0
SYN-01347,59,1,68,134,77,36.7,98.1,14,26.0,82,232,0.012,3.0,0.99,0,0,1,0.0982,Low,0
SYN-03019,60,1,78,124,72,36.8,98.2,13,24.5,80,191,0.005,2.2,1.29,0,0,1,0.0604,Low,0
SYN-03064,57,1,73,133,76,35.6,99.0,17,23.7,87,254,0.004,2.8,1.62,0,0,0,0.0554,Low,0
SYN-05099,39,1,82,131,73,36.6,99.1,22,26.9,102,223,0.013,1.2,1.63,1,0,0,0.0911,Low,0
SYN-05451,51,1,83,128,75,36.5,97.6,21,26.3,85,235,0.012,0.5,1.02,0,0,0,0.0538,Low,0
SYN-02330,70,0,91,158,88,37.0,98.3,17,17.8,112,247,0.005,1.2,1.32,1,0,0,0.2517,Low,0
SYN-02094,67,1,64,123,70,36.5,97.8,18,26.8,91,264,0.005,0.5,1.75,0,0,0,0.0825,Low,0
SYN-03191,31,1,84,157,89,36.7,97.9,11,23.4,79,176,0.006,0.5,1.35,1,0,1,0.1414,Low,0
SYN-06226,49,1,77,146,85,36.5,97.5,19,24.7,193,301,0.02,0.3,1.36,1,1,0,0.5308,Moderate,1
SYN-08764,43,1,75,137,76,38.2,92.8,18,30.5,175,202,0.01,25.0,1.29,1,1,0,0.5254,Moderate,1
SYN-04094,35,1,78,130,73,37.1,98.0,20,27.6,104,181,0.018,2.2,1.21,1,0,1,0.2445,Low,0
SYN-06758,35,1,69,104,62,36.7,98.7,19,25.7,85,228,0.015,0.2,1.37,0,0,1,0.0256,Low,0
SYN-03159,31,0,60,131,83,37.0,99.3,13,33.8,118,207,0.001,4.5,1.39,1,0,0,0.0189,Low,0
SYN-02655,54,0,84,151,101,36.4,99.0,12,39.1,86,202,0.006,0.9,1.16,1,0,1,0.3625,Moderate,0
SYN-07101,74,1,63,137,81,36.7,95.8,18,24.5,100,151,0.018,2.3,1.28,0,0,0,0.1591,Low,0
SYN-05042,41,0,81,131,70,37.0,97.4,20,27.4,105,187,0.005,2.4,1.25,1,0,0,0.047,Low,0
SYN-09694,90,0,65,132,80,36.5,99.6,17,32.1,191,268,0.002,0.7,1.25,0,1,0,0.4089,Moderate,0
SYN-01521,34,0,64,106,74,36.5,97.4,16,23.7,96,226,0.003,4.0,1.0,0,0,0,0.005,Low,0
SYN-01659,66,0,93,162,86,36.8,99.1,19,27.1,91,213,0.015,0.8,1.41,1,0,0,0.3561,Moderate,0
SYN-09044,46,1,70,98,72,36.4,97.1,18,26.9,101,246,0.001,1.7,1.34,0,0,1,0.0281,Low,0
SYN-09333,56,0,74,151,81,36.6,99.1,20,33.4,127,234,0.007,3.0,1.22,1,1,0,0.3157,Moderate,0
SYN-01511,55,1,66,112,56,36.5,97.5,14,26.4,85,217,0.003,1.0,1.42,0,0,1,0.0389,Low,0
SYN-08460,60,1,67,138,85,36.8,99.6,17,23.6,105,194,0.001,1.2,1.41,0,0,0,0.0412,Low,0
SYN-00054,49,0,81,149,83,36.6,97.6,20,30.8,97,203,0.004,4.5,1.2,1,0,0,0.1146,Low,0
SYN-01050,61,1,88,116,66,39.0,98.2,19,20.6,114,236,0.005,35.6,1.13,0,0,1,0.2764,Low,0
SYN-09683,54,1,77,122,63,36.8,99.7,13,25.8,186,281,0.009,0.4,1.51,0,1,0,0.1335,Low,0
SYN-03773,61,0,79,132,79,36.6,98.0,16,24.9,101,198,0.412,0.5,1.03,0,0,0,0.9958,High,1
SYN-09460,80,1,88,163,96,36.6,98.1,13,36.9,112,256,0.001,2.3,1.74,1,1,0,0.7042,High,1
SYN-04884,50,0,60,115,87,37.0,98.3,17,26.9,95,271,0.001,1.6,1.2,0,0,0,0.0151,Low,0
SYN-09660,74,1,84,133,87,36.0,98.1,11,31.5,216,290,0.002,0.8,1.4,0,1,0,0.3978,Moderate,0
SYN-00982,30,1,78,132,81,37.3,98.8,17,29.4,123,285,0.008,1.2,1.36,0,1,0,0.0561,Low,0
SYN-07986,56,1,79,137,78,36.9,98.2,15,27.6,82,220,0.044,0.2,1.53,1,0,0,0.5748,Moderate,1
SYN-07045,47,1,60,117,74,37.1,99.2,18,21.4,106,259,0.013,1.0,1.26,0,0,0,0.024,Low,0
SYN-02743,41,0,74,125,78,36.8,99.1,19,18.0,86,218,0.002,2.5,0.98,0,0,0,0.0089,Low,0
SYN-03277,69,1,83,135,80,36.9,98.2,17,25.2,267,277,0.008,0.7,1.46,0,1,0,0.5417,Moderate,1
SYN-03983,48,0,77,120,75,36.6,98.1,18,32.0,147,199,0.012,2.2,1.34,0,1,0,0.0925,Low,0
SYN-01877,66,1,102,178,105,36.5,97.9,15,34.3,79,224,0.013,1.5,1.88,1,0,0,0.6254,Moderate,1
SYN-08784,18,1,67,123,70,37.1,99.2,15,26.0,75,242,0.002,0.5,1.42,1,0,0,0.0073,Low,0
SYN-06565,74,1,72,143,85,36.7,98.1,16,28.3,85,234,0.005,0.7,1.6,1,0,1,0.5967,Moderate,1
SYN-08665,64,0,71,164,92,36.7,97.2,21,30.5,89,185,0.001,0.9,1.61,1,0,1,0.6073,Moderate,1
SYN-06709,67,1,71,147,84,37.6,99.8,18,34.5,79,191,0.004,2.0,1.44,1,0,0,0.1706,Low,0
SYN-04683,44,0,50,161,88,37.3,99.5,12,26.6,84,233,0.013,0.8,1.26,1,0,1,0.2221,Low,0
SYN-05642,24,0,92,116,77,36.8,99.8,17,23.7,98,209,1.971,0.7,1.15,0,0,0,1.0,High,1
SYN-08175,62,1,75,166,89,36.7,96.9,15,20.0,191,167,0.011,0.6,1.23,1,1,1,0.8193,High,1
SYN-03834,42,0,59,129,71,36.2,98.9,16,28.6,79,167,0.015,2.1,1.01,0,0,0,0.0142,Low,0
SYN-02488,68,1,68,124,84,36.9,97.1,18,27.7,93,257,0.003,0.3,1.41,0,0,0,0.0751,Low,0
SYN-04354,31,1,54,130,77,36.8,98.9,14,33.2,86,177,0.003,1.8,1.17,0,0,0,0.0075,Low,0
SYN-07364,74,0,62,135,70,36.9,97.6,19,28.7,105,235,0.009,2.0,1.26,0,0,0,0.1285,Low,0
SYN-06377,26,1,69,118,74,36.3,97.6,16,31.5,110,151,0.001,3.2,1.18,0,0,0,0.0067,Low,0
SYN-04980,43,0,87,142,76,38.7,99.1,18,33.9,87,230,0.006,15.1,1.33,0,0,0,0.0753,Low,0
SYN-01686,64,1,80,126,84,38.8,98.0,19,24.8,170,208,0.011,6.4,1.49,0,1,1,0.4565,Moderate,0
SYN-01724,85,1,87,157,82,37.3,98.6,16,36.4,105,287,0.022,0.5,1.85,1,0,0,0.8001,High,1
SYN-05457,24,1,77,128,80,36.6,95.0,19,27.4,94,251,0.003,1.2,1.38,0,0,1,0.0373,Low,0
SYN-08338,52,0,68,124,79,36.5,97.6,15,18.4,105,188,0.006,0.2,1.33,0,0,1,0.0357,Low,0
SYN-00023,74,0,64,137,74,37.1,97.9,18,33.1,150,260,0.006,0.6,1.29,0,1,0,0.2963,Low,0
SYN-03709,52,0,81,134,80,37.0,97.9,16,27.0,93,229,0.014,5.5,1.04,0,0,0,0.0565,Low,0
SYN-05449,75,1,66,137,84,37.4,97.6,20,23.9,61,225,0.005,0.6,1.32,0,0,0,0.0935,Low,0
SYN-01477,88,0,77,137,68,37.2,96.9,18,34.0,99,205,0.764,3.5,1.27,0,0,0,1.0,High,1
SYN-08624,67,0,64,153,93,36.5,99.5,16,19.7,89,194,0.019,2.8,1.44,1,0,0,0.1782,Low,0
SYN-00086,62,1,66,138,85,37.2,98.5,17,27.2,88,218,0.02,2.9,1.22,0,0,0,0.1079,Low,0
SYN-07425,57,1,89,147,83,36.7,97.5,16,28.0,161,235,0.004,0.7,1.26,1,1,1,0.7282,High,1
SYN-01327,59,0,63,140,77,36.9,99.5,20,34.7,93,271,0.001,1.5,1.35,0,0,0,0.0674,Low,0
SYN-07175,79,0,70,162,86,36.8,97.0,18,32.8,113,203,0.005,5.5,1.5,1,0,0,0.4821,Moderate,0
SYN-01035,46,1,77,133,87,37.5,99.1,17,29.0,79,219,0.002,0.2,1.12,1,0,0,0.0367,Low,0
SYN-09203,49,0,99,121,68,37.1,97.7,15,19.6,88,238,0.001,1.3,1.09,0,0,0,0.0171,Low,0
SYN-09030,65,1,77,138,82,36.6,99.2,15,38.3,206,230,0.001,7.4,1.21,0,1,0,0.3383,Moderate,0
SYN-03455,77,1,87,128,69,37.0,97.5,19,27.5,87,236,0.015,1.0,1.65,0,1,0,0.3729,Moderate,0
SYN-07103,63,0,101,147,86,38.3,90.5,19,22.5,91,218,0.004,6.7,0.83,1,0,0,0.2716,Low,0
SYN-01534,35,0,70,107,73,36.7,99.3,15,26.6,71,148,0.007,0.6,1.12,0,0,0,0.0035,Low,0
SYN-09379,86,1,84,161,95,37.1,99.3,18,33.5,148,243,0.001,1.4,1.45,1,1,0,0.7458,High,1
SYN-03212,53,1,55,113,67,37.1,97.8,15,24.8,89,240,0.002,0.4,1.33,0,0,0,0.0145,Low,0
SYN-06136,54,1,104,113,69,39.4,95.2,17,21.1,79,177,0.005,9.3,1.31,0,0,0,0.044,Low,0
SYN-03457,58,1,76,107,66,36.1,99.8,16,21.1,96,225,0.006,0.8,1.31,0,0,1,0.04,Low,0
SYN-02574,57,0,79,143,88,36.7,96.2,19,34.1,124,328,0.002,1.5,1.42,1,1,1,0.7618,High,1
SYN-07522,60,0,90,131,81,36.2,99.1,15,24.9,89,187,0.002,0.2,1.2,0,0,0,0.03,Low,0
SYN-02569,25,1,72,118,63,36.9,98.3,18,30.3,73,195,0.002,1.4,1.12,0,0,0,0.0056,Low,0
SYN-00971,49,1,73,159,92,36.3,97.5,17,28.4,93,179,0.001,0.2,1.66,1,0,0,0.1113,Low,0
SYN-07164,59,0,86,119,71,36.9,97.2,19,26.2,89,181,0.002,5.3,0.97,0,0,0,0.0307,Low,0
SYN-01384,51,1,65,122,69,36.9,99.1,17,24.1,110,218,0.008,2.4,0.89,0,0,0,0.0219,Low,0
SYN-09234,19,0,52,111,66,36.5,97.7,12,29.2,96,212,0.008,0.2,1.13,0,0,0,0.0026,Low,0
SYN-08284,51,0,60,151,77,36.4,97.7,19,35.9,84,223,0.002,1.7,1.1,1,0,1,0.3125,Moderate,0
SYN-08866,54,1,66,138,77,36.9,97.8,17,30.6,95,173,0.002,2.9,1.09,0,0,0,0.0364,Low,0
SYN-06819,56,0,70,123,63,37.2,97.3,17,20.9,70,229,1.804,1.4,1.09,0,0,0,1.0,High,1
SYN-09339,47,0,74,108,71,38.2,93.9,16,25.7,106,188,0.01,23.2,1.37,0,0,0,0.053,Low,0
SYN-08848,18,1,68,112,62,37.2,96.8,15,25.0,98,202,0.002,1.7,1.26,0,0,0,0.0037,Low,0
SYN-00929,50,1,65,128,78,36.7,97.6,23,34.7,119,250,1.263,1.1,1.34,0,1,0,1.0,High,1
SYN-05315,54,0,79,112,75,37.5,98.3,18,21.7,97,227,0.002,1.9,1.17,0,0,0,0.0172,Low,0
SYN-04200,59,0,75,119,79,36.4,98.9,18,24.1,208,223,0.004,0.8,0.97,0,1,0,0.0941,Low,0
SYN-08931,68,0,68,153,85,36.3,99.1,15,28.9,88,246,0.031,3.9,1.34,1,0,0,0.3821,Moderate,0
SYN-04445,56,1,69,113,57,36.9,97.3,16,19.9,88,208,0.006,0.8,1.33,0,0,0,0.0203,Low,0
SYN-00080,49,0,67,107,61,36.5,98.5,18,22.5,80,219,0.001,1.6,1.27,0,0,0,0.0086,Low,0
SYN-07378,24,0,59,116,68,36.6,97.3,13,24.6,85,250,0.001,1.8,0.94,0,0,1,0.006,Low,0
SYN-07967,51,0,86,132,66,35.6,98.0,10,30.5,71,207,0.026,0.9,1.3,0,0,0,0.0548,Low,0
SYN-01835,63,1,97,122,73,38.5,93.2,24,28.5,106,238,0.002,10.6,1.24,0,0,0,0.2032,Low,0
SYN-05895,54,1,80,127,68,36.4,99.7,13,26.9,173,223,0.01,0.6,1.14,0,1,0,0.1023,Low,0
SYN-09666,58,1,81,141,82,37.0,97.6,18,28.6,127,242,0.005,2.2,1.65,1,1,1,0.7264,High,1
SYN-04138,57,1,61,131,91,36.6,97.8,16,22.9,89,209,0.004,1.2,1.52,0,0,0,0.0345,Low,0
SYN-08741,61,0,76,141,81,37.0,96.6,19,27.8,73,205,0.019,1.1,1.02,0,0,1,0.1897,Low,0
SYN-01541,50,1,52,131,81,36.9,97.8,16,25.0,95,218,0.008,2.5,1.33,0,0,0,0.0288,Low,0
SYN-05461,63,0,64,149,88,36.7,98.7,16,27.1,110,178,0.02,7.2,0.94,0,0,0,0.1141,Low,0
SYN-02385,65,1,83,147,73,37.1,97.8,18,26.4,166,244,0.008,0.3,1.0,1,1,0,0.4388,Moderate,0
SYN-00303,68,0,81,144,82,36.3,98.3,16,25.7,66,275,0.01,0.7,1.54,1,0,0,0.1964,Low,0
SYN-02105,50,0,68,112,76,36.6,98.9,15,29.6,129,196,0.005,0.9,0.99,0,1,0,0.0261,Low,0
SYN-08538,86,1,88,130,72,37.0,97.8,17,23.2,183,208,0.021,3.5,1.64,0,1,0,0.6584,High,1
SYN-05117,67,1,87,168,92,38.6,97.8,18,35.5,96,219,0.002,25.9,1.45,1,0,1,0.8948,High,1
SYN-01486,41,0,65,112,65,36.2,98.6,13,24.1,91,211,0.007,0.2,1.33,0,0,0,0.0074,Low,0
SYN-07011,31,0,68,107,73,36.3,100.0,18,28.6,122,191,0.001,0.4,1.09,0,0,0,0.0045,Low,0
SYN-02003,61,0,88,157,79,36.7,98.2,20,32.7,122,249,0.013,2.9,1.4,1,1,0,0.5709,Moderate,1
SYN-02742,64,1,71,136,73,36.7,96.1,23,28.7,65,254,0.006,0.2,1.33,0,0,1,0.2126,Low,0
SYN-08389,61,1,90,145,74,36.6,98.5,14,24.7,91,210,0.005,1.5,1.37,0,0,0,0.0788,Low,0
SYN-07700,64,0,85,153,87,36.3,97.9,16,30.5,79,228,0.026,1.1,1.55,1,0,1,0.7537,High,1
SYN-03046,48,0,73,122,70,37.4,96.9,15,22.5,86,257,0.003,3.0,0.84,0,0,1,0.0301,Low,0
SYN-07600,69,1,62,140,84,36.7,98.1,17,28.2,81,228,0.001,0.7,1.44,0,0,1,0.1465,Low,0
SYN-06366,48,0,102,149,80,36.8,98.1,15,33.3,194,218,0.004,1.2,1.36,1,1,0,0.3555,Moderate,0
SYN-01317,51,1,91,130,58,36.5,97.5,19,33.5,161,218,0.016,0.6,1.31,0,1,0,0.2615,Low,0
SYN-08841,22,1,52,148,77,36.5,97.1,21,36.2,78,233,0.003,3.7,1.51,1,0,0,0.0408,Low,0
SYN-03130,60,0,74,139,77,36.6,98.9,15,27.0,85,205,0.003,1.9,1.44,1,0,0,0.0729,Low,0
SYN-07664,40,1,68,111,66,36.9,99.6,11,28.7,84,223,0.023,1.6,1.21,0,0,0,0.0154,Low,0
SYN-04959,64,1,94,156,94,37.1,98.4,16,30.2,101,293,0.001,0.7,1.42,1,0,0,0.2962,Low,0
SYN-05430,90,0,64,144,79,36.4,95.3,15,41.4,197,302,0.015,1.0,1.45,0,1,0,0.8142,High,1
SYN-04717,68,0,82,159,84,36.8,100.0,13,31.4,102,252,0.01,2.3,1.09,1,1,0,0.369,Moderate,0
SYN-08806,81,0,93,157,83,38.6,98.9,16,29.3,162,216,0.001,48.0,1.56,1,1,0,0.9107,High,1
SYN-00897,43,1,80,138,82,36.9,98.4,13,32.1,83,224,0.005,3.6,1.45,1,0,0,0.0614,Low,0
SYN-07913,51,0,74,108,61,37.4,98.9,15,30.4,169,237,0.001,6.3,1.1,0,1,0,0.0476,Low,0
SYN-02652,24,0,100,115,66,38.7,98.0,14,25.1,92,223,0.803,6.4,1.22,0,0,0,0.9987,High,1
SYN-05891,67,0,78,135,89,36.8,98.2,16,35.9,175,197,0.018,1.5,1.24,0,1,0,0.3539,Moderate,0
SYN-04079,48,0,86,133,69,36.5,98.8,17,27.1,91,242,0.003,0.2,1.13,0,0,0,0.0274,Low,0
SYN-09861,56,1,72,126,76,37.1,98.3,18,29.4,234,248,0.002,2.1,0.94,0,1,0,0.1706,Low,0
SYN-03076,40,1,78,97,65,37.1,96.8,16,30.9,209,235,0.016,1.6,1.01,0,1,0,0.0726,Low,0
SYN-07161,53,0,68,127,82,36.7,99.2,16,33.1,115,237,0.004,3.5,1.04,0,0,0,0.033,Low,0
SYN-00942,68,1,57,136,82,36.6,96.6,15,28.0,103,279,0.001,0.3,1.24,0,0,0,0.077,Low,0
SYN-08222,44,0,107,132,69,37.0,97.4,16,31.4,106,224,0.008,2.3,0.9,0,0,0,0.0462,Low,0
SYN-08122,69,1,79,160,88,37.3,98.6,12,27.5,191,297,0.022,0.5,1.37,1,1,0,0.7532,High,1
SYN-02760,68,1,79,165,96,36.8,96.8,18,30.6,132,226,0.013,0.7,1.42,1,1,1,0.9118,High,1
SYN-03526,79,1,69,154,87,36.9,96.2,20,33.9,188,251,0.02,0.5,1.69,0,1,0,0.8191,High,1
SYN-02753,28,0,99,134,79,37.0,99.5,19,28.1,141,170,1.25,1.7,1.13,0,1,0,1.0,High,1
SYN-05706,58,1,78,144,80,37.5,93.7,18,35.9,142,286,0.03,6.3,1.17,0,1,0,0.6584,High,1
SYN-04229,43,0,70,135,86,36.8,98.1,12,31.4,178,226,0.014,2.5,1.32,0,1,0,0.1086,Low,0
SYN-02027,63,1,107,156,79,36.7,99.6,20,22.6,73,258,0.011,3.6,1.76,1,0,0,0.3881,Moderate,0
SYN-09243,24,0,74,110,64,37.1,98.7,17,25.2,89,238,0.001,2.7,0.86,0,0,0,0.0032,Low,0
SYN-03854,48,1,85,165,78,36.6,98.0,12,35.6,139,248,0.964,0.7,1.39,1,1,0,1.0,High,1
SYN-03516,49,0,85,148,81,37.0,98.3,14,33.7,234,248,0.01,4.2,1.27,1,1,0,0.4679,Moderate,0
SYN-04497,46,0,82,150,70,36.9,99.1,16,24.7,93,169,0.001,0.9,1.08,1,0,0,0.0378,Low,0
SYN-09897,52,1,70,115,68,36.0,98.7,15,30.9,75,169,0.005,2.1,1.38,0,0,0,0.0178,Low,0
SYN-01963,50,1,68,155,84,37.0,97.8,14,32.1,77,230,0.001,1.1,1.45,1,0,0,0.0903,Low,0
SYN-00633,48,1,67,109,67,36.9,97.7,17,27.4,95,211,0.002,2.0,1.35,0,0,0,0.0154,Low,0
